Horas_Estudio,Asistencia,Involucración_Padres,Acceso_Recursos,Actividades_Extraescolares,Horas_Sueño,Puntuación_Anterior,Nivel_Motivación,Acceso_Internet,Tutorías,Ingreso_Familiar,Calidad_Profesorado,Tipo_Centro,Influencia_Compañeros,Actividad_Física,Problemas_Aprendizaje,Nivel_Educación_Padres,Distancia_Vivienda,Género,Puntuación,Niveles_Rendimiento,Niveles_Previos_Rto
23,84,Bajo,Alto,No,7,73,Bajo,Sí,0,Bajo,Medio,Público,Positiva,3,No,Instituto,Cercana,Hombre,67,2,3
19,64,Bajo,Medio,No,8,59,Bajo,Sí,2,Medio,Medio,Público,Negativa,4,No,Universidad,Moderada,Mujer,61,1,1
24,98,Medio,Medio,Sí,7,91,Medio,Sí,2,Medio,Medio,Público,Neutral,4,No,Postgrado,Cercana,Hombre,74,3,5
29,89,Bajo,Medio,Sí,8,98,Medio,Sí,1,Medio,Medio,Público,Negativa,4,No,Instituto,Moderada,Hombre,71,2,5
19,92,Medio,Medio,Sí,6,65,Medio,Sí,3,Medio,Alto,Público,Neutral,4,No,Universidad,Cercana,Mujer,70,2,2
19,88,Medio,Medio,Sí,8,89,Medio,Sí,3,Medio,Medio,Público,Positiva,3,No,Postgrado,Cercana,Hombre,71,2,4
29,84,Medio,Bajo,Sí,7,68,Bajo,Sí,1,Bajo,Medio,Privado,Neutral,2,No,Instituto,Moderada,Hombre,67,2,2
25,78,Bajo,Alto,Sí,6,50,Medio,Sí,1,Alto,Alto,Público,Negativa,2,No,Instituto,Lejana,Hombre,66,2,1
17,94,Medio,Alto,No,6,80,Alto,Sí,0,Medio,Bajo,Privado,Neutral,1,No,Universidad,Cercana,Hombre,69,2,4
23,98,Medio,Medio,Sí,8,71,Medio,Sí,0,Alto,Alto,Público,Positiva,5,No,Instituto,Moderada,Hombre,72,2,3
17,80,Bajo,Alto,No,8,88,Medio,No,4,Medio,Alto,Privado,Neutral,4,No,Universidad,Moderada,Hombre,68,2,4
17,97,Medio,Alto,Sí,6,87,Bajo,Sí,2,Bajo,Alto,Privado,Neutral,2,No,Instituto,Cercana,Hombre,71,2,4
21,83,Medio,Medio,Sí,8,97,Bajo,Sí,2,Medio,Medio,Público,Positiva,4,No,Instituto,Cercana,Hombre,70,2,5
9,82,Medio,Medio,Sí,8,72,Medio,Sí,2,Medio,Medio,Privado,Positiva,3,No,Postgrado,Cercana,Hombre,66,2,3
10,78,Medio,Alto,Sí,8,74,Medio,Sí,1,Bajo,Medio,Privado,Neutral,4,No,Postgrado,Cercana,Hombre,65,2,3
17,68,Medio,Medio,No,8,70,Medio,Sí,2,Medio,Medio,Privado,Positiva,4,No,Instituto,Cercana,Mujer,64,1,2
14,60,Medio,Bajo,Sí,10,65,Bajo,Sí,0,Alto,Medio,Privado,Positiva,3,No,Universidad,Cercana,Hombre,60,1,2
22,70,Bajo,Medio,Sí,6,82,Medio,Sí,1,Bajo,Alto,Público,Neutral,3,No,Instituto,Cercana,Mujer,65,2,4
15,80,Medio,Medio,Sí,9,91,Bajo,Sí,3,Bajo,Medio,Público,Positiva,2,No,Universidad,Moderada,Mujer,67,2,5
12,75,Medio,Alto,Sí,7,58,Medio,Sí,3,Medio,Medio,Privado,Positiva,4,No,Universidad,Cercana,Hombre,66,2,1
29,78,Medio,Medio,No,5,99,Alto,Sí,0,Alto,Medio,Público,Negativa,1,No,Instituto,Moderada,Mujer,69,2,5
19,99,Medio,Alto,No,6,84,Medio,Sí,1,Medio,Alto,Público,Neutral,3,No,Instituto,Cercana,Hombre,72,2,4
20,74,Medio,Alto,No,8,89,Bajo,Sí,1,Medio,Medio,Público,Negativa,2,No,Universidad,Moderada,Mujer,66,2,4
11,78,Alto,Medio,Sí,8,100,Alto,Sí,1,Bajo,Medio,Público,Neutral,3,No,Instituto,Moderada,Hombre,66,2,5
17,65,Bajo,Alto,Sí,5,75,Medio,Sí,2,Bajo,Medio,Público,Positiva,3,No,Instituto,Cercana,Mujer,63,1,3
21,62,Alto,Bajo,Sí,6,54,Alto,Sí,0,Alto,Alto,Público,Positiva,3,No,Postgrado,Lejana,Hombre,64,1,1
13,91,Bajo,Medio,No,6,90,Medio,Sí,1,Alto,Medio,Público,Negativa,2,Sí,Instituto,Moderada,Mujer,65,2,5
22,83,Alto,Alto,Sí,6,94,Medio,Sí,0,Alto,Medio,Público,Neutral,2,No,Universidad,Moderada,Hombre,71,2,5
16,90,Medio,Medio,No,4,58,Medio,Sí,1,Bajo,Medio,Público,Neutral,3,No,Instituto,Moderada,Mujer,66,2,1
18,66,Alto,Alto,No,4,51,Bajo,Sí,2,Bajo,Medio,Privado,Neutral,2,No,Universidad,Cercana,Hombre,64,1,1
16,83,Bajo,Medio,No,6,57,Medio,Sí,0,Alto,Bajo,Público,Positiva,4,Sí,Instituto,Cercana,Mujer,63,1,1
31,70,Medio,Alto,Sí,7,66,Medio,Sí,1,Alto,Medio,Público,Negativa,3,No,Universidad,Cercana,Hombre,69,2,2
20,69,Medio,Medio,Sí,8,96,Medio,Sí,2,Medio,Alto,Público,Positiva,3,No,Instituto,Cercana,Hombre,67,2,5
14,60,Alto,Medio,No,5,50,Medio,Sí,2,Medio,Medio,Público,Neutral,3,No,Universidad,Cercana,Mujer,61,1,1
25,65,Alto,Medio,No,5,90,Medio,Sí,2,Medio,Medio,Público,Positiva,3,No,Universidad,Moderada,Mujer,68,2,5
13,72,Bajo,Medio,No,6,93,Bajo,Sí,1,Bajo,Medio,Público,Negativa,3,No,Instituto,Cercana,Hombre,61,1,5
21,65,Medio,Bajo,Sí,7,91,Bajo,Sí,2,Medio,Alto,Público,Positiva,3,No,Instituto,Lejana,Mujer,64,1,5
8,99,Medio,Medio,No,9,54,Bajo,Sí,2,Bajo,Medio,Público,Neutral,5,No,Postgrado,Cercana,Mujer,67,2,1
12,72,Bajo,Medio,Sí,8,84,Medio,Sí,1,Bajo,Medio,Público,Positiva,5,No,Instituto,Cercana,Mujer,63,1,4
21,65,Bajo,Medio,Sí,6,98,Bajo,Sí,1,Medio,Alto,Público,Negativa,4,No,Instituto,Cercana,Hombre,64,1,5
24,68,Alto,Medio,No,8,56,Bajo,Sí,3,Alto,Alto,Público,Neutral,1,No,Universidad,Cercana,Hombre,67,2,1
21,84,Medio,Medio,Sí,6,52,Bajo,Sí,1,Medio,Alto,Público,Neutral,2,Sí,Universidad,Lejana,Mujer,65,2,1
19,63,Bajo,Alto,No,7,94,Medio,Sí,1,Medio,Medio,Privado,Positiva,3,No,Instituto,Moderada,Hombre,64,1,5
18,94,Medio,Alto,Sí,7,82,Medio,Sí,3,Medio,Medio,Privado,Negativa,2,Sí,Universidad,Cercana,Hombre,70,2,4
11,98,Medio,Medio,Sí,9,82,Bajo,Sí,1,Medio,Medio,Privado,Positiva,3,No,Postgrado,Lejana,Hombre,68,2,4
16,70,Medio,Medio,Sí,8,98,Medio,Sí,2,Medio,Medio,Público,Positiva,3,No,Instituto,Moderada,Hombre,65,2,5
17,78,Medio,Medio,Sí,6,88,Medio,Sí,1,Medio,Alto,Privado,Positiva,3,No,Universidad,Cercana,Mujer,68,2,4
26,61,Medio,Bajo,Sí,6,70,Medio,Sí,2,Bajo,Medio,Público,Positiva,3,No,Instituto,Moderada,Mujer,64,1,2
22,86,Bajo,Medio,Sí,7,72,Bajo,Sí,3,Bajo,Alto,Público,Positiva,2,No,Instituto,Moderada,Hombre,68,2,3
9,77,Medio,Medio,No,5,57,Medio,Sí,2,Medio,Alto,Público,Neutral,3,No,Instituto,Cercana,Hombre,63,1,1
22,71,Bajo,Medio,Sí,7,65,Bajo,Sí,1,Medio,Bajo,Público,Positiva,4,No,Universidad,Moderada,Hombre,64,1,2
18,68,Alto,Medio,No,7,72,Medio,Sí,0,Medio,Medio,Público,Neutral,3,No,Universidad,Cercana,Hombre,64,1,3
16,86,Bajo,Medio,Sí,8,63,Medio,Sí,2,Medio,Medio,Público,Positiva,4,No,Instituto,Cercana,Hombre,67,2,2
24,77,Alto,Bajo,No,8,96,Medio,Sí,0,Medio,Medio,Público,Neutral,3,No,Instituto,Cercana,Mujer,67,2,5
26,67,Medio,Alto,Sí,7,51,Bajo,Sí,2,Alto,Alto,Privado,Neutral,4,Sí,Postgrado,Lejana,Mujer,66,2,1
26,88,Medio,Alto,Sí,5,79,Medio,Sí,1,Bajo,Alto,Privado,Positiva,4,No,Universidad,Moderada,Hombre,72,2,3
15,83,Medio,Alto,No,5,89,Bajo,No,1,Medio,Alto,Público,Neutral,2,Sí,Instituto,Cercana,Mujer,65,2,4
18,94,Medio,Medio,Sí,6,87,Alto,Sí,1,Medio,Medio,Público,Positiva,4,No,Instituto,Cercana,Hombre,71,2,4
22,65,Alto,Bajo,No,8,82,Medio,Sí,2,Medio,Alto,Público,Positiva,1,No,Postgrado,Cercana,Mujer,66,2,4
26,91,Medio,Bajo,Sí,8,71,Medio,Sí,0,Bajo,Medio,Privado,Neutral,3,No,Instituto,Moderada,Hombre,68,2,3
17,87,Medio,Medio,No,7,96,Medio,Sí,1,Alto,Medio,Público,Negativa,5,No,Postgrado,Cercana,Mujer,70,2,5
19,65,Medio,Medio,Sí,10,66,Bajo,Sí,0,Bajo,Medio,Público,Positiva,3,No,Instituto,Moderada,Hombre,62,1,2
13,88,Bajo,Alto,Sí,9,88,Alto,Sí,2,Bajo,Alto,Privado,Negativa,4,No,Postgrado,Lejana,Hombre,68,2,4
13,78,Medio,Alto,Sí,9,96,Alto,Sí,2,Bajo,Medio,Público,Neutral,3,No,Universidad,Moderada,Hombre,67,2,5
25,98,Bajo,Alto,Sí,8,56,Medio,No,0,Medio,Alto,Privado,Neutral,3,No,Postgrado,Cercana,Hombre,71,2,1
28,66,Medio,Alto,Sí,8,97,Medio,Sí,0,Medio,Medio,Público,Neutral,2,No,Instituto,Cercana,Hombre,68,2,5
20,86,Medio,Medio,Sí,8,89,Medio,Sí,1,Bajo,Medio,Público,Negativa,3,No,Postgrado,Cercana,Hombre,69,2,4
26,75,Bajo,Alto,Sí,4,81,Alto,Sí,3,Medio,Alto,Privado,Positiva,2,No,Instituto,Moderada,Hombre,70,2,4
22,98,Medio,Alto,No,5,69,Bajo,No,1,Bajo,Alto,Público,Negativa,4,No,Instituto,Moderada,Mujer,69,2,2
16,73,Medio,Medio,No,7,95,Medio,Sí,1,Bajo,Medio,Público,Negativa,4,No,Universidad,Cercana,Hombre,65,2,5
22,98,Medio,Bajo,Sí,7,52,Medio,No,3,Medio,Medio,Público,Positiva,3,No,Universidad,Cercana,Mujer,70,2,1
29,96,Medio,Bajo,Sí,7,72,Medio,Sí,1,Bajo,Medio,Público,Positiva,3,No,Instituto,Moderada,Hombre,71,2,3
20,71,Medio,Medio,Sí,7,88,Medio,Sí,1,Bajo,Bajo,Público,Neutral,4,No,Universidad,Cercana,Mujer,65,2,4
29,92,Bajo,Medio,No,4,91,Medio,Sí,2,Medio,Medio,Público,Negativa,1,No,Postgrado,Cercana,Mujer,72,2,5
4,100,Alto,Alto,Sí,8,60,Alto,Sí,0,Medio,Alto,Privado,Positiva,4,No,Universidad,Moderada,Hombre,69,2,1
25,70,Medio,Medio,No,7,52,Medio,Sí,1,Medio,Medio,Público,Positiva,3,No,Postgrado,Cercana,Mujer,66,2,1
21,77,Bajo,Medio,Sí,7,90,Medio,Sí,4,Medio,Medio,Privado,Neutral,3,No,Postgrado,Moderada,Hombre,68,2,5
18,81,Alto,Bajo,Sí,8,71,Medio,Sí,0,Medio,Medio,Público,Neutral,3,No,Instituto,Moderada,Mujer,65,2,3
21,72,Medio,Medio,Sí,5,57,Medio,Sí,1,Alto,Medio,Público,Neutral,5,Sí,Universidad,Moderada,Hombre,64,1,1
8,61,Medio,Medio,Sí,7,54,Medio,Sí,1,Alto,Medio,Público,Positiva,3,No,Universidad,Cercana,Hombre,60,1,1
19,69,Medio,Alto,Sí,7,82,Alto,Sí,1,Bajo,Medio,Público,Negativa,2,No,Instituto,Cercana,Hombre,65,2,4
22,71,Alto,Medio,No,6,79,Alto,Sí,1,Bajo,Bajo,Público,Positiva,3,No,Instituto,Cercana,Hombre,66,2,3
29,78,Alto,Alto,Sí,4,93,Bajo,Sí,5,Medio,Alto,Público,Neutral,3,No,Universidad,Cercana,Hombre,74,3,5
17,67,Medio,Medio,Sí,5,52,Alto,Sí,2,Medio,Medio,Privado,Negativa,3,No,Instituto,Lejana,Mujer,62,1,1
15,95,Medio,Medio,No,7,93,Medio,Sí,2,Bajo,Medio,Público,Positiva,4,No,Universidad,Moderada,Hombre,70,2,5
17,88,Medio,Alto,Sí,7,94,Bajo,Sí,0,Medio,Medio,Público,Neutral,3,No,Instituto,Cercana,Hombre,69,2,5
25,63,Medio,Alto,Sí,7,72,Medio,Sí,3,Medio,Alto,Privado,Negativa,4,No,Universidad,Lejana,Hombre,67,2,3
22,86,Bajo,Bajo,No,6,54,Medio,Sí,2,Medio,Medio,Público,Neutral,0,No,Instituto,Moderada,Hombre,64,1,1
17,86,Medio,Alto,No,5,97,Alto,Sí,3,Alto,Medio,Público,Neutral,3,No,Universidad,Cercana,Hombre,71,2,5
23,98,Medio,Bajo,Sí,7,54,Bajo,Sí,0,Medio,Medio,Público,Negativa,3,No,Universidad,Cercana,Mujer,68,2,1
21,60,Alto,Medio,No,7,80,Medio,Sí,0,Medio,Alto,Público,Neutral,4,Sí,Universidad,Cercana,Hombre,64,1,4
26,70,Medio,Bajo,Sí,8,75,Medio,Sí,1,Medio,Bajo,Privado,Neutral,4,Sí,Instituto,Lejana,Mujer,63,1,3
16,97,Medio,Medio,Sí,6,92,Bajo,Sí,0,Alto,Medio,Privado,Positiva,4,No,Universidad,Cercana,Hombre,71,2,5
18,97,Alto,Medio,Sí,4,75,Bajo,Sí,0,Bajo,Medio,Público,Positiva,3,No,Instituto,Moderada,Hombre,69,2,3
18,89,Alto,Medio,Sí,4,73,Medio,Sí,3,Alto,Medio,Privado,Positiva,2,No,Universidad,Cercana,Mujer,100,5,3
11,91,Medio,Medio,No,6,94,Medio,Sí,3,Medio,Medio,Público,Neutral,3,No,Universidad,Moderada,Hombre,68,2,5
22,64,Bajo,Medio,No,7,98,Bajo,No,1,Medio,Medio,Público,Negativa,3,No,Instituto,Cercana,Hombre,62,1,5
22,81,Medio,Medio,Sí,7,77,Bajo,Sí,2,Medio,Medio,Público,Positiva,3,No,Postgrado,Lejana,Mujer,68,2,3
20,69,Alto,Alto,Sí,6,73,Medio,Sí,2,Bajo,Medio,Privado,Positiva,3,No,Instituto,Lejana,Hombre,66,2,3
19,67,Bajo,Medio,No,5,92,Alto,Sí,0,Medio,Medio,Público,Positiva,3,No,Universidad,Cercana,Hombre,64,1,5
12,92,Medio,Medio,No,4,92,Alto,Sí,2,Medio,Alto,Público,Neutral,3,Sí,Instituto,Moderada,Hombre,67,2,5
17,65,Medio,Alto,Sí,8,66,Medio,Sí,1,Alto,Alto,Público,Neutral,4,Sí,Postgrado,Moderada,Mujer,65,2,2
18,79,Medio,Medio,Sí,7,79,Medio,Sí,0,Bajo,Alto,Privado,Neutral,3,No,Universidad,Lejana,Hombre,65,2,3
15,98,Alto,Medio,No,6,58,Alto,Sí,0,Bajo,Alto,Público,Positiva,3,No,Universidad,Cercana,Hombre,69,2,1
19,67,Medio,Medio,No,5,82,Alto,Sí,1,Bajo,Bajo,Privado,Negativa,3,No,Instituto,Cercana,Hombre,63,1,4
22,99,Medio,Bajo,Sí,6,92,Bajo,Sí,3,Medio,Medio,Público,Negativa,4,No,Postgrado,Moderada,Hombre,72,2,5
31,100,Medio,Medio,No,7,59,Medio,Sí,2,Alto,Alto,Público,Positiva,5,No,Postgrado,Moderada,Hombre,76,3,1
21,82,Medio,Alto,Sí,7,66,Alto,Sí,3,Bajo,Medio,Público,Positiva,3,Sí,Universidad,Cercana,Mujer,69,2,2
22,67,Medio,Medio,Sí,7,72,Alto,Sí,3,Bajo,Alto,Público,Positiva,2,No,Postgrado,Moderada,Mujer,67,2,3
20,73,Alto,Medio,Sí,9,92,Medio,Sí,2,Medio,Alto,Público,Positiva,3,No,Universidad,Cercana,Hombre,69,2,5
8,77,Alto,Medio,Sí,6,87,Medio,Sí,0,Bajo,Medio,Público,Neutral,2,No,Instituto,Moderada,Hombre,63,1,4
20,72,Medio,Medio,No,9,66,Medio,Sí,3,Bajo,Alto,Privado,Positiva,3,No,Postgrado,Cercana,Hombre,67,2,2
20,71,Bajo,Alto,Sí,7,62,Alto,Sí,2,Medio,Medio,Público,Negativa,5,No,Universidad,Cercana,Hombre,66,2,2
35,99,Alto,Alto,Sí,7,85,Bajo,Sí,2,Medio,Alto,Privado,Neutral,2,No,Postgrado,Cercana,Mujer,79,3,4
19,66,Medio,Medio,No,8,74,Medio,Sí,1,Alto,Medio,Público,Neutral,3,No,Instituto,Cercana,Mujer,64,1,3
22,89,Alto,Alto,Sí,6,80,Medio,Sí,1,Alto,Alto,Público,Positiva,3,No,Instituto,Cercana,Mujer,73,2,4
20,60,Bajo,Alto,No,7,82,Alto,Sí,2,Bajo,Alto,Público,Positiva,4,Sí,Instituto,Cercana,Hombre,63,1,4
13,84,Medio,Medio,No,5,78,Medio,Sí,1,Bajo,Alto,Público,Positiva,2,No,Instituto,Cercana,Hombre,65,2,3
27,97,Bajo,Alto,Sí,8,81,Medio,Sí,0,Alto,Medio,Público,Positiva,5,No,Instituto,Cercana,Mujer,73,2,4
25,72,Alto,Alto,Sí,8,94,Bajo,Sí,2,Bajo,Medio,Privado,Positiva,4,No,Universidad,Moderada,Mujer,70,2,5
25,67,Alto,Medio,No,9,93,Alto,Sí,2,Bajo,Alto,Público,Positiva,3,Sí,Instituto,Cercana,Mujer,68,2,5
15,86,Medio,Medio,Sí,7,57,Medio,Sí,1,Medio,Medio,Público,Negativa,3,No,Universidad,Cercana,Hombre,65,2,1
28,89,Bajo,Alto,Sí,9,79,Alto,Sí,0,Bajo,Medio,Privado,Positiva,1,No,Universidad,Moderada,Mujer,71,2,3
12,88,Bajo,Medio,No,6,72,Bajo,Sí,2,Medio,Medio,Público,Positiva,2,No,Universidad,Lejana,Hombre,64,1,3
24,73,Medio,Alto,Sí,8,64,Medio,Sí,4,Alto,Medio,Privado,Neutral,3,Sí,Universidad,Moderada,Hombre,68,2,2
33,70,Medio,Medio,Sí,6,82,Bajo,Sí,1,Bajo,Alto,Público,Neutral,4,No,Universidad,Cercana,Hombre,69,2,4
14,98,Medio,Medio,No,7,76,Medio,Sí,0,Medio,Alto,Privado,Positiva,4,No,Universidad,Moderada,Mujer,69,2,3
17,97,Medio,Medio,No,8,89,Medio,Sí,1,Bajo,Medio,Público,Neutral,4,No,Instituto,Lejana,Hombre,69,2,4
21,78,Medio,Medio,Sí,10,55,Medio,Sí,1,Alto,Bajo,Privado,Positiva,2,No,Universidad,Cercana,Hombre,67,2,1
17,94,Bajo,Medio,Sí,8,65,Bajo,Sí,4,Medio,Medio,Público,Neutral,6,No,Instituto,Lejana,Mujer,68,2,2
11,78,Medio,Alto,Sí,8,51,Medio,Sí,2,Bajo,Medio,Público,Neutral,3,No,Postgrado,Cercana,Hombre,64,1,1
20,77,Medio,Medio,No,6,87,Bajo,Sí,0,Bajo,Alto,Público,Positiva,4,No,Instituto,Cercana,Mujer,66,2,4
14,66,Alto,Bajo,No,7,96,Medio,Sí,3,Bajo,Alto,Público,Negativa,3,No,Instituto,Cercana,Hombre,63,1,5
23,77,Medio,Medio,Sí,7,79,Medio,Sí,0,Bajo,Alto,Público,Neutral,2,No,Instituto,Moderada,Hombre,66,2,3
14,81,Medio,Medio,No,9,81,Medio,Sí,1,Bajo,Alto,Privado,Negativa,3,No,Postgrado,Cercana,Mujer,66,2,4
29,61,Medio,Alto,Sí,7,52,Bajo,Sí,3,Bajo,Medio,Privado,Positiva,3,No,Universidad,Cercana,Mujer,67,2,1
15,78,Alto,Alto,No,9,75,Bajo,Sí,1,Bajo,Medio,Público,Negativa,1,No,Instituto,Cercana,Hombre,65,2,3
18,91,Bajo,Medio,Sí,5,76,Medio,Sí,1,Medio,Medio,Público,Neutral,3,No,Instituto,Cercana,Mujer,68,2,3
25,87,Medio,Bajo,No,9,52,Alto,Sí,1,Bajo,Alto,Privado,Positiva,2,No,Instituto,Cercana,Hombre,68,2,1
13,85,Alto,Medio,No,6,89,Medio,Sí,0,Alto,Medio,Privado,Neutral,1,Sí,Instituto,Cercana,Hombre,65,2,4
21,96,Medio,Medio,No,8,64,Alto,Sí,2,Medio,Alto,Público,Neutral,0,No,Universidad,Cercana,Hombre,71,2,2
28,61,Medio,Alto,No,6,86,Alto,Sí,1,Bajo,Medio,Privado,Negativa,3,Sí,Postgrado,Lejana,Hombre,65,2,4
10,82,Medio,Bajo,No,8,70,Medio,Sí,3,Bajo,Alto,Público,Positiva,1,Sí,Postgrado,Cercana,Mujer,64,1,2
21,91,Alto,Medio,No,6,100,Medio,Sí,0,Alto,Medio,Privado,Neutral,2,No,Postgrado,Cercana,Mujer,72,2,5
22,82,Medio,Medio,No,9,61,Medio,Sí,2,Bajo,Medio,Público,Negativa,2,Sí,Instituto,Cercana,Mujer,65,2,2
25,73,Medio,Alto,No,8,53,Alto,No,0,Bajo,Alto,Privado,Negativa,5,No,Postgrado,Cercana,Mujer,66,2,1
13,65,Bajo,Alto,No,6,99,Medio,Sí,0,Bajo,Medio,Privado,Negativa,4,No,Instituto,Cercana,Hombre,61,1,5
12,96,Bajo,Alto,Sí,8,62,Medio,Sí,2,Medio,Alto,Público,Negativa,3,No,Universidad,Cercana,Mujer,68,2,2
23,79,Alto,Alto,Sí,8,82,Bajo,Sí,3,Medio,Medio,Público,Negativa,3,Sí,Postgrado,Moderada,Mujer,69,2,4
22,95,Medio,Alto,Sí,6,69,Medio,Sí,1,Bajo,Medio,Público,Positiva,3,No,Universidad,Cercana,Mujer,72,2,2
22,83,Medio,Alto,Sí,5,82,Medio,Sí,2,Bajo,Alto,Público,Positiva,3,No,Postgrado,Cercana,Mujer,71,2,4
22,87,Alto,Alto,No,5,80,Bajo,Sí,2,Bajo,Alto,Público,Negativa,3,No,Instituto,Cercana,Mujer,70,2,4
16,92,Medio,Alto,Sí,5,85,Bajo,Sí,1,Bajo,Medio,Público,Neutral,2,No,Instituto,Moderada,Hombre,68,2,4
21,86,Bajo,Medio,Sí,5,51,Medio,Sí,2,Bajo,Alto,Público,Positiva,2,No,Instituto,Moderada,Mujer,67,2,1
22,76,Medio,Medio,Sí,8,92,Medio,Sí,1,Bajo,Alto,Público,Neutral,4,No,Instituto,Cercana,Mujer,68,2,5
16,81,Medio,Medio,Sí,8,74,Medio,Sí,3,Medio,Medio,Público,Positiva,2,No,Postgrado,Cercana,Mujer,68,2,3
31,92,Medio,Medio,Sí,4,76,Medio,Sí,2,Medio,Alto,Público,Positiva,4,Sí,Instituto,Lejana,Hombre,72,2,3
23,75,Bajo,Alto,No,6,71,Bajo,Sí,0,Medio,Medio,Público,Neutral,2,No,Universidad,Cercana,Hombre,65,2,3
13,76,Medio,Alto,No,5,99,Bajo,Sí,2,Medio,Medio,Privado,Positiva,4,No,Instituto,Cercana,Mujer,66,2,5
24,64,Medio,Medio,Sí,8,90,Alto,Sí,0,Bajo,Alto,Público,Negativa,3,No,Instituto,Cercana,Hombre,65,2,5
14,97,Medio,Medio,Sí,6,66,Medio,Sí,2,Medio,Medio,Público,Negativa,3,Sí,Universidad,Cercana,Mujer,67,2,2
25,64,Medio,Alto,No,5,89,Bajo,Sí,2,Medio,Medio,Público,Neutral,4,No,Universidad,Lejana,Hombre,66,2,4
27,86,Medio,Medio,No,7,72,Bajo,Sí,1,Medio,Alto,Público,Positiva,4,No,Instituto,Lejana,Hombre,69,2,3
15,77,Medio,Medio,Sí,8,94,Bajo,Sí,0,Alto,Alto,Público,Positiva,3,No,Universidad,Moderada,Hombre,66,2,5
26,76,Medio,Alto,Sí,6,52,Medio,Sí,4,Alto,Bajo,Público,Neutral,3,No,Instituto,Cercana,Hombre,69,2,1
22,87,Alto,Bajo,Sí,7,68,Medio,No,0,Bajo,Medio,Público,Neutral,2,No,Instituto,Cercana,Hombre,67,2,2
25,63,Alto,Medio,Sí,6,71,Medio,Sí,1,Medio,Bajo,Privado,Positiva,3,No,Instituto,Cercana,Hombre,66,2,3
31,84,Medio,Medio,Sí,9,87,Medio,Sí,2,Bajo,Medio,Privado,Neutral,3,No,Universidad,Lejana,Hombre,71,2,4
19,91,Alto,Bajo,No,6,59,Medio,Sí,5,Medio,Alto,Público,Neutral,4,No,Universidad,Moderada,Hombre,70,2,1
15,93,Alto,Medio,No,6,64,Medio,Sí,2,Medio,Alto,Público,Positiva,4,No,Postgrado,Cercana,Hombre,71,2,2
15,67,Medio,Medio,Sí,7,86,Alto,Sí,1,Alto,Medio,Privado,Positiva,3,No,Postgrado,Cercana,Hombre,66,2,4
15,96,Medio,Medio,No,7,54,Alto,No,3,Medio,Alto,Público,Negativa,2,No,Instituto,Cercana,Hombre,67,2,1
20,86,Alto,Bajo,No,8,60,Medio,Sí,1,Medio,Medio,Público,Neutral,4,Sí,Universidad,Lejana,Mujer,66,2,1
22,95,Medio,Alto,No,9,88,Bajo,Sí,0,Bajo,Alto,Público,Positiva,2,No,Postgrado,Cercana,Hombre,72,2,4
22,79,Medio,Medio,No,9,94,Medio,Sí,1,Medio,Medio,Público,Positiva,3,No,Instituto,Cercana,Hombre,68,2,5
25,82,Medio,Medio,No,6,86,Medio,No,3,Bajo,Alto,Público,Positiva,3,No,Instituto,Cercana,Mujer,69,2,4
20,97,Medio,Medio,Sí,7,76,Bajo,Sí,2,Bajo,Bajo,Privado,Positiva,3,No,Postgrado,Cercana,Hombre,71,2,3
29,96,Medio,Medio,Sí,9,55,Bajo,No,0,Medio,Medio,Público,Neutral,2,No,Postgrado,Lejana,Mujer,70,2,1
18,78,Medio,Medio,No,9,91,Alto,Sí,2,Alto,Bajo,Público,Neutral,4,No,Universidad,Lejana,Mujer,67,2,5
36,71,Medio,Medio,Sí,6,56,Medio,Sí,2,Alto,Medio,Público,Positiva,2,No,Instituto,Lejana,Hombre,69,2,1
24,76,Bajo,Alto,No,8,69,Bajo,Sí,2,Medio,Medio,Público,Neutral,1,No,Instituto,Moderada,Hombre,65,2,2
15,76,Alto,Alto,No,8,53,Medio,Sí,1,Bajo,Medio,Público,Neutral,4,No,Universidad,Cercana,Hombre,65,2,1
14,71,Medio,Medio,Sí,8,85,Bajo,Sí,2,Medio,Alto,Público,Neutral,4,No,Instituto,Cercana,Hombre,64,1,4
23,71,Bajo,Bajo,Sí,9,75,Bajo,Sí,1,Bajo,Medio,Público,Negativa,2,No,Universidad,Cercana,Hombre,63,1,3
19,94,Bajo,Medio,Sí,5,95,Medio,Sí,3,Bajo,Bajo,Público,Positiva,2,No,Instituto,Moderada,Hombre,69,2,5
24,63,Medio,Bajo,Sí,6,57,Medio,Sí,1,Bajo,Alto,Privado,Neutral,5,No,Universidad,Cercana,Mujer,64,1,1
23,87,Alto,Alto,Sí,8,91,Alto,Sí,0,Alto,Medio,Privado,Positiva,3,No,Instituto,Moderada,Hombre,72,2,5
20,67,Bajo,Medio,Sí,7,76,Medio,Sí,0,Medio,Medio,Público,Neutral,4,No,Instituto,Cercana,Hombre,63,1,3
15,74,Bajo,Alto,Sí,4,68,Bajo,Sí,3,Bajo,Medio,Público,Positiva,3,No,Instituto,Cercana,Mujer,64,1,2
11,62,Medio,Alto,Sí,5,82,Medio,Sí,3,Alto,Medio,Privado,Neutral,4,No,Universidad,Moderada,Hombre,64,1,4
17,71,Medio,Medio,Sí,8,90,Medio,Sí,5,Medio,Medio,Público,Positiva,1,No,Postgrado,Lejana,Hombre,67,2,5
25,91,Medio,Medio,No,8,72,Bajo,Sí,2,Medio,Alto,Público,Positiva,0,No,Postgrado,Cercana,Hombre,71,2,3
21,95,Medio,Medio,No,5,62,Alto,Sí,1,Medio,Bajo,Público,Positiva,4,No,Instituto,Cercana,Hombre,70,2,2
13,69,Medio,Bajo,Sí,9,96,Bajo,Sí,0,Alto,Medio,Privado,Neutral,4,No,Instituto,Lejana,Mujer,61,1,5
21,79,Medio,Alto,Sí,7,66,Bajo,Sí,2,Bajo,Medio,Público,Negativa,4,No,Universidad,Moderada,Hombre,67,2,2
22,79,Alto,Medio,No,5,100,Medio,Sí,4,Alto,Alto,Público,Negativa,3,No,Universidad,Cercana,Hombre,72,2,5
15,95,Bajo,Bajo,Sí,6,88,Bajo,Sí,1,Bajo,Medio,Público,Negativa,5,No,Instituto,Cercana,Hombre,66,2,4
21,91,Medio,Alto,Sí,5,84,Medio,Sí,1,Alto,Bajo,Público,Neutral,2,No,Instituto,Cercana,Hombre,70,2,4
20,81,Alto,Medio,Sí,6,51,Alto,No,3,Medio,Medio,Público,Neutral,4,Sí,Instituto,Cercana,Hombre,67,2,1
13,87,Alto,Bajo,Sí,4,72,Medio,Sí,2,Medio,Alto,Público,Neutral,3,No,Instituto,Moderada,Mujer,67,2,3
22,94,Bajo,Medio,Sí,7,75,Alto,Sí,2,Alto,Medio,Público,Neutral,2,No,Universidad,Cercana,Mujer,71,2,3
23,60,Alto,Medio,Sí,8,69,Medio,Sí,1,Bajo,Medio,Privado,Positiva,4,No,Universidad,Cercana,Hombre,66,2,2
26,76,Medio,Medio,Sí,5,57,Medio,Sí,1,Medio,Medio,Público,Positiva,4,No,Instituto,Cercana,Hombre,68,2,1
26,96,Medio,Medio,Sí,7,68,Medio,Sí,3,Alto,Medio,Privado,Positiva,3,No,Universidad,Cercana,Mujer,74,3,2
12,90,Medio,Bajo,Sí,6,54,Medio,No,1,Alto,Medio,Público,Neutral,3,No,Instituto,Cercana,Hombre,64,1,1
14,82,Medio,Medio,No,8,65,Medio,Sí,1,Bajo,Medio,Privado,Positiva,3,No,Universidad,Cercana,Hombre,65,2,2
23,81,Bajo,Medio,Sí,4,54,Medio,Sí,1,Bajo,Medio,Público,Neutral,3,No,Universidad,Cercana,Hombre,66,2,1
23,74,Medio,Alto,Sí,8,88,Bajo,Sí,0,Medio,Alto,Público,Negativa,3,Sí,Instituto,Cercana,Hombre,66,2,4
23,81,Medio,Bajo,No,4,84,Medio,Sí,2,Medio,Medio,Público,Positiva,5,No,Instituto,Cercana,Hombre,68,2,4
43,86,Alto,Medio,Sí,7,97,Medio,Sí,2,Medio,Alto,Público,Positiva,1,No,Instituto,Cercana,Mujer,78,3,5
23,77,Medio,Alto,Sí,6,69,Bajo,Sí,1,Medio,Medio,Privado,Positiva,2,No,Instituto,Moderada,Mujer,67,2,2
27,89,Medio,Alto,Sí,6,89,Medio,Sí,3,Medio,Medio,Privado,Positiva,3,No,Instituto,Cercana,Hombre,74,3,4
26,94,Medio,Alto,No,5,79,Alto,Sí,1,Bajo,Alto,Público,Positiva,2,No,Postgrado,Cercana,Hombre,74,3,3
24,66,Medio,Bajo,No,9,82,Bajo,Sí,1,Medio,Medio,Público,Neutral,2,Sí,Instituto,Cercana,Mujer,62,1,4
18,78,Alto,Medio,Sí,5,77,Medio,No,2,Medio,Medio,Público,Neutral,4,No,Instituto,Lejana,Hombre,66,2,3
25,76,Medio,Medio,Sí,5,89,Alto,Sí,3,Medio,Alto,Público,Neutral,3,No,Instituto,Lejana,Mujer,69,2,4
15,87,Medio,Alto,Sí,10,52,Medio,Sí,2,Bajo,Alto,Privado,Positiva,3,No,Universidad,Cercana,Hombre,68,2,1
19,70,Medio,Bajo,No,7,54,Alto,Sí,0,Medio,Medio,Público,Positiva,2,Sí,Instituto,Moderada,Hombre,89,4,1
17,86,Alto,Bajo,No,5,55,Bajo,No,2,Alto,Medio,Privado,Neutral,4,No,Universidad,Cercana,Hombre,66,2,1
20,95,Bajo,Medio,Sí,7,64,Bajo,No,2,Medio,Alto,Público,Neutral,3,No,Instituto,Cercana,Mujer,68,2,2
34,77,Medio,Bajo,Sí,7,80,Bajo,Sí,0,Medio,Medio,Público,Positiva,3,No,Instituto,Cercana,Hombre,69,2,4
9,96,Medio,Medio,Sí,4,82,Alto,No,0,Bajo,Medio,Público,Positiva,4,No,Universidad,Cercana,Hombre,67,2,4
24,100,Alto,Alto,Sí,6,86,Bajo,Sí,2,Medio,Medio,Privado,Positiva,5,No,Instituto,Cercana,Hombre,75,3,4
10,64,Medio,Alto,No,7,64,Alto,Sí,0,Medio,Medio,Público,Positiva,4,Sí,Instituto,Moderada,Mujer,60,1,2
17,69,Alto,Medio,Sí,9,83,Medio,Sí,2,Medio,Alto,Privado,Positiva,4,Sí,Universidad,Moderada,Mujer,66,2,4
27,98,Bajo,Alto,Sí,7,56,Bajo,Sí,1,Alto,Medio,Privado,Positiva,3,No,Universidad,Cercana,Mujer,73,2,1
20,98,Medio,Bajo,No,7,50,Bajo,Sí,1,Medio,Alto,Privado,Neutral,2,No,Instituto,Cercana,Mujer,68,2,1
14,64,Medio,Medio,Sí,6,85,Medio,Sí,0,Medio,Medio,Público,Neutral,3,No,Instituto,Cercana,Hombre,62,1,4
16,61,Medio,Medio,No,9,86,Bajo,Sí,2,Bajo,Alto,Público,Positiva,2,No,Instituto,Cercana,Hombre,62,1,4
24,66,Alto,Bajo,Sí,8,81,Alto,Sí,1,Medio,Medio,Público,Neutral,4,No,Instituto,Lejana,Hombre,65,2,4
16,100,Alto,Bajo,Sí,8,63,Alto,Sí,2,Bajo,Medio,Público,Negativa,3,No,Instituto,Moderada,Hombre,69,2,2
21,67,Medio,Medio,No,7,96,Bajo,Sí,3,Bajo,Medio,Público,Neutral,2,No,Instituto,Lejana,Mujer,64,1,5
20,80,Medio,Alto,No,5,94,Medio,Sí,0,Bajo,Bajo,Privado,Positiva,4,Sí,Postgrado,Moderada,Mujer,67,2,5
16,94,Alto,Alto,Sí,9,76,Medio,Sí,0,Bajo,Alto,Público,Neutral,2,No,Instituto,Cercana,Hombre,70,2,3
33,61,Medio,Medio,No,7,99,Alto,Sí,2,Medio,Alto,Público,Neutral,3,No,Universidad,Cercana,Mujer,70,2,5
24,84,Alto,Bajo,No,7,65,Bajo,Sí,3,Medio,Alto,Público,Positiva,3,No,Instituto,Cercana,Mujer,69,2,2
8,71,Alto,Bajo,No,8,75,Medio,Sí,0,Medio,Alto,Público,Positiva,3,No,Instituto,Cercana,Hombre,61,1,3
21,94,Medio,Medio,No,7,96,Bajo,Sí,0,Medio,Medio,Privado,Neutral,2,Sí,Postgrado,Moderada,Hombre,69,2,5
16,71,Alto,Medio,Sí,5,73,Medio,Sí,1,Medio,Medio,Público,Neutral,0,Sí,Instituto,Cercana,Hombre,63,1,3
25,87,Medio,Bajo,Sí,7,74,Bajo,Sí,0,Medio,Alto,Público,Neutral,4,Sí,Instituto,Cercana,Hombre,67,2,3
15,87,Bajo,Medio,No,4,54,Medio,Sí,1,Medio,Medio,Público,Neutral,6,No,Instituto,Moderada,Hombre,65,2,1
19,69,Medio,Medio,Sí,7,61,Alto,Sí,3,Alto,Alto,Público,Neutral,4,No,Instituto,Moderada,Hombre,66,2,2
23,61,Bajo,Medio,No,9,58,Medio,Sí,4,Medio,Medio,Público,Neutral,2,No,Instituto,Cercana,Hombre,63,1,1
25,76,Medio,Alto,Sí,4,78,Medio,Sí,2,Medio,Medio,Privado,Negativa,3,No,Instituto,Moderada,Mujer,68,2,3
13,72,Alto,Alto,No,7,66,Medio,Sí,0,Bajo,Alto,Público,Neutral,4,No,Postgrado,Cercana,Hombre,65,2,2
18,92,Bajo,Medio,Sí,8,54,Medio,Sí,1,Medio,Medio,Público,Positiva,3,No,Instituto,Cercana,Hombre,67,2,1
17,92,Bajo,Bajo,Sí,8,75,Medio,Sí,2,Medio,Alto,Público,Neutral,3,No,Postgrado,Cercana,Mujer,68,2,3
16,78,Medio,Alto,No,6,83,Medio,Sí,0,Bajo,Bajo,Público,Neutral,3,Sí,Universidad,Cercana,Hombre,64,1,4
31,84,Medio,Medio,No,5,87,Alto,Sí,0,Medio,Medio,Privado,Positiva,3,No,Universidad,Moderada,Hombre,71,2,4
22,84,Medio,Medio,Sí,6,92,Bajo,Sí,0,Medio,Medio,Público,Neutral,5,No,Instituto,Cercana,Mujer,69,2,5
12,93,Medio,Medio,Sí,9,74,Bajo,Sí,1,Medio,Medio,Público,Neutral,3,No,Postgrado,Moderada,Hombre,67,2,3
26,77,Bajo,Medio,No,4,70,Bajo,Sí,2,Alto,Bajo,Público,Neutral,3,Sí,Universidad,Moderada,Mujer,65,2,2
33,71,Bajo,Medio,No,5,84,Medio,Sí,1,Medio,Medio,Público,Positiva,2,No,Instituto,Cercana,Hombre,68,2,4
26,71,Alto,Medio,Sí,6,51,Bajo,No,1,Alto,Medio,Privado,Positiva,3,No,Postgrado,Moderada,Hombre,67,2,1
11,81,Medio,Medio,Sí,6,82,Alto,Sí,3,Medio,Alto,Público,Neutral,4,No,Instituto,Cercana,Hombre,67,2,4
17,78,Medio,Alto,Sí,7,70,Medio,No,2,Bajo,Alto,Público,Positiva,3,No,Instituto,Cercana,Hombre,66,2,2
28,78,Alto,Medio,No,9,73,Alto,Sí,2,Medio,Medio,Público,Neutral,4,No,Universidad,Moderada,Mujer,70,2,3
16,64,Alto,Bajo,Sí,5,65,Medio,Sí,3,Medio,Alto,Privado,Positiva,4,No,Postgrado,Moderada,Mujer,65,2,2
23,89,Bajo,Bajo,Sí,7,56,Bajo,Sí,4,Medio,Bajo,Privado,Positiva,4,No,Postgrado,Cercana,Mujer,69,2,1
25,69,Medio,Medio,Sí,7,70,Bajo,No,1,Alto,Alto,Público,Positiva,4,No,Instituto,Lejana,Mujer,65,2,2
14,68,Alto,Medio,No,6,65,Medio,Sí,1,Alto,Medio,Público,Neutral,3,Sí,Universidad,Cercana,Hombre,63,1,2
20,77,Medio,Medio,No,5,98,Bajo,Sí,2,Bajo,Alto,Privado,Neutral,2,No,Postgrado,Lejana,Mujer,67,2,5
1,69,Alto,Medio,Sí,6,97,Medio,Sí,1,Bajo,Medio,Público,Positiva,3,No,Instituto,Cercana,Mujer,61,1,5
14,83,Medio,Bajo,Sí,6,82,Medio,Sí,0,Medio,Medio,Público,Positiva,2,No,Instituto,Cercana,Mujer,65,2,4
18,75,Bajo,Alto,Sí,8,95,Medio,Sí,1,Bajo,Bajo,Público,Neutral,2,No,Universidad,Cercana,Mujer,66,2,5
13,78,Medio,Alto,Sí,8,88,Alto,Sí,0,Alto,Bajo,Público,Neutral,3,No,Universidad,Cercana,Hombre,66,2,4
30,81,Medio,Bajo,Sí,5,67,Medio,Sí,1,Alto,Alto,Público,Negativa,1,No,Instituto,Cercana,Hombre,69,2,2
11,68,Medio,Medio,No,6,80,Medio,Sí,2,Medio,Medio,Público,Positiva,3,No,Universidad,Moderada,Mujer,63,1,4
17,66,Bajo,Alto,No,6,61,Medio,Sí,1,Alto,Medio,Público,Positiva,6,No,Postgrado,Cercana,Hombre,65,2,2
21,95,Bajo,Bajo,No,10,84,Bajo,Sí,0,Alto,Medio,Público,Neutral,4,Sí,Instituto,Cercana,Hombre,67,2,4
29,77,Alto,Alto,Sí,7,52,Medio,Sí,2,Alto,Medio,Público,Negativa,3,Sí,Instituto,Cercana,Mujer,69,2,1
11,76,Bajo,Medio,Sí,5,92,Medio,Sí,4,Medio,Bajo,Público,Negativa,2,No,Postgrado,Cercana,Hombre,65,2,5
27,61,Medio,Medio,No,6,79,Medio,Sí,1,Bajo,Medio,Público,Positiva,3,No,Instituto,Moderada,Hombre,65,2,3
20,80,Alto,Bajo,Sí,6,53,Medio,Sí,0,Bajo,Medio,Público,Neutral,2,No,Universidad,Moderada,Hombre,65,2,1
14,82,Medio,Alto,Sí,8,94,Bajo,Sí,2,Bajo,Alto,Público,Negativa,5,No,Universidad,Lejana,Mujer,67,2,5
23,82,Bajo,Medio,Sí,8,94,Medio,Sí,1,Medio,Medio,Público,Negativa,2,Sí,Instituto,Cercana,Hombre,66,2,5
21,88,Medio,Alto,No,7,93,Medio,Sí,4,Bajo,Medio,Público,Positiva,3,No,Instituto,Cercana,Mujer,72,2,5
16,67,Medio,Alto,No,7,89,Alto,Sí,3,Bajo,Medio,Público,Positiva,3,No,Universidad,Cercana,Hombre,66,2,4
20,70,Medio,Medio,Sí,7,84,Bajo,No,2,Medio,Alto,Privado,Neutral,4,No,Universidad,Lejana,Hombre,65,2,4
18,92,Alto,Medio,Sí,7,70,Medio,Sí,1,Bajo,Medio,Público,Neutral,3,No,Instituto,Moderada,Hombre,69,2,2
21,98,Medio,Bajo,No,4,57,Medio,Sí,2,Alto,Bajo,Público,Neutral,2,No,Instituto,Cercana,Mujer,68,2,1
24,65,Medio,Bajo,No,7,64,Bajo,Sí,1,Alto,Medio,Público,Neutral,1,No,Postgrado,Cercana,Hombre,64,1,2
30,80,Bajo,Alto,No,6,67,Medio,Sí,3,Medio,Medio,Público,Negativa,4,No,Universidad,Moderada,Mujer,69,2,2
13,69,Medio,Bajo,Sí,5,68,Bajo,Sí,0,Alto,Medio,Público,Positiva,1,Sí,Instituto,Moderada,Mujer,59,1,2
33,62,Alto,Medio,Sí,10,78,Medio,Sí,0,Medio,Medio,Privado,Positiva,3,No,Instituto,Moderada,Mujer,68,2,3
8,73,Medio,Medio,No,7,60,Medio,No,0,Alto,Medio,Privado,Neutral,3,No,Instituto,Cercana,Mujer,60,1,1
19,66,Medio,Alto,No,7,59,Medio,Sí,1,Alto,Medio,Público,Negativa,3,No,Instituto,Lejana,Hombre,62,1,1
24,88,Bajo,Medio,Sí,6,86,Bajo,Sí,0,Bajo,Bajo,Público,Negativa,3,No,Universidad,Cercana,Hombre,67,2,4
22,81,Bajo,Alto,Sí,8,50,Alto,Sí,4,Medio,Medio,Privado,Positiva,5,No,Instituto,Lejana,Mujer,68,2,1
16,66,Medio,Alto,Sí,5,57,Alto,Sí,3,Medio,Medio,Público,Positiva,3,No,Instituto,Moderada,Mujer,64,1,1
19,60,Medio,Alto,Sí,7,72,Alto,Sí,3,Bajo,Alto,Público,Positiva,3,No,Instituto,Moderada,Mujer,65,2,3
17,92,Bajo,Bajo,Sí,6,57,Medio,Sí,2,Medio,Medio,Privado,Positiva,2,Sí,Instituto,Moderada,Mujer,65,2,1
16,67,Alto,Medio,No,8,98,Medio,Sí,0,Bajo,Bajo,Público,Neutral,3,No,Instituto,Cercana,Mujer,63,1,5
25,84,Medio,Bajo,Sí,6,84,Bajo,Sí,2,Medio,Alto,Público,Positiva,3,No,Instituto,Cercana,Hombre,70,2,4
22,73,Bajo,Medio,Sí,9,72,Bajo,Sí,3,Medio,Medio,Público,Positiva,3,No,Instituto,Cercana,Mujer,66,2,3
16,83,Medio,Alto,Sí,7,56,Bajo,Sí,4,Alto,Medio,Público,Positiva,3,No,Instituto,Cercana,Mujer,68,2,1
25,73,Bajo,Bajo,No,8,69,Medio,Sí,3,Medio,Medio,Privado,Positiva,3,No,Instituto,Cercana,Mujer,66,2,2
22,63,Bajo,Bajo,No,8,83,Medio,Sí,3,Medio,Medio,Privado,Negativa,1,No,Universidad,Cercana,Hombre,63,1,4
25,69,Alto,Medio,Sí,9,98,Medio,Sí,1,Bajo,Medio,Público,Negativa,3,Sí,Universidad,Moderada,Mujer,66,2,5
24,68,Medio,Medio,Sí,6,74,Medio,Sí,1,Medio,Medio,Público,Neutral,3,No,Instituto,Cercana,Mujer,65,2,3
15,77,Medio,Medio,Sí,8,85,Alto,Sí,1,Bajo,Medio,Público,Positiva,2,No,Postgrado,Moderada,Hombre,66,2,4
17,86,Alto,Bajo,Sí,4,60,Alto,Sí,2,Alto,Bajo,Privado,Positiva,3,Sí,Universidad,Moderada,Mujer,67,2,1
24,71,Medio,Medio,Sí,7,81,Medio,Sí,0,Bajo,Medio,Privado,Positiva,3,No,Instituto,Cercana,Hombre,66,2,4
24,60,Bajo,Medio,No,6,62,Alto,Sí,4,Bajo,Alto,Público,Negativa,3,No,Instituto,Cercana,Mujer,63,1,2
20,81,Medio,Medio,Sí,5,60,Bajo,Sí,3,Medio,Medio,Público,Positiva,4,Sí,Instituto,Cercana,Hombre,66,2,1
21,84,Medio,Medio,No,6,75,Bajo,No,1,Alto,Medio,Público,Positiva,3,No,Universidad,Moderada,Hombre,67,2,3
28,99,Medio,Medio,Sí,6,61,Medio,No,1,Bajo,Medio,Público,Positiva,3,No,Instituto,Cercana,Hombre,71,2,2
16,84,Medio,Alto,Sí,7,86,Medio,Sí,1,Bajo,Medio,Privado,Neutral,2,No,Instituto,Cercana,Mujer,67,2,4
23,79,Medio,Alto,Sí,6,97,Medio,Sí,1,Alto,Bajo,Público,Neutral,4,No,Instituto,Moderada,Hombre,69,2,5
19,83,Medio,Medio,Sí,7,70,Medio,Sí,2,Bajo,Medio,Público,Negativa,4,Sí,Postgrado,Cercana,Mujer,67,2,2
19,97,Alto,Medio,Sí,6,66,Alto,Sí,2,Medio,Medio,Privado,Positiva,2,No,Universidad,Moderada,Mujer,72,2,2
27,93,Alto,Bajo,No,6,59,Alto,Sí,2,Bajo,Medio,Privado,Negativa,4,No,Instituto,Cercana,Mujer,70,2,1
25,73,Medio,Alto,Sí,7,70,Bajo,Sí,0,Bajo,Medio,Privado,Neutral,4,No,Postgrado,Moderada,Hombre,67,2,2
25,69,Bajo,Alto,Sí,7,78,Medio,Sí,0,Bajo,Alto,Público,Negativa,3,No,Instituto,Lejana,Mujer,64,1,3
28,71,Medio,Medio,No,8,69,Alto,Sí,1,Medio,Alto,Privado,Neutral,1,No,Universidad,Moderada,Mujer,67,2,2
20,80,Bajo,Alto,No,8,81,Medio,Sí,3,Medio,Medio,Privado,Negativa,4,No,Postgrado,Cercana,Hombre,69,2,4
24,90,Bajo,Bajo,No,7,83,Medio,Sí,0,Bajo,Medio,Privado,Positiva,3,No,Universidad,Cercana,Hombre,68,2,4
18,80,Medio,Medio,No,8,55,Bajo,Sí,2,Bajo,Bajo,Público,Neutral,3,No,Instituto,Moderada,Hombre,63,1,1
22,63,Medio,Alto,Sí,7,85,Medio,Sí,4,Alto,Alto,Público,Negativa,3,No,Universidad,Cercana,Mujer,68,2,4
19,89,Alto,Medio,Sí,7,95,Medio,Sí,0,Medio,Medio,Público,Positiva,3,No,Instituto,Cercana,Hombre,70,2,5
21,92,Medio,Bajo,Sí,8,51,Bajo,Sí,0,Medio,Medio,Público,Neutral,2,No,Universidad,Moderada,Hombre,66,2,1
24,72,Alto,Alto,No,6,78,Alto,Sí,0,Bajo,Alto,Público,Negativa,6,No,Instituto,Cercana,Mujer,68,2,3
15,87,Alto,Bajo,Sí,4,80,Alto,Sí,0,Bajo,Medio,Privado,Positiva,3,No,Universidad,Cercana,Hombre,67,2,4
33,77,Bajo,Alto,Sí,5,85,Medio,Sí,0,Bajo,Medio,Privado,Neutral,5,No,Instituto,Lejana,Mujer,69,2,4
14,96,Medio,Bajo,Sí,9,69,Alto,Sí,0,Medio,Medio,Privado,Negativa,3,Sí,Universidad,Cercana,Mujer,66,2,2
13,94,Medio,Medio,Sí,7,91,Bajo,Sí,3,Bajo,Medio,Público,Neutral,3,No,Instituto,Cercana,Hombre,68,2,5
27,81,Medio,Medio,Sí,7,77,Medio,Sí,2,Medio,Bajo,Público,Neutral,2,Sí,Postgrado,Moderada,Mujer,69,2,3
25,88,Medio,Medio,Sí,7,70,Bajo,Sí,1,Medio,Medio,Privado,Positiva,3,No,Postgrado,Moderada,Hombre,70,2,2
24,95,Medio,Alto,Sí,8,86,Alto,Sí,1,Medio,Alto,Privado,Neutral,3,No,Universidad,Cercana,Hombre,74,3,4
24,80,Medio,Alto,Sí,7,96,Alto,Sí,0,Bajo,Alto,Público,Positiva,0,No,Universidad,Moderada,Mujer,70,2,5
20,73,Medio,Medio,Sí,7,91,Bajo,Sí,1,Medio,Alto,Público,Neutral,2,No,Postgrado,Moderada,Hombre,66,2,5
15,90,Alto,Medio,Sí,8,97,Medio,Sí,1,Bajo,Alto,Privado,Negativa,3,No,Universidad,Cercana,Mujer,69,2,5
20,69,Medio,Alto,No,6,63,Bajo,Sí,0,Bajo,Medio,Público,Negativa,3,No,Postgrado,Cercana,Hombre,64,1,2
16,76,Bajo,Alto,Sí,8,56,Medio,No,1,Bajo,Medio,Público,Positiva,1,No,Instituto,Cercana,Hombre,62,1,1
26,95,Bajo,Alto,No,7,77,Medio,Sí,0,Medio,Medio,Público,Neutral,3,No,Instituto,Moderada,Mujer,70,2,3
19,89,Alto,Medio,Sí,7,52,Medio,Sí,2,Medio,Medio,Público,Negativa,4,No,Instituto,Moderada,Hombre,68,2,1
15,76,Medio,Medio,Sí,6,84,Bajo,Sí,0,Medio,Alto,Público,Neutral,3,No,Universidad,Cercana,Mujer,65,2,4
18,69,Alto,Alto,No,7,62,Bajo,Sí,3,Medio,Medio,Público,Positiva,3,No,Instituto,Moderada,Hombre,65,2,2
22,74,Alto,Alto,Sí,6,73,Bajo,Sí,3,Alto,Alto,Público,Positiva,4,No,Postgrado,Moderada,Mujer,71,2,3
17,71,Alto,Medio,Sí,9,83,Bajo,Sí,2,Medio,Medio,Público,Neutral,5,No,Instituto,Cercana,Hombre,66,2,4
15,67,Medio,Medio,No,4,74,Medio,Sí,0,Bajo,Medio,Público,Negativa,3,No,Universidad,Moderada,Hombre,61,1,3
21,90,Bajo,Medio,Sí,8,62,Bajo,Sí,2,Medio,Alto,Público,Negativa,5,Sí,Instituto,Cercana,Hombre,67,2,2
21,70,Bajo,Alto,Sí,4,94,Medio,Sí,0,Bajo,Alto,Privado,Neutral,2,No,Universidad,Lejana,Hombre,65,2,5
17,78,Medio,Alto,No,8,88,Medio,Sí,0,Bajo,Medio,Público,Negativa,3,No,Instituto,Cercana,Mujer,65,2,4
17,75,Medio,Alto,Sí,6,80,Medio,No,1,Bajo,Medio,Privado,Positiva,5,No,Instituto,Moderada,Hombre,65,2,4
21,99,Medio,Medio,No,8,85,Alto,Sí,4,Medio,Medio,Público,Positiva,4,No,Instituto,Moderada,Hombre,73,2,4
11,76,Medio,Medio,Sí,7,71,Medio,No,1,Medio,Bajo,Público,Neutral,2,No,Universidad,Cercana,Hombre,62,1,3
12,63,Medio,Alto,Sí,5,69,Bajo,Sí,0,Medio,Alto,Público,Negativa,2,No,Universidad,Moderada,Mujer,60,1,2
16,64,Bajo,Medio,Sí,9,58,Bajo,Sí,1,Medio,Medio,Público,Positiva,3,No,Universidad,Moderada,Mujer,61,1,1
19,84,Bajo,Medio,Sí,8,90,Alto,Sí,2,Bajo,Medio,Privado,Neutral,3,No,Postgrado,Lejana,Hombre,67,2,5
22,84,Alto,Medio,No,8,69,Medio,No,3,Medio,Alto,Privado,Neutral,4,No,Universidad,Cercana,Hombre,70,2,2
29,77,Bajo,Alto,No,6,85,Medio,Sí,1,Medio,Medio,Público,Positiva,1,No,Universidad,Cercana,Hombre,69,2,4
25,77,Medio,Bajo,Sí,8,65,Alto,No,0,Medio,Medio,Público,Positiva,5,No,Universidad,Lejana,Mujer,66,2,2
19,62,Medio,Medio,No,5,90,Bajo,Sí,2,Bajo,Alto,Público,Positiva,3,No,Universidad,Moderada,Hombre,64,1,5
20,81,Alto,Medio,Sí,4,55,Medio,Sí,1,Alto,Medio,Privado,Positiva,2,No,Postgrado,Moderada,Hombre,68,2,1
14,80,Alto,Medio,Sí,5,81,Medio,Sí,1,Bajo,Medio,Público,Positiva,4,No,Postgrado,Lejana,Mujer,67,2,4
20,66,Medio,Medio,No,6,90,Alto,Sí,0,Medio,Medio,Público,Neutral,1,No,Universidad,Cercana,Mujer,64,1,5
18,64,Medio,Medio,Sí,6,83,Alto,Sí,2,Bajo,Medio,Público,Positiva,2,No,Universidad,Cercana,Hombre,65,2,4
22,65,Bajo,Alto,Sí,6,85,Medio,Sí,2,Alto,Medio,Público,Positiva,3,Sí,Postgrado,Cercana,Mujer,66,2,4
15,64,Medio,Medio,Sí,6,76,Alto,Sí,2,Medio,Medio,Privado,Positiva,4,Sí,Instituto,Cercana,Mujer,63,1,3
23,84,Alto,Medio,Sí,6,78,Bajo,Sí,2,Bajo,Bajo,Público,Negativa,2,No,Instituto,Moderada,Mujer,68,2,3
29,68,Medio,Alto,Sí,4,53,Medio,Sí,1,Medio,Medio,Privado,Negativa,4,No,Instituto,Lejana,Hombre,66,2,1
19,70,Medio,Medio,No,7,63,Bajo,No,3,Bajo,Bajo,Público,Neutral,5,No,Instituto,Cercana,Hombre,63,1,2
22,67,Bajo,Medio,No,7,86,Bajo,Sí,1,Bajo,Medio,Público,Positiva,3,No,Instituto,Moderada,Mujer,63,1,4
24,98,Alto,Medio,Sí,6,97,Medio,Sí,1,Medio,Medio,Público,Positiva,4,No,Universidad,Lejana,Hombre,74,3,5
18,94,Medio,Alto,Sí,9,77,Bajo,Sí,1,Medio,Alto,Público,Positiva,2,No,Universidad,Moderada,Hombre,70,2,3
21,69,Alto,Alto,Sí,7,86,Medio,Sí,2,Bajo,Medio,Privado,Neutral,3,No,Instituto,Cercana,Hombre,68,2,4
20,73,Medio,Medio,Sí,7,84,Medio,Sí,0,Medio,Medio,Público,Neutral,4,No,Postgrado,Moderada,Mujer,66,2,4
21,68,Medio,Bajo,No,8,100,Bajo,Sí,0,Medio,Medio,Público,Positiva,4,No,Instituto,Lejana,Hombre,63,1,5
15,80,Bajo,Alto,No,5,90,Medio,Sí,4,Bajo,Medio,Público,Positiva,3,No,Universidad,Lejana,Mujer,67,2,5
20,61,Medio,Medio,No,7,81,Medio,Sí,1,Medio,Bajo,Público,Neutral,3,No,Instituto,Moderada,Hombre,62,1,4
23,87,Alto,Alto,No,8,56,Medio,Sí,1,Medio,Alto,Público,Positiva,3,No,Postgrado,Moderada,Hombre,71,2,1
29,81,Alto,Medio,No,7,68,Medio,Sí,2,Medio,Medio,Público,Neutral,4,No,Postgrado,Cercana,Hombre,72,2,2
26,96,Medio,Medio,Sí,5,63,Medio,No,1,Alto,Medio,Privado,Positiva,2,No,Postgrado,Cercana,Hombre,72,2,2
33,67,Medio,Medio,Sí,6,93,Alto,Sí,0,Bajo,Alto,Público,Neutral,3,No,Instituto,Lejana,Mujer,68,2,5
15,92,Medio,Bajo,Sí,7,72,Bajo,Sí,1,Medio,Medio,Público,Negativa,5,No,Instituto,Cercana,Mujer,66,2,3
25,92,Medio,Medio,No,4,77,Medio,Sí,0,Bajo,Medio,Público,Positiva,3,No,Instituto,Cercana,Hombre,70,2,3
21,65,Medio,Bajo,Sí,5,98,Alto,No,2,Bajo,Medio,Privado,Positiva,4,No,Postgrado,Cercana,Hombre,66,2,5
33,76,Medio,Medio,Sí,10,92,Bajo,Sí,1,Alto,Medio,Privado,Positiva,3,No,Postgrado,Cercana,Mujer,72,2,5
15,67,Alto,Medio,Sí,8,89,Bajo,Sí,0,Alto,Alto,Público,Neutral,4,No,Instituto,Moderada,Mujer,64,1,4
15,70,Alto,Medio,No,9,57,Medio,Sí,1,Medio,Medio,Privado,Negativa,3,No,Instituto,Cercana,Mujer,63,1,1
16,71,Medio,Medio,No,8,51,Medio,Sí,0,Bajo,Medio,Público,Negativa,2,No,Postgrado,Lejana,Mujer,61,1,1
7,82,Alto,Alto,Sí,8,56,Medio,Sí,0,Bajo,Medio,Privado,Negativa,2,No,Instituto,Lejana,Hombre,62,1,1
17,76,Medio,Alto,No,7,87,Alto,Sí,1,Medio,Alto,Público,Positiva,4,No,Instituto,Cercana,Mujer,68,2,4
15,98,Bajo,Medio,Sí,8,71,Bajo,Sí,1,Medio,Medio,Público,Positiva,3,No,Instituto,Cercana,Hombre,68,2,3
21,65,Bajo,Medio,No,9,56,Alto,Sí,1,Medio,Medio,Público,Positiva,5,No,Instituto,Moderada,Hombre,63,1,1
22,99,Medio,Bajo,Sí,8,87,Bajo,Sí,1,Medio,Medio,Privado,Neutral,4,No,Instituto,Moderada,Mujer,70,2,4
31,69,Alto,Bajo,Sí,7,60,Medio,Sí,1,Bajo,Medio,Público,Neutral,3,No,Postgrado,Cercana,Mujer,68,2,1
26,91,Alto,Medio,Sí,7,79,Medio,Sí,1,Bajo,Medio,Privado,Neutral,5,No,Instituto,Cercana,Mujer,72,2,3
17,74,Medio,Medio,Sí,8,87,Medio,Sí,4,Bajo,Bajo,Público,Positiva,3,No,Universidad,Cercana,Hombre,67,2,4
15,66,Bajo,Alto,No,6,80,Medio,No,1,Bajo,Medio,Privado,Neutral,1,No,Universidad,Cercana,Hombre,61,1,4
23,94,Bajo,Medio,No,8,100,Medio,No,0,Bajo,Medio,Público,Neutral,3,No,Postgrado,Cercana,Hombre,69,2,5
12,72,Medio,Bajo,Sí,6,72,Alto,Sí,2,Bajo,Alto,Privado,Negativa,2,No,Instituto,Moderada,Mujer,61,1,3
31,86,Alto,Alto,Sí,6,66,Medio,Sí,3,Medio,Medio,Público,Positiva,3,No,Universidad,Moderada,Hombre,75,3,2
27,83,Alto,Bajo,No,5,60,Medio,Sí,0,Alto,Bajo,Público,Neutral,2,No,Universidad,Moderada,Mujer,68,2,1
17,79,Medio,Bajo,Sí,6,75,Bajo,Sí,1,Medio,Alto,Público,Neutral,4,No,Instituto,Cercana,Hombre,65,2,3
10,80,Alto,Medio,Sí,6,93,Alto,Sí,4,Medio,Medio,Público,Negativa,3,No,Universidad,Moderada,Mujer,67,2,5
28,89,Medio,Alto,Sí,10,97,Alto,Sí,3,Medio,Bajo,Público,Negativa,6,No,Instituto,Cercana,Mujer,75,3,5
19,64,Bajo,Medio,No,6,99,Medio,Sí,1,Medio,Medio,Público,Positiva,3,No,Universidad,Cercana,Hombre,64,1,5
27,87,Medio,Medio,No,8,77,Medio,Sí,1,Bajo,Alto,Público,Neutral,4,No,Instituto,Moderada,Hombre,70,2,3
10,96,Alto,Alto,No,6,80,Medio,No,0,Medio,Medio,Público,Neutral,4,No,Instituto,Moderada,Mujer,67,2,4
16,62,Medio,Medio,Sí,7,79,Bajo,Sí,2,Medio,Medio,Público,Neutral,3,No,Instituto,Cercana,Hombre,63,1,3
20,66,Alto,Alto,No,7,73,Medio,Sí,1,Medio,Medio,Público,Negativa,4,No,Universidad,Cercana,Mujer,65,2,3
20,89,Medio,Medio,Sí,4,58,Medio,Sí,1,Medio,Medio,Público,Positiva,3,No,Instituto,Lejana,Mujer,67,2,1
17,77,Bajo,Alto,Sí,5,53,Medio,Sí,2,Alto,Medio,Público,Neutral,3,No,Universidad,Cercana,Hombre,86,4,1
24,76,Bajo,Alto,No,6,72,Alto,Sí,3,Medio,Alto,Público,Neutral,3,Sí,Instituto,Moderada,Mujer,67,2,3
14,65,Alto,Medio,No,5,59,Bajo,Sí,1,Alto,Medio,Público,Positiva,4,No,Postgrado,Lejana,Hombre,63,1,1
19,80,Medio,Medio,No,7,94,Medio,Sí,0,Medio,Bajo,Público,Neutral,3,No,Universidad,Moderada,Mujer,66,2,5
21,65,Alto,Alto,No,7,88,Bajo,Sí,2,Bajo,Medio,Privado,Neutral,1,No,Instituto,Cercana,Hombre,65,2,4
23,79,Medio,Medio,No,5,81,Medio,Sí,1,Medio,Medio,Privado,Neutral,3,No,Instituto,Cercana,Mujer,67,2,4
24,91,Medio,Medio,No,7,52,Bajo,Sí,0,Alto,Alto,Público,Neutral,4,No,Universidad,Cercana,Hombre,69,2,1
13,70,Alto,Alto,No,6,81,Medio,Sí,2,Medio,Bajo,Público,Positiva,2,No,Postgrado,Cercana,Hombre,66,2,4
11,79,Medio,Medio,Sí,7,81,Medio,Sí,1,Alto,Medio,Público,Neutral,2,No,Instituto,Moderada,Hombre,64,1,4
28,100,Alto,Bajo,Sí,6,72,Medio,Sí,1,Bajo,Medio,Público,Negativa,2,No,Postgrado,Cercana,Mujer,73,2,3
22,87,Bajo,Medio,No,8,83,Bajo,Sí,1,Bajo,Medio,Público,Neutral,1,No,Universidad,Lejana,Hombre,66,2,4
16,94,Medio,Medio,No,9,93,Bajo,Sí,1,Bajo,Medio,Público,Negativa,4,No,Postgrado,Cercana,Mujer,68,2,5
29,77,Alto,Bajo,Sí,8,88,Bajo,Sí,0,Medio,Alto,Público,Positiva,4,No,Universidad,Moderada,Hombre,70,2,4
21,91,Alto,Medio,No,9,74,Medio,Sí,2,Bajo,Bajo,Privado,Negativa,2,No,Instituto,Cercana,Mujer,69,2,3
27,62,Medio,Alto,Sí,5,63,Bajo,Sí,4,Alto,Medio,Público,Negativa,4,No,Instituto,Cercana,Mujer,67,2,2
20,65,Medio,Bajo,No,6,74,Bajo,Sí,0,Medio,Medio,Privado,Positiva,3,No,Universidad,Moderada,Hombre,62,1,3
32,68,Medio,Bajo,No,8,97,Alto,Sí,1,Bajo,Medio,Público,Positiva,2,No,Instituto,Cercana,Hombre,68,2,5
31,76,Medio,Alto,Sí,9,91,Medio,Sí,1,Bajo,Medio,Privado,Neutral,4,No,Postgrado,Cercana,Hombre,72,2,5
19,94,Bajo,Medio,No,8,51,Medio,Sí,3,Medio,Bajo,Privado,Positiva,5,No,Postgrado,Cercana,Hombre,69,2,1
26,74,Bajo,Bajo,No,5,89,Bajo,Sí,3,Alto,Alto,Privado,Negativa,2,No,Instituto,Cercana,Hombre,66,2,4
24,86,Alto,Alto,No,6,59,Medio,Sí,1,Bajo,Medio,Público,Positiva,3,No,Instituto,Moderada,Mujer,70,2,1
28,88,Alto,Medio,No,8,79,Medio,Sí,0,Medio,Medio,Público,Positiva,3,No,Instituto,Lejana,Hombre,71,2,3
14,83,Medio,Medio,Sí,7,90,Medio,Sí,0,Bajo,Bajo,Público,Negativa,3,No,Universidad,Cercana,Mujer,65,2,5
24,74,Alto,Medio,Sí,6,78,Medio,Sí,3,Bajo,Alto,Público,Positiva,3,No,Universidad,Cercana,Mujer,70,2,3
26,83,Bajo,Bajo,No,7,70,Alto,No,2,Medio,Alto,Público,Negativa,4,Sí,Instituto,Moderada,Hombre,65,2,2
9,74,Medio,Alto,No,7,66,Bajo,Sí,1,Alto,Alto,Privado,Neutral,3,No,Instituto,Lejana,Mujer,62,1,2
13,63,Alto,Medio,Sí,5,65,Medio,Sí,2,Alto,Medio,Privado,Neutral,2,No,Instituto,Lejana,Hombre,62,1,2
8,100,Alto,Medio,Sí,8,92,Medio,Sí,1,Medio,Alto,Público,Neutral,3,No,Postgrado,Moderada,Mujer,70,2,5
18,65,Medio,Alto,Sí,6,91,Medio,No,5,Bajo,Medio,Privado,Neutral,3,No,Universidad,Cercana,Hombre,66,2,5
24,63,Alto,Bajo,Sí,7,91,Bajo,Sí,4,Bajo,Medio,Privado,Positiva,4,No,Instituto,Cercana,Mujer,67,2,5
29,95,Medio,Bajo,No,9,64,Medio,Sí,1,Medio,Alto,Público,Positiva,3,No,Instituto,Cercana,Mujer,72,2,2
20,72,Alto,Bajo,Sí,7,90,Bajo,Sí,0,Bajo,Alto,Privado,Negativa,3,No,Postgrado,Cercana,Mujer,66,2,5
30,86,Medio,Bajo,Sí,8,52,Medio,Sí,2,Medio,Medio,Público,Negativa,2,Sí,Universidad,Moderada,Mujer,68,2,1
12,73,Alto,Medio,No,5,60,Medio,Sí,1,Bajo,Medio,Público,Negativa,4,No,Instituto,Moderada,Hombre,62,1,1
10,76,Bajo,Medio,Sí,8,76,Medio,Sí,2,Alto,Alto,Privado,Positiva,3,Sí,Postgrado,Moderada,Hombre,64,1,3
20,70,Medio,Medio,No,8,70,Medio,Sí,0,Bajo,Medio,Público,Neutral,5,No,Postgrado,Cercana,Mujer,65,2,2
22,74,Medio,Bajo,Sí,6,56,Bajo,Sí,4,Medio,Alto,Público,Negativa,3,No,Postgrado,Moderada,Hombre,66,2,1
20,76,Medio,Bajo,No,7,52,Medio,Sí,2,Bajo,Alto,Privado,Neutral,3,No,Instituto,Cercana,Mujer,64,1,1
8,89,Medio,Alto,Sí,7,81,Bajo,Sí,4,Bajo,Medio,Público,Neutral,3,No,Universidad,Cercana,Hombre,67,2,4
19,80,Alto,Medio,Sí,7,66,Bajo,Sí,4,Medio,Medio,Público,Negativa,4,No,Universidad,Cercana,Mujer,69,2,2
12,98,Alto,Medio,Sí,8,51,Medio,Sí,0,Medio,Bajo,Público,Positiva,5,No,Postgrado,Moderada,Hombre,68,2,1
24,62,Medio,Medio,No,6,72,Alto,Sí,2,Bajo,Bajo,Público,Neutral,4,No,Instituto,Cercana,Hombre,64,1,3
22,80,Alto,Medio,Sí,7,65,Medio,Sí,2,Alto,Medio,Privado,Neutral,2,No,Instituto,Moderada,Mujer,68,2,2
14,83,Bajo,Bajo,Sí,9,79,Medio,Sí,1,Medio,Bajo,Público,Positiva,3,No,Instituto,Cercana,Hombre,64,1,3
17,97,Medio,Alto,No,9,96,Alto,Sí,0,Alto,Medio,Público,Negativa,1,No,Postgrado,Cercana,Hombre,71,2,5
14,62,Alto,Alto,Sí,8,65,Bajo,Sí,3,Bajo,Medio,Público,Negativa,2,No,Instituto,Lejana,Hombre,61,1,2
20,83,Bajo,Medio,No,7,100,Medio,Sí,4,Bajo,Medio,Público,Negativa,3,No,Universidad,Cercana,Hombre,68,2,5
26,94,Alto,Medio,Sí,10,54,Bajo,Sí,2,Alto,Medio,Público,Neutral,5,No,Instituto,Cercana,Hombre,73,2,1
14,70,Alto,Medio,Sí,9,54,Medio,No,3,Medio,Medio,Público,Positiva,1,No,Universidad,Cercana,Hombre,64,1,1
23,95,Medio,Medio,Sí,7,86,Medio,Sí,3,Bajo,Medio,Público,Positiva,4,Sí,Postgrado,Lejana,Hombre,72,2,4
17,61,Medio,Medio,Sí,7,87,Alto,Sí,5,Medio,Medio,Público,Neutral,3,No,Instituto,Cercana,Hombre,65,2,4
15,89,Medio,Medio,Sí,6,71,Medio,Sí,1,Medio,Alto,Público,Positiva,4,No,Instituto,Cercana,Mujer,68,2,3
19,97,Alto,Bajo,Sí,8,64,Medio,Sí,2,Bajo,Alto,Público,Positiva,3,No,Instituto,Cercana,Hombre,71,2,2
14,86,Medio,Bajo,Sí,8,90,Medio,No,3,Medio,Medio,Público,Negativa,3,Sí,Postgrado,Cercana,Hombre,65,2,5
17,78,Medio,Medio,No,8,98,Bajo,Sí,2,Medio,Medio,Privado,Positiva,2,No,Instituto,Cercana,Hombre,66,2,5
13,62,Bajo,Alto,No,7,99,Medio,Sí,4,Medio,Bajo,Público,Positiva,1,No,Postgrado,Moderada,Mujer,63,1,5
32,97,Medio,Alto,No,5,82,Medio,Sí,1,Medio,Medio,Público,Neutral,3,No,Instituto,Moderada,Hombre,74,3,4
20,79,Alto,Bajo,Sí,7,87,Bajo,No,2,Medio,Alto,Privado,Neutral,4,Sí,Instituto,Cercana,Mujer,66,2,4
16,61,Medio,Bajo,No,8,91,Alto,Sí,2,Medio,Alto,Público,Neutral,3,No,Universidad,Moderada,Hombre,63,1,5
21,88,Alto,Medio,Sí,6,90,Alto,Sí,2,Alto,Medio,Privado,Neutral,4,No,Instituto,Moderada,Hombre,72,2,5
19,79,Medio,Alto,No,7,100,Bajo,Sí,1,Alto,Alto,Público,Positiva,2,No,Universidad,Lejana,Mujer,69,2,5
19,65,Medio,Alto,Sí,9,91,Medio,Sí,1,Medio,Alto,Público,Positiva,4,No,Universidad,Cercana,Hombre,67,2,5
24,69,Bajo,Alto,No,5,83,Bajo,Sí,3,Bajo,Medio,Privado,Neutral,3,No,Instituto,Cercana,Hombre,66,2,4
25,63,Alto,Medio,No,7,69,Medio,Sí,0,Bajo,Alto,Privado,Negativa,5,No,Instituto,Moderada,Mujer,64,1,2
17,83,Bajo,Medio,No,9,80,Medio,Sí,4,Medio,Alto,Público,Negativa,2,No,Universidad,Cercana,Mujer,67,2,4
17,85,Medio,Bajo,No,7,94,Alto,Sí,4,Bajo,Medio,Público,Positiva,3,No,Universidad,Cercana,Mujer,69,2,5
18,80,Medio,Bajo,Sí,6,65,Medio,Sí,2,Bajo,Alto,Público,Negativa,2,No,Universidad,Cercana,Mujer,65,2,2
6,93,Medio,Medio,No,7,52,Alto,Sí,0,Medio,Medio,Público,Neutral,2,No,Universidad,Cercana,Mujer,64,1,1
11,94,Medio,Bajo,Sí,8,66,Alto,No,1,Alto,Bajo,Público,Neutral,4,No,Instituto,Cercana,Mujer,65,2,2
28,85,Medio,Alto,Sí,7,98,Medio,Sí,2,Bajo,Alto,Privado,Positiva,1,Sí,Instituto,Cercana,Hombre,72,2,5
30,61,Bajo,Alto,Sí,8,90,Medio,Sí,2,Bajo,Alto,Público,Negativa,2,No,Instituto,Moderada,Mujer,66,2,5
19,88,Medio,Bajo,No,7,59,Medio,Sí,2,Bajo,Medio,Público,Neutral,3,No,Universidad,Cercana,Mujer,66,2,1
23,77,Alto,Alto,Sí,7,51,Medio,Sí,1,Bajo,Bajo,Privado,Positiva,3,No,Universidad,Moderada,Hombre,67,2,1
22,83,Medio,Medio,Sí,8,83,Alto,Sí,1,Alto,Medio,Privado,Negativa,3,Sí,Postgrado,Moderada,Hombre,69,2,4
38,86,Bajo,Alto,Sí,7,79,Bajo,Sí,3,Bajo,Medio,Público,Negativa,3,No,Instituto,Cercana,Hombre,73,2,3
27,74,Medio,Alto,No,6,54,Medio,Sí,3,Medio,Medio,Público,Neutral,3,No,Universidad,Cercana,Mujer,69,2,1
19,97,Medio,Bajo,No,8,98,Medio,Sí,1,Bajo,Medio,Privado,Neutral,4,Sí,Instituto,Cercana,Hombre,68,2,5
14,65,Bajo,Medio,Sí,7,81,Medio,Sí,1,Bajo,Medio,Público,Positiva,3,No,Instituto,Moderada,Mujer,61,1,4
10,87,Medio,Bajo,Sí,6,83,Medio,No,0,Bajo,Medio,Público,Positiva,4,No,Instituto,Cercana,Hombre,63,1,4
21,60,Medio,Alto,Sí,8,93,Bajo,Sí,0,Bajo,Medio,Público,Positiva,2,No,Instituto,Lejana,Mujer,63,1,5
15,97,Bajo,Medio,Sí,9,67,Medio,Sí,1,Bajo,Alto,Público,Neutral,2,No,Universidad,Cercana,Hombre,68,2,2
11,65,Medio,Alto,No,7,78,Medio,Sí,2,Bajo,Medio,Público,Neutral,3,No,Postgrado,Cercana,Mujer,63,1,3
16,64,Alto,Medio,Sí,7,79,Medio,Sí,3,Medio,Medio,Privado,Positiva,4,Sí,Postgrado,Cercana,Mujer,66,2,3
14,73,Alto,Medio,Sí,5,98,Medio,Sí,2,Bajo,Medio,Público,Negativa,4,No,Instituto,Moderada,Mujer,65,2,5
30,75,Alto,Alto,No,7,57,Alto,Sí,0,Bajo,Medio,Público,Neutral,1,Sí,Universidad,Cercana,Mujer,68,2,1
25,69,Medio,Medio,Sí,7,88,Alto,Sí,0,Bajo,Medio,Público,Negativa,4,No,Universidad,Cercana,Mujer,66,2,4
20,83,Bajo,Bajo,No,7,79,Bajo,No,2,Medio,Medio,Público,Positiva,5,No,Postgrado,Moderada,Hombre,66,2,3
29,78,Alto,Medio,No,6,92,Medio,Sí,2,Bajo,Medio,Privado,Negativa,4,No,Instituto,Cercana,Hombre,70,2,5
20,61,Bajo,Bajo,Sí,8,92,Medio,Sí,0,Medio,Medio,Público,Negativa,2,No,Instituto,Cercana,Mujer,61,1,5
15,73,Medio,Bajo,Sí,7,51,Medio,Sí,2,Bajo,Alto,Privado,Negativa,3,No,Instituto,Moderada,Hombre,61,1,1
29,92,Medio,Medio,Sí,10,63,Alto,Sí,1,Bajo,Alto,Privado,Negativa,4,No,Instituto,Moderada,Hombre,71,2,2
23,88,Bajo,Medio,Sí,7,59,Medio,Sí,1,Medio,Medio,Público,Negativa,2,No,Instituto,Cercana,Hombre,67,2,1
14,89,Alto,Alto,Sí,4,73,Medio,Sí,2,Medio,Alto,Público,Negativa,3,No,Universidad,Cercana,Hombre,70,2,3
19,88,Alto,Medio,No,5,95,Medio,Sí,2,Bajo,Medio,Privado,Negativa,4,No,Universidad,Moderada,Hombre,69,2,5
15,72,Alto,Alto,No,8,50,Medio,Sí,2,Medio,Medio,Público,Neutral,4,No,Instituto,Cercana,Mujer,65,2,1
12,64,Alto,Bajo,Sí,6,74,Alto,Sí,0,Medio,Medio,Público,Positiva,2,No,Instituto,Moderada,Hombre,61,1,3
26,71,Medio,Bajo,No,6,94,Bajo,Sí,3,Bajo,Medio,Público,Positiva,4,No,Postgrado,Cercana,Hombre,68,2,5
31,93,Alto,Bajo,Sí,5,96,Medio,Sí,2,Bajo,Medio,Público,Positiva,2,No,Instituto,Cercana,Hombre,74,3,5
12,99,Medio,Medio,No,6,83,Bajo,Sí,1,Medio,Medio,Público,Negativa,3,No,Instituto,Cercana,Mujer,67,2,4
23,80,Medio,Medio,Sí,7,91,Bajo,Sí,5,Alto,Medio,Público,Negativa,1,No,Instituto,Cercana,Mujer,70,2,5
16,60,Bajo,Medio,Sí,8,66,Bajo,Sí,1,Alto,Alto,Privado,Neutral,2,Sí,Instituto,Moderada,Mujer,59,1,2
17,66,Alto,Alto,No,5,64,Bajo,Sí,0,Medio,Alto,Privado,Neutral,2,No,Universidad,Cercana,Hombre,64,1,2
16,73,Alto,Medio,Sí,8,52,Medio,Sí,2,Medio,Alto,Público,Positiva,4,No,Universidad,Cercana,Mujer,66,2,1
15,83,Bajo,Bajo,Sí,5,75,Medio,Sí,1,Medio,Medio,Público,Neutral,3,No,Instituto,Lejana,Mujer,63,1,3
20,63,Bajo,Bajo,Sí,8,73,Bajo,Sí,0,Alto,Medio,Público,Neutral,3,No,Universidad,Cercana,Mujer,61,1,3
15,98,Bajo,Alto,Sí,8,69,Bajo,Sí,2,Bajo,Medio,Público,Neutral,4,No,Instituto,Moderada,Mujer,68,2,2
22,75,Medio,Medio,No,6,56,Bajo,Sí,3,Medio,Medio,Privado,Positiva,3,No,Instituto,Lejana,Hombre,65,2,1
20,97,Medio,Alto,No,5,62,Medio,Sí,1,Medio,Medio,Privado,Neutral,4,No,Instituto,Lejana,Hombre,69,2,2
19,91,Alto,Bajo,Sí,8,60,Medio,Sí,2,Bajo,Medio,Privado,Neutral,4,No,Instituto,Moderada,Hombre,68,2,1
15,90,Medio,Bajo,Sí,6,97,Bajo,Sí,2,Alto,Alto,Público,Positiva,2,No,Instituto,Cercana,Hombre,69,2,5
17,84,Medio,Bajo,Sí,7,98,Alto,Sí,1,Bajo,Alto,Público,Neutral,2,No,Universidad,Lejana,Mujer,67,2,5
25,85,Alto,Alto,No,8,50,Alto,Sí,1,Alto,Medio,Público,Neutral,1,No,Universidad,Moderada,Mujer,70,2,1
23,86,Medio,Medio,Sí,8,59,Bajo,Sí,1,Bajo,Medio,Público,Neutral,3,No,Postgrado,Moderada,Mujer,68,2,1
14,85,Medio,Medio,No,6,94,Bajo,Sí,0,Alto,Medio,Público,Positiva,4,No,Universidad,Cercana,Hombre,67,2,5
21,82,Alto,Medio,No,7,52,Medio,Sí,4,Bajo,Medio,Público,Neutral,3,No,Instituto,Lejana,Hombre,67,2,1
25,99,Alto,Medio,Sí,6,97,Alto,Sí,0,Medio,Medio,Público,Positiva,3,No,Universidad,Moderada,Hombre,75,3,5
10,89,Bajo,Bajo,Sí,8,69,Bajo,Sí,3,Bajo,Medio,Público,Negativa,4,No,Universidad,Moderada,Hombre,63,1,2
23,91,Bajo,Medio,No,9,77,Alto,Sí,1,Bajo,Medio,Público,Positiva,5,No,Instituto,Cercana,Hombre,70,2,3
16,95,Medio,Bajo,Sí,6,88,Bajo,Sí,2,Alto,Alto,Público,Positiva,4,No,Instituto,Cercana,Mujer,70,2,4
23,69,Medio,Alto,Sí,7,62,Medio,Sí,1,Medio,Medio,Público,Neutral,4,Sí,Instituto,Lejana,Hombre,64,1,2
15,63,Medio,Bajo,No,8,55,Bajo,Sí,0,Medio,Bajo,Público,Neutral,3,No,Universidad,Cercana,Mujer,59,1,1
9,79,Medio,Bajo,No,7,90,Alto,Sí,1,Alto,Bajo,Público,Neutral,3,No,Instituto,Cercana,Hombre,63,1,5
10,81,Alto,Medio,Sí,8,99,Medio,No,2,Medio,Medio,Público,Positiva,4,No,Postgrado,Moderada,Mujer,67,2,5
20,93,Bajo,Alto,Sí,7,83,Medio,Sí,0,Medio,Medio,Privado,Negativa,2,Sí,Instituto,Cercana,Hombre,68,2,4
22,78,Medio,Medio,Sí,5,91,Bajo,Sí,0,Medio,Alto,Privado,Negativa,3,No,Postgrado,Cercana,Hombre,68,2,5
15,83,Medio,Medio,No,7,97,Medio,Sí,2,Bajo,Alto,Privado,Neutral,2,No,Instituto,Cercana,Mujer,97,5,5
24,81,Medio,Bajo,No,9,61,Medio,Sí,1,Bajo,Bajo,Público,Positiva,4,No,Universidad,Cercana,Mujer,66,2,2
10,62,Medio,Bajo,No,7,68,Alto,Sí,3,Medio,Medio,Público,Neutral,3,No,Postgrado,Cercana,Hombre,61,1,2
20,85,Alto,Medio,No,9,61,Alto,Sí,2,Alto,Medio,Público,Positiva,3,No,Universidad,Cercana,Hombre,70,2,2
13,93,Bajo,Bajo,Sí,4,53,Alto,Sí,1,Medio,Bajo,Público,Positiva,1,No,Postgrado,Cercana,Hombre,65,2,1
16,66,Bajo,Medio,Sí,8,87,Alto,Sí,3,Medio,Medio,Público,Positiva,2,No,Instituto,Moderada,Mujer,64,1,4
20,84,Medio,Alto,Sí,6,57,Alto,Sí,2,Medio,Medio,Público,Positiva,4,No,Instituto,Lejana,Mujer,69,2,1
15,84,Medio,Alto,No,6,55,Bajo,Sí,1,Medio,Medio,Privado,Negativa,2,No,Instituto,Cercana,Hombre,64,1,1
18,67,Bajo,Bajo,Sí,9,68,Bajo,Sí,2,Bajo,Alto,Privado,Negativa,2,No,Postgrado,Cercana,Hombre,61,1,2
26,65,Bajo,Medio,No,7,53,Bajo,Sí,3,Alto,Medio,Público,Positiva,2,No,Instituto,Cercana,Mujer,64,1,1
17,99,Medio,Alto,No,6,59,Medio,Sí,0,Medio,Medio,Público,Neutral,3,No,Instituto,Moderada,Hombre,68,2,1
25,76,Medio,Alto,No,8,53,Alto,Sí,1,Alto,Alto,Público,Positiva,3,Sí,Instituto,Lejana,Mujer,67,2,1
13,69,Alto,Bajo,No,4,94,Medio,Sí,3,Bajo,Bajo,Público,Positiva,3,Sí,Instituto,Cercana,Hombre,62,1,5
23,67,Medio,Medio,Sí,9,89,Medio,Sí,2,Bajo,Alto,Público,Neutral,2,No,Instituto,Cercana,Mujer,66,2,4
29,87,Medio,Alto,Sí,10,93,Alto,Sí,1,Bajo,Medio,Público,Neutral,4,No,Instituto,Moderada,Hombre,72,2,5
5,84,Medio,Medio,Sí,8,93,Alto,Sí,4,Alto,Alto,Público,Positiva,3,No,Universidad,Moderada,Hombre,68,2,5
15,86,Medio,Alto,Sí,8,97,Medio,Sí,4,Alto,Medio,Público,Positiva,3,No,Instituto,Cercana,Hombre,71,2,5
23,64,Medio,Medio,Sí,7,59,Alto,Sí,3,Medio,Medio,Público,Positiva,2,No,Instituto,Moderada,Mujer,65,2,1
19,96,Medio,Bajo,Sí,5,95,Bajo,No,2,Medio,Bajo,Privado,Neutral,3,No,Instituto,Moderada,Mujer,68,2,5
22,76,Medio,Bajo,No,9,76,Medio,Sí,2,Bajo,Alto,Público,Neutral,5,No,Instituto,Lejana,Mujer,65,2,3
16,73,Alto,Bajo,Sí,8,58,Medio,Sí,1,Medio,Medio,Público,Neutral,4,No,Instituto,Cercana,Mujer,64,1,1
21,78,Medio,Bajo,No,8,83,Medio,Sí,2,Medio,Medio,Público,Positiva,4,Sí,Instituto,Lejana,Hombre,65,2,4
19,76,Alto,Alto,Sí,8,66,Bajo,Sí,0,Bajo,Alto,Privado,Negativa,4,Sí,Instituto,Cercana,Hombre,65,2,2
27,95,Alto,Medio,No,7,52,Alto,Sí,3,Medio,Alto,Privado,Negativa,3,No,Universidad,Moderada,Mujer,73,2,1
22,97,Medio,Alto,Sí,6,54,Medio,Sí,1,Bajo,Alto,Público,Positiva,3,No,Postgrado,Cercana,Hombre,72,2,1
22,72,Bajo,Medio,Sí,10,71,Medio,Sí,1,Medio,Medio,Privado,Negativa,1,No,Universidad,Cercana,Hombre,64,1,3
18,95,Medio,Medio,Sí,7,91,Bajo,Sí,0,Bajo,Medio,Público,Positiva,4,Sí,Postgrado,Moderada,Hombre,69,2,5
17,91,Medio,Medio,No,6,66,Alto,Sí,1,Alto,Medio,Privado,Positiva,3,No,Instituto,Cercana,Hombre,69,2,2
17,97,Medio,Alto,Sí,9,88,Medio,No,0,Medio,Medio,Público,Positiva,2,No,Instituto,Cercana,Hombre,70,2,4
22,70,Bajo,Medio,No,7,53,Bajo,Sí,1,Bajo,Medio,Público,Positiva,3,No,Instituto,Cercana,Mujer,83,4,1
17,83,Alto,Medio,No,7,70,Bajo,Sí,3,Bajo,Medio,Privado,Neutral,5,No,Postgrado,Cercana,Mujer,68,2,2
22,71,Bajo,Alto,Sí,9,56,Alto,Sí,1,Bajo,Alto,Público,Neutral,3,Sí,Universidad,Cercana,Mujer,84,4,1
32,93,Medio,Medio,Sí,8,93,Alto,Sí,1,Medio,Alto,Público,Negativa,3,No,Postgrado,Lejana,Mujer,75,3,5
25,60,Bajo,Alto,No,8,98,Medio,Sí,1,Medio,Medio,Público,Neutral,5,No,Postgrado,Cercana,Mujer,67,2,5
18,83,Medio,Alto,Sí,5,66,Medio,Sí,0,Alto,Medio,Privado,Positiva,4,No,Postgrado,Cercana,Hombre,69,2,2
27,74,Alto,Medio,No,8,99,Alto,No,3,Medio,Medio,Público,Positiva,4,No,Instituto,Cercana,Hombre,71,2,5
18,73,Medio,Bajo,Sí,5,88,Medio,Sí,1,Medio,Medio,Público,Positiva,5,No,Universidad,Cercana,Mujer,66,2,4
8,86,Medio,Alto,No,6,50,Alto,Sí,1,Medio,Medio,Público,Positiva,2,No,Universidad,Cercana,Hombre,65,2,1
14,94,Alto,Medio,No,7,74,Medio,Sí,1,Alto,Medio,Privado,Positiva,5,No,Universidad,Cercana,Hombre,70,2,3
9,84,Alto,Bajo,No,7,92,Alto,Sí,1,Bajo,Alto,Público,Negativa,4,No,Postgrado,Cercana,Hombre,66,2,5
18,94,Alto,Medio,Sí,8,77,Medio,Sí,3,Medio,Alto,Público,Positiva,4,No,Postgrado,Cercana,Hombre,74,3,3
20,71,Alto,Medio,No,8,77,Medio,Sí,0,Alto,Medio,Privado,Neutral,4,No,Instituto,Moderada,Hombre,66,2,3
30,81,Medio,Alto,No,8,72,Bajo,Sí,0,Bajo,Medio,Público,Neutral,2,No,Instituto,Moderada,Hombre,68,2,3
22,78,Medio,Alto,Sí,5,70,Medio,Sí,2,Bajo,Medio,Público,Positiva,1,No,Universidad,Cercana,Hombre,68,2,2
19,60,Medio,Alto,No,10,51,Medio,Sí,0,Medio,Medio,Público,Positiva,3,Sí,Universidad,Cercana,Mujer,62,1,1
25,82,Medio,Alto,Sí,7,81,Medio,Sí,2,Medio,Medio,Privado,Neutral,2,No,Postgrado,Moderada,Hombre,71,2,4
7,86,Medio,Bajo,No,9,88,Medio,Sí,2,Bajo,Medio,Público,Negativa,2,No,Universidad,Cercana,Mujer,63,1,4
21,84,Alto,Alto,No,4,90,Medio,Sí,2,Medio,Bajo,Público,Neutral,3,No,Instituto,Lejana,Hombre,69,2,5
25,89,Medio,Medio,Sí,7,81,Alto,Sí,3,Medio,Medio,Público,Negativa,0,No,Universidad,Cercana,Hombre,71,2,4
11,83,Alto,Bajo,Sí,5,67,Medio,Sí,1,Medio,Medio,Público,Positiva,2,No,Postgrado,Cercana,Hombre,66,2,2
27,63,Medio,Alto,No,6,51,Bajo,Sí,0,Bajo,Medio,Público,Positiva,2,No,Postgrado,Moderada,Hombre,64,1,1
22,65,Medio,Medio,Sí,7,95,Bajo,Sí,3,Bajo,Medio,Público,Positiva,2,No,Instituto,Moderada,Mujer,65,2,5
18,84,Medio,Alto,No,6,71,Medio,Sí,4,Medio,Bajo,Público,Positiva,2,No,Instituto,Cercana,Mujer,69,2,3
24,71,Medio,Bajo,No,9,80,Medio,Sí,2,Medio,Alto,Privado,Positiva,3,No,Instituto,Cercana,Mujer,66,2,4
34,63,Medio,Alto,Sí,10,60,Bajo,Sí,1,Medio,Medio,Público,Negativa,4,No,Instituto,Cercana,Mujer,67,2,1
21,77,Medio,Bajo,Sí,6,57,Medio,Sí,4,Bajo,Medio,Público,Negativa,5,No,Instituto,Lejana,Hombre,65,2,1
21,82,Bajo,Bajo,Sí,6,54,Alto,Sí,3,Bajo,Medio,Público,Negativa,2,No,Universidad,Moderada,Hombre,65,2,1
17,73,Alto,Medio,No,5,90,Alto,Sí,1,Bajo,Medio,Privado,Positiva,4,No,Instituto,Cercana,Hombre,67,2,5
15,89,Bajo,Medio,Sí,9,82,Bajo,Sí,1,Medio,Medio,Público,Neutral,3,No,Universidad,Cercana,Hombre,66,2,4
25,86,Medio,Medio,Sí,7,81,Bajo,Sí,1,Alto,Bajo,Público,Positiva,1,No,Instituto,Cercana,Hombre,69,2,4
15,73,Medio,Alto,No,7,96,Bajo,Sí,1,Bajo,Medio,Público,Negativa,2,No,Universidad,Cercana,Hombre,64,1,5
20,90,Medio,Medio,Sí,7,58,Alto,Sí,1,Alto,Alto,Privado,Neutral,4,No,Instituto,Cercana,Hombre,70,2,1
17,86,Alto,Medio,Sí,7,59,Bajo,Sí,3,Bajo,Medio,Público,Positiva,3,No,Postgrado,Moderada,Hombre,68,2,1
23,85,Alto,Bajo,Sí,6,59,Bajo,Sí,1,Medio,Medio,Público,Negativa,1,No,Instituto,Cercana,Hombre,68,2,1
22,82,Alto,Medio,Sí,7,71,Bajo,Sí,1,Alto,Medio,Privado,Positiva,3,No,Instituto,Cercana,Mujer,69,2,3
26,60,Medio,Medio,Sí,7,94,Alto,Sí,3,Alto,Medio,Público,Positiva,2,No,Instituto,Moderada,Mujer,68,2,5
17,88,Medio,Medio,Sí,8,94,Medio,Sí,5,Medio,Medio,Público,Neutral,2,Sí,Universidad,Cercana,Mujer,70,2,5
18,75,Alto,Medio,Sí,5,80,Medio,Sí,2,Bajo,Alto,Público,Neutral,3,No,Instituto,Cercana,Mujer,67,2,4
14,98,Alto,Alto,Sí,7,83,Medio,No,3,Bajo,Medio,Público,Positiva,3,No,Universidad,Cercana,Hombre,72,2,4
17,93,Alto,Bajo,No,6,95,Medio,Sí,1,Bajo,Medio,Público,Neutral,4,No,Instituto,Cercana,Hombre,69,2,5
22,84,Alto,Medio,No,7,81,Medio,Sí,1,Medio,Bajo,Privado,Positiva,3,No,Instituto,Moderada,Hombre,69,2,4
25,70,Bajo,Medio,Sí,8,61,Bajo,No,3,Bajo,Medio,Público,Positiva,4,No,Universidad,Moderada,Mujer,64,1,2
14,68,Bajo,Medio,Sí,6,85,Medio,Sí,2,Medio,Medio,Público,Neutral,3,No,Instituto,Cercana,Mujer,63,1,4
25,74,Alto,Alto,Sí,9,88,Medio,Sí,3,Medio,Alto,Público,Neutral,3,Sí,Instituto,Cercana,Hombre,70,2,4
28,79,Alto,Medio,Sí,4,82,Medio,Sí,0,Medio,Medio,Privado,Positiva,3,No,Instituto,Cercana,Hombre,70,2,4
22,72,Alto,Medio,Sí,9,64,Bajo,Sí,1,Medio,Medio,Público,Negativa,2,No,Universidad,Cercana,Mujer,66,2,2
31,81,Medio,Medio,No,9,70,Bajo,Sí,1,Bajo,Medio,Público,Neutral,4,No,Postgrado,Cercana,Mujer,70,2,2
15,67,Medio,Alto,Sí,6,74,Alto,Sí,0,Alto,Medio,Público,Positiva,2,No,Postgrado,Cercana,Mujer,66,2,3
13,99,Medio,Medio,Sí,6,57,Medio,Sí,1,Bajo,Medio,Público,Negativa,5,No,Universidad,Cercana,Hombre,68,2,1
9,64,Medio,Medio,No,5,73,Medio,Sí,1,Medio,Medio,Público,Positiva,4,No,Universidad,Cercana,Hombre,61,1,3
29,97,Medio,Medio,No,8,58,Medio,Sí,1,Alto,Medio,Privado,Negativa,4,No,Universidad,Moderada,Mujer,72,2,1
24,97,Alto,Bajo,No,7,75,Bajo,Sí,1,Medio,Medio,Público,Negativa,2,No,Instituto,Moderada,Mujer,69,2,3
20,81,Medio,Bajo,Sí,6,53,Bajo,Sí,0,Medio,Bajo,Público,Neutral,4,No,Instituto,Lejana,Mujer,63,1,1
22,89,Medio,Alto,Sí,5,97,Medio,Sí,2,Medio,Medio,Privado,Neutral,5,No,Instituto,Cercana,Hombre,72,2,5
13,77,Medio,Medio,Sí,10,62,Medio,Sí,1,Alto,Medio,Privado,Neutral,4,No,Universidad,Moderada,Hombre,65,2,2
35,85,Medio,Alto,Sí,6,73,Alto,Sí,1,Alto,Medio,Público,Negativa,5,No,Instituto,Moderada,Mujer,74,3,3
21,74,Medio,Bajo,Sí,7,52,Bajo,Sí,1,Alto,Medio,Público,Negativa,4,No,Instituto,Lejana,Hombre,62,1,1
21,72,Alto,Medio,No,7,60,Bajo,Sí,0,Bajo,Medio,Privado,Neutral,4,No,Postgrado,Cercana,Hombre,65,2,1
24,83,Bajo,Alto,No,6,85,Bajo,Sí,1,Bajo,Alto,Público,Neutral,4,No,Instituto,Moderada,Mujer,68,2,4
23,80,Medio,Bajo,Sí,6,56,Medio,Sí,3,Medio,Medio,Público,Positiva,2,Sí,Instituto,Cercana,Hombre,66,2,1
21,83,Alto,Medio,Sí,6,81,Bajo,Sí,3,Alto,Medio,Público,Negativa,4,No,Postgrado,Moderada,Hombre,71,2,4
15,71,Medio,Alto,No,8,50,Bajo,Sí,1,Medio,Medio,Público,Neutral,2,Sí,Postgrado,Cercana,Mujer,62,1,1
23,75,Bajo,Alto,Sí,6,73,Bajo,Sí,1,Bajo,Medio,Público,Positiva,2,No,Instituto,Moderada,Mujer,65,2,3
31,63,Medio,Alto,No,9,86,Bajo,Sí,0,Alto,Medio,Público,Neutral,3,No,Postgrado,Moderada,Hombre,68,2,4
28,62,Medio,Alto,No,6,96,Medio,Sí,4,Medio,Alto,Público,Positiva,3,No,Instituto,Cercana,Hombre,70,2,5
30,70,Bajo,Medio,No,8,75,Medio,Sí,1,Medio,Medio,Privado,Positiva,2,No,Instituto,Cercana,Mujer,67,2,3
17,63,Medio,Medio,No,4,92,Medio,Sí,2,Bajo,Medio,Público,Negativa,4,No,Instituto,Cercana,Mujer,63,1,5
14,64,Alto,Alto,Sí,6,90,Bajo,Sí,0,Bajo,Alto,Privado,Negativa,2,No,Instituto,Cercana,Mujer,63,1,5
19,93,Medio,Alto,No,6,65,Medio,Sí,0,Medio,Alto,Público,Neutral,3,No,Instituto,Cercana,Hombre,69,2,2
20,62,Bajo,Medio,Sí,5,94,Alto,Sí,3,Medio,Medio,Público,Neutral,3,No,Postgrado,Cercana,Hombre,66,2,5
27,86,Medio,Medio,Sí,7,82,Bajo,Sí,2,Bajo,Medio,Público,Positiva,3,No,Instituto,Moderada,Mujer,70,2,4
10,71,Medio,Medio,Sí,7,55,Alto,Sí,2,Bajo,Alto,Público,Positiva,3,No,Universidad,Cercana,Mujer,63,1,1
29,95,Bajo,Medio,Sí,4,97,Medio,Sí,0,Medio,Medio,Privado,Positiva,4,Sí,Universidad,Moderada,Mujer,72,2,5
19,79,Alto,Medio,Sí,10,59,Bajo,Sí,1,Medio,Medio,Público,Neutral,3,Sí,Universidad,Moderada,Hombre,65,2,1
17,72,Medio,Alto,Sí,7,74,Bajo,Sí,2,Alto,Medio,Público,Positiva,4,No,Postgrado,Lejana,Hombre,67,2,3
14,81,Medio,Medio,Sí,7,73,Bajo,No,1,Alto,Medio,Privado,Positiva,3,Sí,Instituto,Moderada,Hombre,63,1,3
10,75,Alto,Medio,No,9,81,Medio,Sí,3,Bajo,Alto,Público,Negativa,5,No,Instituto,Cercana,Mujer,65,2,4
25,83,Medio,Medio,Sí,8,83,Medio,Sí,2,Bajo,Medio,Público,Neutral,1,Sí,Instituto,Moderada,Mujer,67,2,4
20,65,Medio,Bajo,Sí,7,62,Alto,Sí,0,Medio,Medio,Público,Neutral,0,Sí,Postgrado,Cercana,Hombre,80,3,2
12,100,Medio,Medio,Sí,4,68,Medio,Sí,2,Bajo,Medio,Público,Neutral,3,No,Universidad,Lejana,Hombre,68,2,2
12,77,Medio,Medio,Sí,8,57,Medio,Sí,2,Bajo,Alto,Público,Negativa,2,No,Universidad,Moderada,Hombre,63,1,1
18,74,Medio,Medio,No,6,56,Medio,Sí,1,Medio,Medio,Privado,Positiva,3,No,Universidad,Moderada,Hombre,64,1,1
30,88,Medio,Medio,No,9,91,Medio,Sí,3,Medio,Bajo,Público,Positiva,3,No,Instituto,Cercana,Mujer,73,2,5
18,75,Medio,Medio,Sí,6,88,Bajo,Sí,2,Medio,Alto,Público,Negativa,1,Sí,Postgrado,Cercana,Mujer,66,2,4
11,93,Medio,Medio,Sí,6,72,Bajo,Sí,2,Bajo,Medio,Público,Negativa,3,No,Universidad,Moderada,Hombre,66,2,3
19,78,Alto,Alto,No,5,55,Medio,Sí,0,Medio,Medio,Público,Neutral,4,No,Instituto,Moderada,Hombre,66,2,1
18,89,Medio,Alto,Sí,5,72,Bajo,Sí,4,Medio,Bajo,Público,Neutral,2,No,Instituto,Cercana,Mujer,69,2,3
4,64,Medio,Alto,Sí,7,65,Medio,Sí,1,Medio,Alto,Público,Negativa,4,No,Instituto,Lejana,Hombre,59,1,2
20,94,Medio,Medio,No,7,89,Medio,Sí,0,Bajo,Medio,Privado,Neutral,1,No,Instituto,Cercana,Hombre,68,2,4
19,89,Medio,Medio,No,6,55,Medio,Sí,1,Bajo,Medio,Privado,Neutral,3,No,Postgrado,Moderada,Mujer,67,2,1
24,68,Medio,Medio,Sí,10,73,Bajo,Sí,1,Medio,Medio,Público,Neutral,4,Sí,Instituto,Moderada,Mujer,64,1,3
31,66,Bajo,Alto,Sí,8,80,Bajo,Sí,0,Bajo,Bajo,Privado,Negativa,4,No,Instituto,Cercana,Mujer,65,2,4
27,73,Medio,Medio,No,7,99,Bajo,Sí,1,Bajo,Medio,Público,Positiva,4,No,Universidad,Cercana,Hombre,68,2,5
18,99,Medio,Alto,Sí,4,54,Bajo,Sí,0,Medio,Medio,Público,Positiva,3,No,Postgrado,Moderada,Hombre,70,2,1
13,70,Medio,Medio,No,8,56,Medio,Sí,2,Medio,Alto,Público,Neutral,0,No,Instituto,Cercana,Hombre,62,1,1
35,78,Alto,Bajo,Sí,10,99,Medio,Sí,1,Bajo,Medio,Privado,Positiva,2,No,Instituto,Cercana,Hombre,72,2,5
20,61,Medio,Bajo,Sí,7,70,Bajo,Sí,1,Medio,Medio,Privado,Positiva,4,No,Instituto,Moderada,Mujer,62,1,2
20,76,Alto,Alto,Sí,6,87,Bajo,Sí,1,Bajo,Medio,Público,Negativa,4,No,Postgrado,Moderada,Hombre,68,2,4
20,83,Alto,Medio,No,7,89,Medio,Sí,3,Bajo,Alto,Privado,Negativa,4,No,Instituto,Cercana,Mujer,69,2,4
21,98,Alto,Medio,No,5,66,Bajo,Sí,3,Alto,Alto,Público,Positiva,5,No,Instituto,Cercana,Hombre,73,2,2
19,81,Alto,Alto,No,8,61,Bajo,Sí,3,Medio,Medio,Privado,Negativa,5,No,Postgrado,Cercana,Hombre,69,2,2
17,93,Medio,Medio,Sí,9,64,Medio,Sí,1,Medio,Medio,Público,Neutral,3,No,Instituto,Moderada,Mujer,67,2,2
17,82,Medio,Bajo,No,6,88,Bajo,Sí,2,Bajo,Bajo,Privado,Neutral,3,No,Postgrado,Cercana,Hombre,65,2,4
20,62,Bajo,Bajo,No,6,92,Alto,Sí,2,Medio,Medio,Público,Positiva,3,No,Postgrado,Moderada,Hombre,63,1,5
17,73,Alto,Medio,Sí,7,85,Medio,Sí,2,Bajo,Medio,Público,Positiva,2,No,Instituto,Moderada,Hombre,66,2,4
16,83,Medio,Medio,No,6,72,Medio,Sí,1,Bajo,Alto,Público,Positiva,2,No,Universidad,Cercana,Hombre,66,2,3
21,98,Medio,Alto,No,5,63,Bajo,Sí,0,Bajo,Alto,Público,Neutral,2,No,Postgrado,Cercana,Hombre,70,2,2
18,94,Medio,Medio,No,6,71,Bajo,Sí,2,Alto,Medio,Público,Neutral,3,No,Postgrado,Lejana,Hombre,69,2,3
29,69,Medio,Alto,No,6,96,Bajo,Sí,1,Alto,Medio,Público,Positiva,4,No,Instituto,Cercana,Mujer,70,2,5
4,69,Medio,Bajo,No,9,93,Bajo,No,2,Medio,Alto,Privado,Negativa,3,No,Instituto,Moderada,Mujer,58,1,5
27,68,Medio,Medio,No,9,66,Medio,Sí,3,Alto,Medio,Privado,Positiva,3,No,Instituto,Lejana,Hombre,67,2,2
27,97,Alto,Alto,Sí,9,66,Bajo,Sí,1,Bajo,Medio,Público,Positiva,3,No,Instituto,Lejana,Hombre,73,2,2
8,94,Alto,Bajo,No,8,89,Alto,Sí,0,Medio,Medio,Público,Neutral,2,No,Instituto,Cercana,Mujer,66,2,4
18,91,Alto,Alto,Sí,7,71,Alto,Sí,0,Medio,Medio,Público,Neutral,3,No,Instituto,Cercana,Hombre,70,2,3
18,76,Alto,Alto,No,6,79,Medio,Sí,1,Medio,Medio,Privado,Positiva,2,No,Postgrado,Lejana,Mujer,67,2,3
12,80,Bajo,Bajo,No,9,71,Alto,Sí,1,Bajo,Bajo,Privado,Positiva,3,Sí,Instituto,Moderada,Mujer,60,1,3
15,79,Alto,Medio,No,8,62,Bajo,Sí,1,Bajo,Bajo,Público,Positiva,3,No,Universidad,Cercana,Hombre,65,2,2
13,70,Medio,Medio,No,5,59,Medio,Sí,0,Medio,Alto,Privado,Positiva,2,No,Postgrado,Cercana,Mujer,63,1,1
31,80,Alto,Alto,Sí,6,57,Bajo,Sí,1,Medio,Alto,Privado,Positiva,3,No,Instituto,Cercana,Mujer,72,2,1
26,61,Bajo,Medio,Sí,5,51,Alto,Sí,0,Bajo,Medio,Privado,Neutral,5,No,Instituto,Moderada,Mujer,62,1,1
28,65,Medio,Medio,Sí,4,64,Medio,Sí,6,Medio,Alto,Público,Neutral,3,No,Postgrado,Cercana,Hombre,70,2,2
24,95,Alto,Bajo,Sí,8,59,Medio,Sí,2,Bajo,Alto,Público,Negativa,1,No,Universidad,Moderada,Hombre,70,2,1
13,90,Medio,Medio,No,5,63,Medio,Sí,0,Bajo,Medio,Público,Neutral,4,No,Instituto,Moderada,Mujer,64,1,2
17,77,Medio,Medio,Sí,6,54,Bajo,Sí,3,Bajo,Medio,Público,Neutral,4,No,Instituto,Moderada,Hombre,64,1,1
23,81,Medio,Bajo,Sí,7,67,Medio,Sí,0,Medio,Alto,Privado,Positiva,5,No,Instituto,Moderada,Mujer,67,2,2
13,75,Medio,Alto,Sí,7,76,Alto,Sí,1,Medio,Alto,Público,Negativa,1,No,Instituto,Moderada,Hombre,64,1,3
24,90,Medio,Medio,Sí,6,97,Bajo,Sí,1,Alto,Alto,Público,Positiva,4,No,Instituto,Cercana,Hombre,72,2,5
19,91,Medio,Bajo,No,9,67,Medio,Sí,0,Medio,Medio,Privado,Negativa,3,No,Universidad,Cercana,Mujer,66,2,2
18,91,Medio,Medio,No,5,52,Medio,Sí,2,Medio,Medio,Público,Negativa,4,No,Instituto,Moderada,Mujer,66,2,1
24,89,Medio,Alto,Sí,5,68,Medio,Sí,0,Bajo,Alto,Público,Positiva,2,No,Postgrado,Cercana,Mujer,71,2,2
23,68,Bajo,Bajo,No,8,91,Medio,Sí,5,Bajo,Medio,Público,Negativa,5,No,Postgrado,Cercana,Mujer,66,2,5
18,74,Medio,Bajo,Sí,6,67,Alto,Sí,2,Bajo,Alto,Público,Neutral,2,No,Instituto,Cercana,Hombre,64,1,2
27,79,Medio,Bajo,No,6,65,Bajo,Sí,0,Medio,Medio,Privado,Negativa,2,No,Universidad,Cercana,Hombre,66,2,2
14,73,Medio,Bajo,Sí,5,96,Bajo,Sí,1,Bajo,Medio,Público,Negativa,3,No,Instituto,Moderada,Mujer,62,1,5
24,90,Medio,Medio,No,8,65,Medio,Sí,4,Bajo,Medio,Público,Neutral,4,No,Instituto,Moderada,Hombre,70,2,2
24,73,Medio,Medio,Sí,7,99,Medio,Sí,3,Medio,Alto,Privado,Neutral,3,No,Instituto,Cercana,Mujer,69,2,5
18,66,Alto,Medio,No,7,92,Medio,Sí,2,Bajo,Medio,Privado,Neutral,4,No,Instituto,Moderada,Hombre,65,2,5
22,76,Alto,Medio,Sí,6,84,Alto,Sí,2,Medio,Alto,Público,Neutral,3,No,Instituto,Cercana,Hombre,70,2,4
12,99,Alto,Alto,Sí,6,80,Medio,No,0,Alto,Medio,Público,Positiva,3,No,Instituto,Moderada,Hombre,70,2,4
26,69,Medio,Medio,Sí,7,61,Medio,Sí,1,Alto,Alto,Público,Positiva,2,No,Universidad,Cercana,Hombre,67,2,2
19,84,Medio,Alto,Sí,8,87,Bajo,Sí,2,Bajo,Alto,Público,Positiva,3,No,Instituto,Moderada,Mujer,69,2,4
17,77,Bajo,Medio,No,9,67,Bajo,Sí,0,Bajo,Alto,Público,Neutral,5,Sí,Instituto,Cercana,Mujer,62,1,2
26,63,Medio,Alto,Sí,9,74,Medio,Sí,1,Bajo,Medio,Privado,Positiva,4,No,Instituto,Cercana,Mujer,67,2,3
16,80,Alto,Medio,No,8,55,Alto,No,0,Bajo,Medio,Público,Positiva,6,No,Universidad,Moderada,Hombre,65,2,1
12,88,Medio,Medio,No,8,65,Medio,Sí,0,Bajo,Medio,Público,Positiva,4,No,Instituto,Cercana,Hombre,65,2,2
11,81,Medio,Alto,Sí,5,76,Medio,Sí,1,Bajo,Medio,Público,Neutral,3,No,Postgrado,Lejana,Hombre,65,2,3
24,95,Medio,Bajo,Sí,6,73,Medio,No,3,Bajo,Medio,Público,Positiva,2,No,Instituto,Moderada,Hombre,69,2,3
12,72,Medio,Medio,No,8,67,Bajo,Sí,4,Medio,Medio,Público,Neutral,4,No,Instituto,Cercana,Hombre,63,1,2
31,63,Bajo,Alto,Sí,7,74,Bajo,Sí,3,Medio,Medio,Público,Negativa,2,No,Universidad,Moderada,Hombre,66,2,3
8,97,Medio,Alto,Sí,8,87,Medio,Sí,0,Medio,Medio,Público,Positiva,2,Sí,Instituto,Cercana,Hombre,67,2,4
30,75,Medio,Medio,No,8,73,Alto,Sí,1,Medio,Medio,Público,Negativa,3,No,Universidad,Cercana,Hombre,69,2,3
21,83,Medio,Medio,Sí,8,75,Alto,Sí,1,Bajo,Alto,Público,Neutral,2,No,Instituto,Lejana,Hombre,67,2,3
19,92,Medio,Medio,Sí,5,85,Medio,Sí,1,Medio,Alto,Privado,Neutral,4,No,Instituto,Cercana,Hombre,70,2,4
17,73,Alto,Alto,Sí,7,92,Medio,Sí,2,Alto,Medio,Privado,Negativa,2,No,Instituto,Moderada,Hombre,67,2,5
22,89,Alto,Medio,No,6,76,Medio,Sí,2,Bajo,Medio,Público,Neutral,4,No,Instituto,Cercana,Hombre,70,2,3
20,65,Alto,Alto,Sí,6,97,Medio,Sí,0,Bajo,Bajo,Privado,Negativa,3,No,Instituto,Moderada,Mujer,65,2,5
27,72,Medio,Bajo,No,4,68,Medio,No,0,Medio,Alto,Público,Negativa,3,Sí,Universidad,Cercana,Hombre,63,1,2
21,66,Medio,Medio,Sí,7,63,Medio,Sí,0,Alto,Medio,Público,Neutral,3,No,Instituto,Cercana,Mujer,64,1,2
21,92,Alto,Medio,Sí,4,85,Bajo,Sí,1,Alto,Medio,Público,Negativa,3,No,Instituto,Lejana,Hombre,69,2,4
18,69,Bajo,Medio,No,8,59,Bajo,No,1,Bajo,Medio,Público,Positiva,4,No,Instituto,Cercana,Mujer,60,1,1
20,89,Bajo,Medio,Sí,9,95,Medio,Sí,3,Bajo,Medio,Público,Positiva,3,No,Instituto,Moderada,Hombre,69,2,5
22,98,Medio,Bajo,Sí,8,69,Medio,Sí,4,Alto,Medio,Privado,Positiva,2,No,Instituto,Cercana,Mujer,72,2,2
10,81,Medio,Bajo,Sí,7,85,Bajo,Sí,1,Bajo,Medio,Público,Neutral,2,No,Universidad,Cercana,Hombre,63,1,4
12,82,Bajo,Medio,No,9,79,Alto,Sí,0,Bajo,Medio,Privado,Positiva,2,No,Universidad,Moderada,Mujer,63,1,3
24,78,Alto,Bajo,Sí,7,53,Alto,Sí,0,Medio,Medio,Público,Neutral,4,Sí,Instituto,Cercana,Hombre,66,2,1
21,73,Medio,Medio,No,6,85,Medio,Sí,6,Medio,Alto,Público,Neutral,5,No,Universidad,Cercana,Hombre,70,2,4
19,79,Medio,Alto,Sí,7,90,Medio,Sí,1,Alto,Medio,Público,Negativa,4,No,Universidad,Lejana,Mujer,68,2,5
20,84,Medio,Medio,Sí,10,99,Bajo,Sí,2,Medio,Medio,Privado,Positiva,3,No,Instituto,Moderada,Hombre,69,2,5
22,99,Medio,Medio,Sí,5,71,Alto,Sí,0,Medio,Alto,Público,Neutral,4,No,Universidad,Cercana,Mujer,72,2,3
17,98,Bajo,Alto,No,5,75,Bajo,Sí,1,Bajo,Bajo,Privado,Positiva,3,Sí,Universidad,Cercana,Hombre,67,2,3
15,94,Bajo,Medio,No,8,94,Bajo,Sí,1,Alto,Medio,Público,Positiva,4,No,Instituto,Moderada,Hombre,68,2,5
21,96,Medio,Alto,No,7,63,Medio,Sí,1,Medio,Medio,Privado,Negativa,2,No,Postgrado,Lejana,Mujer,70,2,2
14,79,Alto,Medio,Sí,6,59,Medio,Sí,5,Medio,Alto,Público,Positiva,3,No,Postgrado,Lejana,Hombre,68,2,1
22,86,Medio,Medio,Sí,5,57,Alto,Sí,2,Medio,Medio,Público,Positiva,3,No,Universidad,Moderada,Hombre,69,2,1
10,96,Medio,Medio,No,4,99,Medio,Sí,1,Medio,Medio,Privado,Negativa,5,No,Universidad,Cercana,Mujer,68,2,5
26,76,Medio,Medio,No,5,64,Bajo,Sí,0,Medio,Medio,Público,Positiva,5,No,Universidad,Lejana,Mujer,66,2,2
23,98,Medio,Medio,No,9,88,Alto,Sí,1,Bajo,Medio,Público,Negativa,4,No,Postgrado,Moderada,Mujer,72,2,4
22,77,Medio,Medio,Sí,7,72,Medio,Sí,2,Medio,Alto,Público,Neutral,3,No,Instituto,Cercana,Hombre,67,2,3
26,84,Bajo,Alto,No,4,62,Medio,No,3,Alto,Alto,Público,Positiva,2,No,Instituto,Cercana,Hombre,70,2,2
30,88,Alto,Medio,Sí,9,96,Medio,Sí,1,Medio,Alto,Privado,Neutral,3,Sí,Instituto,Cercana,Hombre,73,2,5
26,98,Medio,Bajo,Sí,9,73,Alto,Sí,1,Alto,Bajo,Público,Neutral,6,No,Postgrado,Moderada,Hombre,73,2,3
9,70,Medio,Medio,No,9,78,Bajo,Sí,1,Medio,Bajo,Público,Neutral,2,No,Instituto,Cercana,Mujer,60,1,3
12,90,Medio,Alto,No,6,61,Bajo,Sí,2,Medio,Alto,Público,Neutral,3,No,Universidad,Cercana,Hombre,67,2,2
16,81,Alto,Medio,Sí,7,66,Medio,Sí,3,Alto,Alto,Privado,Positiva,4,No,Instituto,Cercana,Hombre,69,2,2
20,71,Medio,Bajo,No,7,87,Alto,Sí,1,Medio,Medio,Público,Negativa,5,No,Instituto,Cercana,Hombre,65,2,4
23,91,Bajo,Alto,Sí,9,67,Bajo,Sí,2,Bajo,Medio,Público,Neutral,4,No,Instituto,Cercana,Mujer,70,2,2
16,82,Alto,Alto,Sí,6,75,Bajo,Sí,3,Medio,Medio,Público,Neutral,3,No,Universidad,Moderada,Mujer,68,2,3
21,86,Medio,Bajo,No,6,56,Medio,Sí,1,Bajo,Alto,Privado,Negativa,2,No,Universidad,Cercana,Mujer,66,2,1
15,73,Bajo,Alto,Sí,8,93,Medio,Sí,1,Bajo,Alto,Público,Positiva,4,No,Universidad,Lejana,Hombre,65,2,5
16,79,Bajo,Medio,Sí,9,87,Medio,Sí,1,Bajo,Medio,Público,Neutral,2,No,Universidad,Moderada,Mujer,64,1,4
12,85,Alto,Alto,Sí,7,88,Alto,Sí,1,Bajo,Medio,Público,Neutral,0,No,Universidad,Lejana,Mujer,67,2,4
14,76,Alto,Medio,Sí,8,59,Bajo,Sí,3,Medio,Medio,Privado,Neutral,5,No,Instituto,Moderada,Hombre,65,2,1
12,68,Alto,Alto,Sí,7,75,Medio,Sí,1,Medio,Bajo,Privado,Positiva,4,No,Instituto,Cercana,Hombre,64,1,3
14,98,Alto,Alto,No,7,51,Medio,Sí,0,Medio,Bajo,Público,Positiva,1,Sí,Instituto,Cercana,Hombre,67,2,1
26,80,Medio,Bajo,Sí,6,66,Medio,Sí,2,Alto,Medio,Público,Neutral,4,No,Postgrado,Cercana,Hombre,70,2,2
14,89,Medio,Bajo,Sí,5,67,Bajo,No,3,Bajo,Bajo,Privado,Neutral,3,No,Instituto,Lejana,Mujer,63,1,2
36,76,Medio,Medio,No,6,96,Medio,Sí,1,Bajo,Medio,Privado,Neutral,2,No,Universidad,Cercana,Hombre,71,2,5
23,74,Alto,Bajo,No,6,100,Bajo,Sí,2,Alto,Bajo,Privado,Positiva,3,No,Instituto,Cercana,Hombre,68,2,5
21,76,Medio,Medio,No,7,81,Medio,Sí,0,Medio,Alto,Privado,Positiva,2,No,Universidad,Moderada,Mujer,67,2,4
15,76,Alto,Alto,Sí,9,76,Medio,Sí,1,Medio,Alto,Público,Neutral,2,No,Postgrado,Lejana,Mujer,67,2,3
24,82,Bajo,Medio,Sí,7,72,Medio,Sí,0,Medio,Alto,Público,Positiva,2,No,Postgrado,Moderada,Mujer,68,2,3
17,82,Alto,Medio,No,6,51,Medio,Sí,1,Bajo,Medio,Público,Positiva,3,No,Postgrado,Moderada,Hombre,66,2,1
21,80,Medio,Medio,Sí,8,90,Medio,Sí,0,Medio,Medio,Público,Negativa,4,No,Universidad,Cercana,Hombre,68,2,5
35,65,Alto,Medio,Sí,7,84,Alto,Sí,0,Medio,Medio,Público,Positiva,2,No,Instituto,Moderada,Hombre,70,2,4
19,80,Bajo,Bajo,No,8,82,Medio,Sí,5,Bajo,Bajo,Público,Positiva,3,No,Universidad,Cercana,Hombre,67,2,4
27,67,Bajo,Medio,Sí,6,90,Medio,Sí,2,Alto,Alto,Privado,Neutral,3,No,Instituto,Moderada,Hombre,67,2,5
16,65,Bajo,Alto,No,9,96,Bajo,Sí,2,Bajo,Medio,Público,Negativa,2,No,Instituto,Cercana,Hombre,62,1,5
20,97,Medio,Alto,No,9,69,Bajo,Sí,0,Bajo,Bajo,Público,Negativa,3,Sí,Instituto,Cercana,Hombre,67,2,2
31,84,Medio,Alto,No,7,71,Bajo,Sí,4,Bajo,Medio,Público,Negativa,4,No,Instituto,Lejana,Hombre,70,2,3
16,86,Alto,Alto,No,8,99,Medio,Sí,4,Bajo,Alto,Privado,Neutral,4,No,Universidad,Cercana,Hombre,72,2,5
31,76,Medio,Medio,Sí,9,83,Medio,Sí,2,Alto,Medio,Privado,Negativa,3,No,Instituto,Moderada,Mujer,70,2,4
24,96,Bajo,Alto,No,6,93,Medio,Sí,2,Bajo,Medio,Público,Neutral,2,No,Instituto,Moderada,Mujer,94,5,5
17,86,Medio,Medio,No,7,61,Medio,No,2,Alto,Medio,Público,Positiva,3,No,Instituto,Moderada,Hombre,66,2,2
24,91,Bajo,Bajo,Sí,7,66,Alto,Sí,2,Bajo,Alto,Público,Neutral,3,No,Instituto,Cercana,Hombre,69,2,2
26,75,Alto,Medio,No,5,70,Bajo,Sí,0,Alto,Bajo,Privado,Neutral,2,No,Postgrado,Cercana,Hombre,68,2,2
24,98,Alto,Bajo,No,8,66,Alto,Sí,2,Bajo,Medio,Público,Positiva,1,No,Instituto,Moderada,Hombre,71,2,2
11,93,Alto,Medio,No,9,94,Medio,Sí,4,Bajo,Alto,Público,Neutral,4,No,Instituto,Moderada,Hombre,69,2,5
16,94,Medio,Medio,No,7,76,Bajo,Sí,2,Medio,Medio,Público,Neutral,3,Sí,Instituto,Cercana,Mujer,67,2,3
19,67,Bajo,Medio,Sí,8,98,Medio,Sí,2,Bajo,Medio,Privado,Negativa,2,No,Postgrado,Cercana,Mujer,64,1,5
20,71,Medio,Medio,Sí,9,66,Medio,Sí,1,Medio,Bajo,Privado,Negativa,5,Sí,Universidad,Cercana,Mujer,63,1,2
24,71,Medio,Alto,Sí,6,52,Medio,Sí,2,Medio,Medio,Privado,Neutral,3,No,Universidad,Lejana,Mujer,66,2,1
21,71,Alto,Medio,Sí,8,57,Bajo,No,2,Alto,Medio,Público,Positiva,1,No,Postgrado,Cercana,Mujer,66,2,1
12,94,Bajo,Alto,Sí,6,61,Medio,Sí,3,Alto,Alto,Público,Neutral,4,No,Universidad,Cercana,Hombre,69,2,2
22,61,Bajo,Bajo,Sí,6,82,Bajo,Sí,4,Medio,Medio,Público,Positiva,4,No,Instituto,Moderada,Mujer,64,1,4
24,63,Alto,Medio,No,8,59,Bajo,Sí,1,Bajo,Medio,Público,Neutral,3,Sí,Instituto,Cercana,Hombre,62,1,1
23,71,Medio,Medio,Sí,7,69,Alto,Sí,3,Bajo,Medio,Público,Positiva,5,Sí,Instituto,Lejana,Mujer,66,2,2
26,68,Medio,Alto,Sí,8,90,Medio,Sí,4,Bajo,Alto,Privado,Neutral,3,No,Instituto,Cercana,Hombre,70,2,5
25,69,Alto,Medio,Sí,7,56,Medio,Sí,2,Bajo,Medio,Privado,Neutral,4,No,Instituto,Cercana,Hombre,67,2,1
23,92,Bajo,Medio,No,8,54,Medio,Sí,0,Alto,Bajo,Público,Positiva,1,No,Postgrado,Cercana,Mujer,68,2,1
20,83,Alto,Bajo,No,9,77,Alto,Sí,0,Bajo,Medio,Público,Positiva,3,Sí,Instituto,Cercana,Hombre,67,2,3
10,60,Medio,Medio,No,9,85,Medio,Sí,0,Medio,Alto,Público,Positiva,4,No,Postgrado,Cercana,Hombre,62,1,4
23,77,Bajo,Medio,Sí,8,96,Medio,Sí,1,Alto,Medio,Privado,Neutral,1,Sí,Universidad,Cercana,Hombre,67,2,5
21,76,Medio,Alto,Sí,8,83,Medio,Sí,0,Bajo,Medio,Público,Positiva,5,No,Instituto,Cercana,Hombre,68,2,4
22,65,Bajo,Medio,No,7,97,Bajo,Sí,2,Medio,Alto,Privado,Neutral,4,No,Instituto,Moderada,Mujer,64,1,5
12,87,Medio,Bajo,Sí,7,62,Medio,No,2,Medio,Medio,Público,Neutral,4,No,Instituto,Cercana,Mujer,64,1,2
14,88,Medio,Medio,No,8,67,Medio,Sí,2,Alto,Bajo,Público,Neutral,3,No,Postgrado,Lejana,Hombre,66,2,2
26,89,Medio,Bajo,Sí,7,92,Medio,Sí,2,Bajo,Alto,Público,Positiva,2,No,Postgrado,Moderada,Hombre,72,2,5
20,89,Medio,Alto,Sí,8,91,Medio,Sí,2,Medio,Medio,Público,Positiva,3,No,Instituto,Cercana,Mujer,72,2,5
24,60,Medio,Alto,Sí,9,83,Alto,Sí,2,Medio,Bajo,Público,Positiva,3,Sí,Instituto,Cercana,Hombre,66,2,4
20,98,Bajo,Medio,No,7,75,Alto,Sí,4,Medio,Medio,Privado,Positiva,1,No,Universidad,Cercana,Hombre,72,2,3
20,93,Alto,Medio,Sí,4,51,Bajo,Sí,1,Medio,Medio,Público,Positiva,3,No,Instituto,Cercana,Hombre,69,2,1
26,96,Alto,Alto,Sí,10,64,Bajo,Sí,2,Medio,Medio,Privado,Neutral,3,Sí,Instituto,Cercana,Mujer,72,2,2
17,61,Bajo,Bajo,Sí,6,58,Medio,Sí,1,Medio,Alto,Público,Neutral,4,No,Instituto,Cercana,Hombre,60,1,1
21,97,Medio,Medio,Sí,7,53,Medio,Sí,0,Alto,Medio,Público,Neutral,2,No,Instituto,Moderada,Hombre,69,2,1
17,92,Medio,Alto,No,8,89,Medio,Sí,0,Bajo,Bajo,Público,Positiva,3,Sí,Instituto,Cercana,Hombre,68,2,4
17,93,Bajo,Medio,Sí,9,57,Alto,Sí,3,Bajo,Alto,Privado,Neutral,2,No,Universidad,Cercana,Hombre,69,2,1
18,64,Medio,Bajo,Sí,10,68,Bajo,Sí,1,Bajo,Medio,Público,Positiva,5,No,Instituto,Cercana,Hombre,62,1,2
21,90,Medio,Medio,Sí,6,99,Bajo,Sí,2,Bajo,Alto,Público,Positiva,2,No,Instituto,Moderada,Hombre,71,2,5
17,98,Medio,Alto,Sí,9,70,Bajo,Sí,1,Alto,Medio,Privado,Negativa,2,No,Instituto,Cercana,Hombre,70,2,2
28,87,Bajo,Bajo,Sí,7,57,Medio,Sí,2,Medio,Alto,Privado,Negativa,4,No,Instituto,Moderada,Hombre,68,2,1
15,83,Alto,Medio,Sí,10,84,Medio,Sí,1,Alto,Alto,Público,Negativa,2,No,Universidad,Cercana,Hombre,68,2,4
19,98,Medio,Alto,No,9,90,Bajo,No,1,Alto,Medio,Privado,Positiva,2,No,Universidad,Lejana,Mujer,70,2,5
17,78,Medio,Alto,No,7,64,Medio,Sí,0,Bajo,Medio,Privado,Neutral,3,No,Instituto,Cercana,Mujer,65,2,2
29,84,Alto,Medio,Sí,6,90,Medio,Sí,0,Medio,Alto,Público,Positiva,3,No,Postgrado,Lejana,Hombre,73,2,5
21,79,Alto,Medio,No,4,64,Bajo,Sí,0,Bajo,Alto,Público,Negativa,4,No,Universidad,Moderada,Hombre,66,2,2
26,97,Medio,Medio,No,8,85,Bajo,No,2,Alto,Bajo,Público,Neutral,3,No,Instituto,Cercana,Hombre,71,2,4
11,63,Alto,Medio,Sí,9,56,Alto,Sí,2,Medio,Medio,Público,Neutral,3,No,Instituto,Cercana,Mujer,62,1,1
22,80,Medio,Medio,Sí,8,71,Alto,Sí,2,Bajo,Medio,Privado,Positiva,3,No,Instituto,Cercana,Mujer,68,2,3
25,87,Medio,Alto,No,4,76,Bajo,Sí,1,Bajo,Alto,Público,Positiva,4,No,Universidad,Lejana,Hombre,70,2,3
20,92,Medio,Bajo,No,5,86,Bajo,Sí,0,Medio,Medio,Público,Neutral,2,No,Postgrado,Moderada,Mujer,68,2,4
26,83,Alto,Bajo,Sí,8,83,Medio,Sí,2,Bajo,Alto,Público,Neutral,2,No,Universidad,Cercana,Mujer,71,2,4
17,96,Medio,Medio,Sí,10,93,Medio,Sí,2,Medio,Bajo,Público,Negativa,4,No,Instituto,Cercana,Mujer,70,2,5
28,98,Medio,Medio,Sí,7,59,Medio,Sí,1,Bajo,Medio,Público,Positiva,3,No,Instituto,Cercana,Hombre,72,2,1
34,63,Medio,Alto,Sí,9,83,Medio,Sí,2,Medio,Alto,Público,Negativa,2,No,Universidad,Moderada,Hombre,69,2,4
18,76,Medio,Alto,No,5,56,Medio,Sí,1,Bajo,Bajo,Público,Negativa,2,No,Universidad,Moderada,Hombre,63,1,1
17,61,Medio,Medio,No,7,74,Alto,Sí,0,Medio,Medio,Público,Neutral,2,No,Postgrado,Cercana,Mujer,62,1,3
29,73,Medio,Medio,No,7,76,Medio,Sí,2,Bajo,Alto,Privado,Neutral,3,No,Instituto,Cercana,Mujer,68,2,3
29,81,Bajo,Medio,Sí,9,51,Bajo,Sí,2,Medio,Medio,Público,Positiva,5,No,Postgrado,Cercana,Hombre,70,2,1
17,96,Medio,Medio,Sí,6,54,Medio,Sí,1,Medio,Medio,Privado,Positiva,4,No,Instituto,Cercana,Hombre,69,2,1
17,94,Medio,Medio,No,10,92,Bajo,Sí,2,Bajo,Medio,Privado,Negativa,2,No,Instituto,Cercana,Hombre,68,2,5
18,65,Alto,Medio,Sí,7,64,Medio,Sí,2,Alto,Medio,Público,Positiva,1,No,Instituto,Cercana,Hombre,65,2,2
12,64,Medio,Bajo,No,5,67,Medio,Sí,3,Bajo,Medio,Privado,Positiva,2,Sí,Instituto,Cercana,Hombre,59,1,2
14,84,Medio,Medio,No,5,82,Medio,Sí,3,Bajo,Medio,Público,Positiva,3,No,Universidad,Lejana,Hombre,66,2,4
14,81,Alto,Medio,No,6,61,Bajo,Sí,0,Bajo,Medio,Público,Positiva,4,No,Instituto,Moderada,Hombre,64,1,2
15,71,Bajo,Medio,No,8,60,Alto,No,5,Bajo,Alto,Público,Positiva,4,No,Instituto,Lejana,Mujer,63,1,1
20,96,Medio,Medio,No,6,71,Medio,Sí,5,Bajo,Alto,Público,Neutral,3,No,Universidad,Cercana,Hombre,72,2,3
21,97,Medio,Alto,Sí,6,53,Bajo,Sí,0,Bajo,Medio,Público,Negativa,3,Sí,Instituto,Moderada,Hombre,67,2,1
29,76,Medio,Medio,No,8,96,Bajo,Sí,2,Bajo,Medio,Público,Positiva,2,No,Postgrado,Moderada,Hombre,94,5,5
14,96,Medio,Alto,Sí,4,97,Bajo,Sí,2,Medio,Medio,Público,Negativa,3,No,Instituto,Cercana,Mujer,70,2,5
26,75,Bajo,Medio,No,6,72,Medio,Sí,0,Bajo,Alto,Público,Neutral,3,No,Instituto,Cercana,Hombre,66,2,3
19,89,Bajo,Medio,Sí,5,60,Bajo,Sí,4,Medio,Medio,Público,Positiva,2,No,Postgrado,Moderada,Mujer,69,2,1
20,79,Medio,Bajo,Sí,6,74,Bajo,Sí,2,Bajo,Medio,Público,Positiva,2,No,Instituto,Lejana,Hombre,64,1,3
24,65,Medio,Medio,No,7,55,Bajo,Sí,1,Bajo,Alto,Privado,Positiva,3,Sí,Instituto,Cercana,Mujer,63,1,1
13,97,Alto,Alto,No,7,70,Medio,Sí,1,Bajo,Alto,Público,Neutral,4,No,Postgrado,Cercana,Mujer,71,2,2
22,78,Alto,Medio,No,7,54,Medio,Sí,1,Medio,Medio,Público,Negativa,3,Sí,Instituto,Moderada,Hombre,65,2,1
21,89,Bajo,Medio,Sí,9,85,Bajo,Sí,1,Medio,Medio,Público,Negativa,5,No,Universidad,Lejana,Mujer,68,2,4
23,75,Medio,Medio,No,7,64,Alto,Sí,1,Bajo,Medio,Público,Negativa,3,Sí,Instituto,Moderada,Hombre,64,1,2
22,61,Bajo,Bajo,Sí,10,76,Alto,Sí,1,Alto,Alto,Público,Positiva,2,No,Universidad,Cercana,Hombre,64,1,3
35,64,Medio,Medio,Sí,8,51,Medio,Sí,2,Medio,Medio,Público,Negativa,5,Sí,Instituto,Cercana,Hombre,66,2,1
16,80,Alto,Medio,No,6,76,Medio,Sí,1,Medio,Alto,Público,Positiva,4,No,Universidad,Cercana,Hombre,68,2,3
17,88,Medio,Medio,No,10,50,Medio,Sí,3,Bajo,Alto,Público,Neutral,5,No,Universidad,Moderada,Mujer,67,2,1
16,73,Bajo,Alto,Sí,7,96,Medio,Sí,1,Medio,Medio,Privado,Positiva,3,No,Instituto,Moderada,Mujer,66,2,5
17,88,Medio,Medio,Sí,10,75,Medio,Sí,2,Medio,Medio,Público,Neutral,3,No,Instituto,Cercana,Hombre,68,2,3
16,88,Bajo,Medio,No,7,55,Medio,Sí,3,Bajo,Bajo,Público,Neutral,3,No,Postgrado,Cercana,Hombre,66,2,1
27,88,Medio,Medio,No,7,67,Medio,Sí,3,Alto,Medio,Público,Neutral,4,No,Universidad,Lejana,Hombre,71,2,2
29,80,Medio,Alto,Sí,8,52,Medio,Sí,4,Bajo,Medio,Público,Positiva,4,No,Instituto,Moderada,Mujer,71,2,1
17,97,Medio,Alto,No,7,77,Medio,Sí,0,Bajo,Medio,Privado,Negativa,4,No,Universidad,Lejana,Hombre,68,2,3
15,80,Alto,Bajo,No,9,56,Alto,Sí,3,Medio,Medio,Público,Neutral,3,Sí,Instituto,Cercana,Mujer,64,1,1
23,78,Medio,Medio,Sí,10,74,Bajo,Sí,3,Medio,Medio,Público,Negativa,4,No,Instituto,Moderada,Hombre,67,2,3
17,68,Alto,Medio,Sí,4,65,Alto,Sí,0,Medio,Medio,Privado,Positiva,2,No,Instituto,Moderada,Hombre,64,1,2
24,72,Alto,Bajo,Sí,8,88,Alto,Sí,3,Bajo,Medio,Público,Positiva,2,No,Instituto,Cercana,Mujer,68,2,4
21,62,Medio,Bajo,No,6,74,Alto,Sí,0,Bajo,Alto,Privado,Positiva,3,Sí,Postgrado,Lejana,Hombre,62,1,3
11,85,Medio,Bajo,Sí,4,92,Bajo,Sí,0,Medio,Alto,Público,Neutral,1,No,Universidad,Cercana,Hombre,64,1,5
29,70,Bajo,Alto,No,8,97,Bajo,Sí,3,Bajo,Alto,Público,Positiva,3,No,Postgrado,Moderada,Hombre,70,2,5
31,72,Medio,Medio,No,8,98,Alto,Sí,0,Bajo,Medio,Público,Neutral,4,No,Universidad,Lejana,Hombre,68,2,5
16,91,Medio,Medio,No,8,63,Alto,Sí,2,Medio,Alto,Público,Neutral,3,No,Universidad,Cercana,Mujer,69,2,2
18,73,Bajo,Medio,Sí,8,88,Bajo,Sí,3,Bajo,Medio,Público,Positiva,4,No,Universidad,Moderada,Hombre,65,2,4
22,70,Medio,Alto,Sí,8,72,Medio,Sí,2,Alto,Medio,Público,Neutral,3,No,Instituto,Cercana,Hombre,67,2,3
22,67,Alto,Medio,No,6,71,Bajo,Sí,2,Medio,Medio,Público,Positiva,2,No,Universidad,Moderada,Hombre,65,2,3
24,91,Alto,Medio,No,7,93,Bajo,Sí,0,Medio,Medio,Público,Positiva,2,No,Instituto,Moderada,Hombre,71,2,5
32,65,Medio,Bajo,Sí,8,57,Bajo,Sí,2,Bajo,Medio,Público,Positiva,3,No,Instituto,Moderada,Mujer,65,2,1
19,78,Medio,Medio,Sí,9,74,Bajo,Sí,2,Bajo,Medio,Público,Positiva,5,No,Instituto,Moderada,Mujer,66,2,3
15,80,Alto,Medio,No,7,80,Medio,Sí,0,Bajo,Bajo,Público,Neutral,5,No,Instituto,Cercana,Mujer,65,2,4
12,87,Medio,Medio,Sí,7,53,Bajo,Sí,2,Medio,Medio,Privado,Neutral,1,No,Universidad,Cercana,Hombre,65,2,1
16,85,Bajo,Medio,No,7,93,Alto,Sí,1,Medio,Alto,Público,Positiva,3,No,Instituto,Cercana,Hombre,68,2,5
20,92,Medio,Medio,Sí,5,66,Medio,Sí,2,Medio,Medio,Público,Negativa,2,Sí,Universidad,Moderada,Hombre,68,2,2
31,62,Alto,Medio,No,8,83,Medio,Sí,0,Medio,Alto,Privado,Neutral,2,Sí,Universidad,Cercana,Mujer,67,2,4
17,72,Bajo,Medio,Sí,5,96,Alto,Sí,3,Alto,Medio,Público,Negativa,3,No,Instituto,Moderada,Hombre,65,2,5
21,71,Medio,Bajo,No,8,86,Medio,Sí,2,Medio,Alto,Público,Neutral,2,No,Universidad,Cercana,Hombre,66,2,4
20,66,Medio,Medio,Sí,7,94,Bajo,Sí,0,Medio,Bajo,Público,Neutral,4,No,Instituto,Moderada,Mujer,63,1,5
27,72,Alto,Alto,Sí,5,53,Medio,Sí,1,Alto,Medio,Privado,Neutral,5,No,Postgrado,Cercana,Hombre,70,2,1
35,72,Alto,Alto,Sí,5,75,Medio,Sí,1,Bajo,Medio,Público,Positiva,5,No,Universidad,Moderada,Hombre,72,2,3
17,81,Medio,Alto,No,6,78,Medio,Sí,2,Bajo,Medio,Privado,Positiva,2,No,Instituto,Moderada,Hombre,67,2,3
17,87,Alto,Bajo,Sí,6,84,Medio,Sí,0,Medio,Medio,Público,Positiva,3,No,Universidad,Lejana,Hombre,67,2,4
26,75,Bajo,Medio,Sí,9,56,Medio,Sí,1,Bajo,Medio,Público,Positiva,5,No,Instituto,Moderada,Hombre,66,2,1
24,89,Bajo,Medio,No,7,83,Medio,No,1,Bajo,Bajo,Público,Neutral,3,No,Instituto,Moderada,Hombre,66,2,4
31,73,Alto,Medio,Sí,8,57,Medio,Sí,2,Bajo,Alto,Público,Neutral,4,No,Instituto,Lejana,Hombre,69,2,1
24,72,Medio,Bajo,Sí,9,53,Medio,Sí,0,Bajo,Alto,Privado,Neutral,4,Sí,Instituto,Moderada,Hombre,62,1,1
18,82,Bajo,Medio,No,9,73,Bajo,Sí,2,Bajo,Medio,Público,Positiva,4,No,Universidad,Cercana,Mujer,66,2,3
24,61,Medio,Medio,No,7,80,Alto,Sí,0,Bajo,Medio,Público,Positiva,3,No,Postgrado,Moderada,Hombre,64,1,4
27,63,Alto,Medio,Sí,6,98,Medio,Sí,1,Bajo,Alto,Público,Positiva,2,No,Instituto,Moderada,Mujer,67,2,5
25,77,Alto,Alto,No,8,85,Medio,Sí,2,Medio,Medio,Público,Positiva,1,No,Universidad,Cercana,Hombre,71,2,4
23,98,Alto,Medio,Sí,6,80,Medio,Sí,1,Medio,Medio,Público,Positiva,2,No,Instituto,Moderada,Hombre,73,2,4
26,89,Medio,Bajo,Sí,10,61,Bajo,Sí,0,Medio,Alto,Público,Neutral,3,No,Instituto,Moderada,Mujer,68,2,2
27,64,Alto,Bajo,Sí,8,58,Medio,Sí,2,Alto,Alto,Público,Neutral,1,No,Postgrado,Lejana,Hombre,66,2,1
28,94,Medio,Alto,Sí,7,80,Medio,Sí,3,Bajo,Alto,Público,Positiva,4,No,Postgrado,Lejana,Hombre,75,3,4
24,89,Medio,Alto,Sí,8,61,Medio,Sí,1,Bajo,Alto,Público,Positiva,3,No,Postgrado,Cercana,Mujer,72,2,2
19,84,Alto,Bajo,Sí,7,85,Medio,Sí,1,Alto,Medio,Privado,Neutral,3,No,Instituto,Cercana,Hombre,68,2,4
21,93,Medio,Medio,Sí,6,56,Medio,No,1,Bajo,Medio,Público,Positiva,3,No,Instituto,Cercana,Hombre,68,2,1
27,76,Bajo,Alto,Sí,8,67,Medio,Sí,1,Medio,Medio,Público,Positiva,4,No,Instituto,Cercana,Hombre,69,2,2
15,69,Medio,Medio,Sí,7,89,Medio,Sí,1,Bajo,Alto,Público,Negativa,2,No,Universidad,Moderada,Mujer,63,1,4
22,80,Medio,Alto,Sí,10,92,Medio,Sí,0,Medio,Alto,Público,Positiva,2,No,Instituto,Cercana,Mujer,70,2,5
18,82,Bajo,Medio,Sí,6,67,Bajo,Sí,1,Alto,Bajo,Privado,Positiva,3,No,Postgrado,Moderada,Hombre,66,2,2
20,82,Bajo,Bajo,Sí,8,60,Medio,Sí,3,Medio,Alto,Público,Positiva,4,No,Instituto,Moderada,Hombre,66,2,1
28,83,Medio,Alto,No,6,98,Medio,Sí,1,Bajo,Alto,Privado,Neutral,2,No,Postgrado,Moderada,Hombre,72,2,5
21,98,Bajo,Medio,No,6,88,Medio,Sí,1,Medio,Bajo,Público,Neutral,3,No,Postgrado,Cercana,Hombre,71,2,4
20,96,Alto,Medio,No,4,90,Medio,Sí,3,Bajo,Medio,Privado,Neutral,2,No,Universidad,Cercana,Hombre,72,2,5
12,95,Medio,Medio,No,8,61,Alto,Sí,4,Alto,Alto,Privado,Neutral,1,No,Universidad,Cercana,Hombre,69,2,2
24,92,Bajo,Alto,Sí,6,71,Bajo,Sí,2,Bajo,Alto,Público,Positiva,2,No,Instituto,Cercana,Hombre,71,2,3
24,98,Medio,Bajo,No,9,53,Medio,Sí,3,Alto,Bajo,Privado,Negativa,2,No,Postgrado,Lejana,Hombre,69,2,1
33,64,Alto,Medio,No,8,55,Medio,Sí,1,Medio,Alto,Público,Neutral,3,No,Universidad,Moderada,Mujer,68,2,1
18,71,Bajo,Bajo,Sí,7,61,Bajo,Sí,2,Bajo,Medio,Público,Negativa,4,No,Universidad,Cercana,Hombre,61,1,2
21,80,Medio,Alto,No,5,65,Alto,Sí,2,Medio,Bajo,Privado,Neutral,1,No,Postgrado,Moderada,Hombre,68,2,2
21,94,Alto,Medio,Sí,8,100,Bajo,Sí,0,Bajo,Medio,Público,Neutral,3,No,Postgrado,Cercana,Hombre,72,2,5
29,80,Medio,Medio,Sí,6,71,Medio,Sí,0,Medio,Medio,Público,Positiva,3,No,Universidad,Moderada,Mujer,70,2,3
19,90,Alto,Medio,Sí,5,85,Alto,Sí,0,Medio,Alto,Privado,Positiva,5,No,Postgrado,Cercana,Mujer,73,2,4
22,66,Medio,Alto,No,8,95,Bajo,Sí,3,Medio,Medio,Privado,Positiva,3,No,Instituto,Moderada,Mujer,67,2,5
24,70,Medio,Alto,No,5,62,Medio,Sí,2,Bajo,Medio,Privado,Negativa,4,Sí,Universidad,Cercana,Hombre,65,2,2
21,89,Medio,Medio,No,4,57,Medio,Sí,1,Alto,Medio,Privado,Positiva,2,No,Instituto,Cercana,Mujer,68,2,1
17,67,Bajo,Alto,Sí,9,62,Alto,Sí,3,Medio,Medio,Público,Positiva,3,No,Instituto,Cercana,Hombre,65,2,2
21,74,Alto,Medio,No,6,94,Medio,Sí,1,Bajo,Alto,Público,Positiva,1,No,Instituto,Cercana,Hombre,97,5,5
26,71,Alto,Bajo,Sí,4,83,Bajo,Sí,1,Medio,Medio,Público,Negativa,3,No,Universidad,Moderada,Hombre,66,2,4
14,74,Alto,Alto,Sí,6,73,Alto,Sí,2,Medio,Medio,Privado,Neutral,3,No,Instituto,Cercana,Mujer,67,2,3
21,88,Alto,Medio,No,6,91,Medio,Sí,2,Alto,Medio,Público,Neutral,1,No,Instituto,Moderada,Mujer,70,2,5
16,75,Alto,Medio,Sí,9,62,Medio,Sí,3,Bajo,Medio,Público,Positiva,4,No,Instituto,Moderada,Mujer,66,2,2
27,82,Medio,Alto,Sí,5,62,Bajo,Sí,1,Bajo,Alto,Privado,Neutral,4,No,Instituto,Moderada,Mujer,69,2,2
11,64,Alto,Medio,Sí,5,78,Bajo,Sí,2,Bajo,Alto,Privado,Neutral,4,No,Universidad,Moderada,Hombre,62,1,3
17,92,Medio,Bajo,Sí,8,90,Alto,Sí,1,Alto,Bajo,Público,Negativa,3,No,Instituto,Cercana,Hombre,68,2,5
22,75,Medio,Alto,Sí,6,63,Bajo,Sí,1,Bajo,Medio,Público,Positiva,2,No,Universidad,Cercana,Hombre,67,2,2
29,86,Medio,Medio,Sí,7,61,Medio,Sí,0,Medio,Medio,Público,Negativa,4,No,Instituto,Lejana,Mujer,68,2,2
20,89,Alto,Medio,Sí,6,74,Medio,Sí,1,Bajo,Alto,Privado,Neutral,2,No,Instituto,Moderada,Hombre,69,2,3
17,68,Medio,Medio,Sí,10,57,Medio,Sí,1,Alto,Medio,Privado,Positiva,1,Sí,Instituto,Moderada,Mujer,62,1,1
31,95,Alto,Medio,Sí,5,87,Medio,Sí,2,Bajo,Medio,Público,Neutral,3,No,Postgrado,Moderada,Hombre,75,3,4
11,85,Medio,Medio,No,7,79,Bajo,Sí,2,Alto,Bajo,Público,Positiva,3,No,Instituto,Cercana,Hombre,65,2,3
7,77,Alto,Medio,No,9,76,Medio,Sí,2,Medio,Alto,Público,Negativa,3,No,Universidad,Moderada,Hombre,63,1,3
23,67,Alto,Medio,No,6,94,Bajo,Sí,1,Medio,Medio,Público,Positiva,2,No,Universidad,Lejana,Hombre,66,2,5
17,98,Bajo,Alto,No,6,87,Alto,No,3,Medio,Medio,Privado,Positiva,5,No,Universidad,Cercana,Mujer,71,2,4
14,90,Alto,Medio,Sí,8,57,Medio,Sí,0,Medio,Medio,Público,Positiva,3,Sí,Universidad,Moderada,Hombre,66,2,1
24,68,Medio,Medio,No,9,71,Medio,Sí,2,Medio,Medio,Público,Neutral,4,No,Universidad,Cercana,Hombre,66,2,3
21,74,Medio,Alto,No,6,66,Bajo,Sí,1,Medio,Alto,Privado,Negativa,4,No,Instituto,Cercana,Hombre,66,2,2
17,92,Alto,Alto,Sí,9,90,Medio,Sí,1,Alto,Bajo,Público,Positiva,3,No,Instituto,Moderada,Hombre,71,2,5
12,88,Medio,Medio,Sí,7,86,Alto,Sí,3,Medio,Alto,Público,Positiva,3,Sí,Instituto,Moderada,Hombre,68,2,4
25,91,Medio,Medio,No,8,74,Alto,Sí,1,Medio,Alto,Privado,Positiva,3,No,Universidad,Moderada,Hombre,71,2,3
24,78,Medio,Medio,Sí,9,91,Bajo,Sí,0,Alto,Alto,Público,Negativa,3,No,Postgrado,Lejana,Mujer,68,2,5
19,89,Bajo,Medio,No,8,71,Medio,Sí,2,Bajo,Alto,Público,Positiva,4,No,Instituto,Cercana,Hombre,68,2,3
31,75,Medio,Medio,No,7,90,Bajo,Sí,2,Medio,Alto,Público,Neutral,2,Sí,Instituto,Moderada,Hombre,68,2,5
14,68,Medio,Medio,Sí,6,52,Medio,Sí,2,Bajo,Medio,Público,Positiva,2,No,Universidad,Cercana,Hombre,62,1,1
11,85,Alto,Bajo,Sí,10,57,Alto,Sí,0,Medio,Alto,Público,Neutral,5,No,Instituto,Cercana,Hombre,65,2,1
16,99,Bajo,Alto,No,6,88,Alto,Sí,2,Bajo,Bajo,Público,Neutral,3,No,Postgrado,Cercana,Hombre,71,2,4
20,72,Medio,Alto,Sí,7,56,Bajo,Sí,0,Bajo,Medio,Público,Negativa,6,Sí,Universidad,Moderada,Hombre,63,1,1
21,78,Alto,Medio,No,8,84,Bajo,Sí,1,Alto,Bajo,Público,Positiva,4,No,Instituto,Cercana,Hombre,68,2,4
19,87,Alto,Bajo,Sí,8,86,Bajo,Sí,1,Medio,Alto,Público,Positiva,4,No,Instituto,Moderada,Mujer,69,2,4
22,82,Alto,Alto,No,10,83,Medio,Sí,1,Bajo,Alto,Privado,Neutral,2,Sí,Universidad,Moderada,Hombre,69,2,4
12,94,Medio,Alto,Sí,7,91,Bajo,Sí,3,Medio,Medio,Privado,Positiva,3,No,Postgrado,Cercana,Mujer,71,2,5
29,90,Medio,Alto,No,7,76,Medio,Sí,0,Bajo,Medio,Público,Neutral,1,No,Postgrado,Moderada,Mujer,71,2,3
20,62,Medio,Medio,Sí,9,95,Bajo,Sí,0,Medio,Medio,Privado,Neutral,3,Sí,Instituto,Cercana,Hombre,62,1,5
27,100,Bajo,Bajo,Sí,7,78,Bajo,Sí,2,Medio,Medio,Público,Negativa,2,No,Instituto,Cercana,Hombre,70,2,3
22,90,Alto,Alto,No,8,75,Alto,Sí,1,Bajo,Bajo,Privado,Neutral,3,No,Universidad,Moderada,Hombre,70,2,3
23,95,Medio,Medio,Sí,7,75,Medio,Sí,2,Alto,Medio,Público,Positiva,2,No,Universidad,Cercana,Hombre,73,2,3
23,86,Medio,Alto,Sí,8,96,Bajo,Sí,3,Medio,Medio,Privado,Positiva,2,No,Instituto,Moderada,Mujer,71,2,5
23,94,Medio,Bajo,Sí,8,62,Medio,Sí,2,Bajo,Medio,Público,Positiva,0,No,Postgrado,Moderada,Mujer,69,2,2
24,64,Medio,Alto,Sí,6,85,Alto,Sí,0,Alto,Bajo,Privado,Neutral,3,Sí,Postgrado,Cercana,Hombre,66,2,4
28,74,Medio,Bajo,Sí,4,62,Medio,Sí,1,Bajo,Medio,Privado,Neutral,3,No,Instituto,Moderada,Hombre,65,2,2
21,95,Alto,Medio,No,4,55,Medio,Sí,2,Medio,Alto,Privado,Neutral,1,No,Universidad,Cercana,Hombre,71,2,1
24,68,Medio,Medio,Sí,4,98,Alto,Sí,2,Medio,Alto,Público,Negativa,2,No,Instituto,Cercana,Hombre,68,2,5
19,63,Medio,Alto,Sí,7,56,Medio,Sí,2,Bajo,Medio,Privado,Positiva,3,No,Instituto,Cercana,Mujer,64,1,1
29,92,Bajo,Bajo,Sí,4,84,Medio,Sí,2,Bajo,Medio,Público,Negativa,3,No,Postgrado,Cercana,Hombre,71,2,4
16,93,Bajo,Medio,No,7,71,Medio,Sí,0,Medio,Alto,Público,Positiva,2,No,Instituto,Cercana,Hombre,67,2,3
31,67,Medio,Bajo,No,7,92,Alto,Sí,2,Medio,Medio,Público,Negativa,3,No,Instituto,Lejana,Mujer,66,2,5
20,94,Bajo,Alto,Sí,8,89,Medio,Sí,1,Bajo,Medio,Público,Positiva,4,No,Instituto,Cercana,Hombre,71,2,4
11,87,Bajo,Medio,No,8,57,Alto,Sí,0,Bajo,Medio,Público,Negativa,2,No,Instituto,Moderada,Hombre,62,1,1
21,81,Alto,Medio,No,8,73,Medio,Sí,3,Bajo,Medio,Público,Positiva,2,Sí,Instituto,Cercana,Hombre,67,2,3
16,93,Medio,Bajo,Sí,8,51,Medio,Sí,3,Bajo,Medio,Público,Neutral,2,No,Universidad,Cercana,Hombre,67,2,1
25,77,Bajo,Medio,Sí,7,71,Medio,Sí,0,Medio,Medio,Público,Negativa,3,No,Instituto,Cercana,Mujer,66,2,3
16,68,Bajo,Medio,Sí,7,85,Alto,Sí,1,Bajo,Alto,Privado,Positiva,3,No,Postgrado,Moderada,Mujer,64,1,4
17,71,Bajo,Medio,Sí,6,62,Medio,Sí,2,Bajo,Medio,Público,Neutral,3,Sí,Universidad,Cercana,Hombre,62,1,2
9,80,Medio,Alto,No,7,91,Bajo,Sí,1,Medio,Medio,Público,Neutral,3,No,Universidad,Cercana,Mujer,65,2,5
17,81,Medio,Bajo,Sí,5,53,Bajo,Sí,0,Medio,Medio,Público,Neutral,1,No,Universidad,Cercana,Hombre,63,1,1
5,92,Medio,Medio,Sí,9,52,Medio,Sí,2,Alto,Medio,Privado,Neutral,4,Sí,Universidad,Moderada,Mujer,64,1,1
10,92,Bajo,Alto,Sí,6,51,Bajo,Sí,1,Medio,Medio,Privado,Neutral,3,No,Instituto,Cercana,Mujer,65,2,1
25,83,Medio,Alto,No,7,64,Medio,Sí,0,Bajo,Medio,Público,Neutral,2,No,Universidad,Moderada,Hombre,68,2,2
25,91,Medio,Alto,Sí,7,73,Medio,Sí,2,Bajo,Medio,Público,Positiva,3,No,Instituto,Cercana,Mujer,72,2,3
23,68,Medio,Medio,Sí,9,55,Medio,Sí,0,Bajo,Medio,Público,Positiva,3,No,Universidad,Moderada,Hombre,64,1,1
14,62,Alto,Medio,No,4,100,Bajo,Sí,1,Bajo,Medio,Público,Neutral,3,No,Instituto,Cercana,Hombre,62,1,5
20,95,Medio,Bajo,Sí,7,100,Bajo,No,3,Bajo,Medio,Privado,Neutral,2,No,Instituto,Cercana,Mujer,69,2,5
20,63,Bajo,Bajo,Sí,8,76,Medio,Sí,3,Medio,Medio,Público,Neutral,4,No,Postgrado,Cercana,Mujer,64,1,3
13,70,Alto,Medio,No,10,78,Medio,Sí,1,Bajo,Medio,Público,Negativa,2,No,Instituto,Lejana,Mujer,61,1,3
29,88,Medio,Alto,No,7,96,Bajo,Sí,2,Bajo,Bajo,Público,Positiva,2,No,Instituto,Cercana,Mujer,72,2,5
25,76,Medio,Bajo,Sí,6,88,Bajo,Sí,1,Medio,Medio,Privado,Negativa,3,No,Universidad,Lejana,Hombre,66,2,4
19,95,Alto,Bajo,No,10,58,Bajo,Sí,2,Alto,Medio,Público,Positiva,3,No,Instituto,Cercana,Hombre,69,2,1
20,72,Medio,Medio,No,8,90,Alto,No,2,Bajo,Bajo,Privado,Neutral,2,No,Universidad,Cercana,Mujer,65,2,5
21,60,Alto,Medio,Sí,9,62,Medio,Sí,2,Bajo,Medio,Público,Positiva,3,No,Instituto,Cercana,Hombre,64,1,2
8,72,Bajo,Medio,Sí,5,72,Medio,Sí,3,Alto,Bajo,Privado,Positiva,4,No,Instituto,Cercana,Mujer,62,1,3
19,83,Medio,Medio,No,8,77,Alto,Sí,1,Bajo,Medio,Público,Positiva,4,No,Instituto,Lejana,Hombre,66,2,3
16,75,Bajo,Bajo,Sí,5,86,Medio,Sí,0,Bajo,Medio,Público,Positiva,1,No,Universidad,Moderada,Mujer,62,1,4
14,81,Medio,Medio,Sí,5,58,Alto,Sí,3,Bajo,Alto,Público,Negativa,4,No,Postgrado,Moderada,Hombre,66,2,1
18,95,Medio,Alto,No,8,54,Medio,Sí,2,Alto,Medio,Público,Neutral,3,No,Universidad,Moderada,Mujer,70,2,1
31,96,Medio,Medio,Sí,8,93,Bajo,Sí,3,Bajo,Medio,Público,Positiva,3,No,Instituto,Cercana,Hombre,75,3,5
24,71,Bajo,Alto,Sí,6,91,Medio,Sí,3,Alto,Medio,Público,Neutral,2,No,Instituto,Lejana,Mujer,67,2,5
17,78,Bajo,Medio,Sí,9,76,Bajo,Sí,4,Medio,Medio,Público,Positiva,2,No,Universidad,Cercana,Hombre,66,2,3
23,82,Medio,Alto,No,6,83,Medio,Sí,2,Medio,Medio,Privado,Positiva,3,No,Postgrado,Moderada,Hombre,71,2,4
28,98,Alto,Medio,Sí,7,86,Medio,Sí,2,Medio,Alto,Privado,Neutral,2,No,Instituto,Cercana,Mujer,75,3,4
26,100,Alto,Alto,No,7,74,Bajo,Sí,1,Medio,Medio,Público,Neutral,2,No,Instituto,Lejana,Mujer,72,2,3
20,69,Alto,Medio,No,7,63,Bajo,Sí,2,Bajo,Medio,Privado,Negativa,2,No,Instituto,Moderada,Mujer,64,1,2
16,89,Medio,Medio,Sí,9,74,Medio,No,1,Bajo,Medio,Público,Neutral,3,No,Instituto,Lejana,Hombre,65,2,3
24,75,Bajo,Medio,No,5,98,Alto,Sí,1,Bajo,Medio,Público,Positiva,3,No,Instituto,Cercana,Hombre,67,2,5
22,60,Medio,Medio,No,6,92,Bajo,Sí,2,Bajo,Alto,Público,Negativa,2,No,Instituto,Cercana,Hombre,63,1,5
25,60,Medio,Bajo,Sí,5,73,Bajo,Sí,1,Medio,Medio,Público,Negativa,2,No,Instituto,Cercana,Hombre,62,1,3
24,78,Bajo,Alto,Sí,10,61,Alto,Sí,2,Medio,Medio,Público,Positiva,4,No,Universidad,Moderada,Mujer,69,2,2
26,80,Medio,Medio,Sí,7,94,Medio,Sí,1,Bajo,Medio,Privado,Positiva,2,No,Postgrado,Moderada,Hombre,70,2,5
17,61,Bajo,Medio,Sí,6,82,Alto,Sí,0,Medio,Alto,Público,Neutral,4,No,Postgrado,Cercana,Hombre,63,1,4
28,87,Medio,Medio,Sí,7,70,Medio,Sí,2,Bajo,Medio,Público,Neutral,2,No,Postgrado,Cercana,Hombre,71,2,2
21,72,Medio,Bajo,Sí,8,56,Medio,Sí,0,Bajo,Medio,Público,Neutral,4,No,Instituto,Cercana,Hombre,63,1,1
32,82,Bajo,Medio,Sí,8,88,Bajo,Sí,0,Alto,Medio,Público,Positiva,2,No,Universidad,Moderada,Hombre,71,2,4
16,72,Medio,Medio,Sí,6,66,Bajo,Sí,0,Bajo,Medio,Privado,Positiva,4,No,Universidad,Cercana,Hombre,63,1,2
30,67,Medio,Alto,Sí,6,80,Alto,Sí,0,Bajo,Medio,Público,Neutral,4,No,Instituto,Moderada,Hombre,68,2,4
21,76,Medio,Bajo,Sí,5,78,Alto,No,0,Bajo,Alto,Público,Neutral,3,No,Instituto,Cercana,Hombre,65,2,3
16,69,Alto,Alto,Sí,7,85,Medio,Sí,0,Alto,Alto,Privado,Negativa,3,No,Instituto,Cercana,Mujer,66,2,4
17,81,Bajo,Medio,Sí,9,77,Medio,Sí,3,Bajo,Medio,Público,Neutral,4,No,Universidad,Lejana,Hombre,66,2,3
18,68,Alto,Alto,No,6,82,Bajo,Sí,0,Medio,Alto,Público,Positiva,3,No,Instituto,Cercana,Hombre,66,2,4
23,80,Bajo,Bajo,Sí,8,54,Medio,Sí,0,Medio,Alto,Privado,Positiva,2,No,Instituto,Cercana,Mujer,65,2,1
23,66,Medio,Alto,No,6,83,Medio,Sí,0,Alto,Medio,Público,Positiva,2,No,Instituto,Cercana,Mujer,66,2,4
17,87,Medio,Medio,Sí,5,60,Medio,Sí,4,Medio,Medio,Privado,Positiva,3,Sí,Instituto,Cercana,Mujer,67,2,1
20,90,Alto,Medio,No,8,70,Medio,Sí,0,Medio,Medio,Privado,Neutral,3,No,Instituto,Moderada,Mujer,68,2,2
33,64,Medio,Bajo,Sí,10,76,Bajo,Sí,2,Alto,Alto,Privado,Neutral,3,No,Instituto,Cercana,Hombre,68,2,3
30,79,Bajo,Medio,No,8,84,Medio,Sí,3,Bajo,Medio,Privado,Negativa,3,No,Universidad,Moderada,Mujer,69,2,4
23,63,Medio,Bajo,Sí,6,87,Bajo,Sí,1,Medio,Medio,Público,Neutral,2,No,Postgrado,Cercana,Hombre,64,1,4
20,84,Medio,Medio,No,6,85,Medio,Sí,0,Medio,Medio,Privado,Positiva,3,No,Instituto,Moderada,Hombre,67,2,4
21,71,Medio,Medio,Sí,10,55,Bajo,Sí,1,Medio,Medio,Público,Negativa,4,No,Instituto,Moderada,Mujer,63,1,1
24,81,Bajo,Alto,Sí,7,69,Medio,Sí,3,Bajo,Medio,Público,Negativa,3,No,Universidad,Cercana,Hombre,67,2,2
14,81,Medio,Alto,Sí,6,64,Bajo,No,2,Alto,Alto,Público,Neutral,2,No,Instituto,Lejana,Mujer,64,1,2
18,97,Bajo,Medio,No,7,70,Bajo,Sí,0,Alto,Medio,Público,Neutral,2,Sí,Instituto,Cercana,Mujer,66,2,2
10,82,Alto,Medio,No,7,82,Bajo,Sí,2,Bajo,Alto,Privado,Neutral,4,No,Instituto,Cercana,Hombre,65,2,4
22,83,Medio,Medio,Sí,8,60,Bajo,No,4,Medio,Medio,Público,Neutral,2,No,Postgrado,Moderada,Mujer,68,2,1
24,76,Bajo,Alto,No,9,75,Bajo,Sí,0,Bajo,Medio,Privado,Positiva,5,No,Instituto,Cercana,Hombre,66,2,3
17,98,Alto,Alto,No,9,94,Bajo,Sí,0,Alto,Bajo,Público,Negativa,3,No,Universidad,Cercana,Hombre,71,2,5
29,91,Medio,Alto,Sí,7,87,Medio,No,2,Medio,Alto,Privado,Negativa,4,No,Universidad,Cercana,Mujer,74,3,4
13,71,Medio,Alto,No,7,86,Bajo,Sí,2,Bajo,Medio,Público,Positiva,3,No,Postgrado,Cercana,Hombre,65,2,4
11,94,Bajo,Alto,Sí,8,92,Alto,Sí,0,Medio,Medio,Público,Neutral,4,No,Instituto,Cercana,Mujer,68,2,5
21,77,Medio,Alto,Sí,6,70,Bajo,No,2,Alto,Medio,Privado,Positiva,2,No,Universidad,Cercana,Hombre,68,2,2
26,93,Medio,Medio,No,8,88,Medio,Sí,1,Medio,Alto,Público,Neutral,4,Sí,Universidad,Cercana,Hombre,72,2,4
30,93,Alto,Alto,Sí,7,53,Medio,Sí,3,Bajo,Medio,Privado,Negativa,2,No,Postgrado,Moderada,Mujer,74,3,1
17,68,Bajo,Alto,No,8,53,Medio,Sí,0,Bajo,Medio,Público,Neutral,2,No,Universidad,Cercana,Hombre,61,1,1
26,88,Bajo,Bajo,No,10,67,Bajo,Sí,0,Bajo,Bajo,Privado,Positiva,3,No,Instituto,Lejana,Hombre,65,2,2
20,72,Alto,Bajo,No,8,60,Bajo,Sí,0,Bajo,Medio,Público,Neutral,5,No,Instituto,Cercana,Hombre,63,1,1
19,72,Alto,Medio,Sí,7,76,Medio,Sí,1,Medio,Alto,Público,Positiva,2,No,Instituto,Moderada,Mujer,66,2,3
25,72,Bajo,Alto,Sí,6,59,Medio,Sí,2,Bajo,Medio,Público,Negativa,3,No,Instituto,Cercana,Hombre,66,2,1
24,89,Alto,Medio,Sí,7,99,Medio,Sí,2,Bajo,Alto,Privado,Neutral,4,No,Instituto,Cercana,Mujer,73,2,5
11,69,Medio,Medio,No,5,93,Medio,Sí,0,Medio,Alto,Público,Negativa,4,No,Universidad,Cercana,Hombre,63,1,5
29,60,Alto,Alto,Sí,8,99,Medio,Sí,0,Medio,Medio,Público,Positiva,4,Sí,Instituto,Cercana,Mujer,68,2,5
28,89,Alto,Bajo,Sí,4,90,Alto,Sí,3,Bajo,Alto,Público,Positiva,2,Sí,Postgrado,Moderada,Mujer,73,2,5
16,67,Bajo,Alto,Sí,8,98,Medio,Sí,0,Alto,Bajo,Privado,Negativa,3,No,Instituto,Moderada,Hombre,63,1,5
22,64,Medio,Alto,Sí,8,68,Medio,Sí,2,Medio,Medio,Público,Negativa,4,No,Instituto,Cercana,Hombre,65,2,2
23,70,Bajo,Alto,Sí,7,75,Alto,Sí,0,Bajo,Medio,Público,Positiva,4,No,Instituto,Cercana,Mujer,66,2,3
22,75,Bajo,Bajo,Sí,6,62,Medio,Sí,0,Alto,Alto,Público,Negativa,3,No,Postgrado,Cercana,Mujer,65,2,2
17,79,Bajo,Alto,Sí,7,82,Medio,Sí,0,Medio,Alto,Público,Negativa,2,No,Universidad,Cercana,Hombre,66,2,4
16,62,Alto,Medio,No,4,89,Alto,Sí,3,Bajo,Medio,Público,Neutral,3,No,Universidad,Cercana,Mujer,65,2,4
20,99,Medio,Medio,No,8,75,Medio,Sí,2,Bajo,Alto,Privado,Negativa,2,No,Postgrado,Lejana,Mujer,70,2,3
27,89,Medio,Medio,No,7,65,Medio,Sí,1,Medio,Medio,Público,Neutral,3,No,Instituto,Cercana,Mujer,70,2,2
23,73,Alto,Medio,Sí,9,75,Medio,Sí,0,Alto,Alto,Privado,Positiva,3,No,Instituto,Moderada,Mujer,68,2,3
18,73,Medio,Alto,No,8,53,Medio,No,1,Bajo,Alto,Público,Neutral,3,No,Postgrado,Moderada,Hombre,64,1,1
25,78,Medio,Medio,No,7,86,Medio,Sí,1,Medio,Medio,Público,Negativa,3,No,Postgrado,Moderada,Mujer,68,2,4
3,85,Bajo,Alto,No,8,73,Bajo,Sí,2,Bajo,Medio,Privado,Neutral,3,No,Instituto,Cercana,Hombre,62,1,3
27,66,Medio,Medio,Sí,6,95,Medio,Sí,1,Medio,Medio,Público,Positiva,3,No,Universidad,Moderada,Hombre,68,2,5
10,68,Bajo,Medio,No,6,96,Bajo,Sí,1,Alto,Medio,Público,Neutral,3,No,Universidad,Moderada,Hombre,61,1,5
18,94,Alto,Medio,Sí,7,56,Bajo,No,1,Bajo,Medio,Público,Positiva,3,No,Postgrado,Cercana,Hombre,69,2,1
13,70,Medio,Medio,Sí,7,100,Medio,Sí,3,Bajo,Medio,Público,Neutral,3,No,Instituto,Cercana,Hombre,65,2,5
12,75,Medio,Alto,Sí,6,98,Medio,Sí,2,Bajo,Medio,Público,Neutral,2,No,Universidad,Lejana,Hombre,65,2,5
27,95,Medio,Alto,No,7,81,Bajo,Sí,3,Bajo,Medio,Público,Neutral,2,No,Instituto,Moderada,Hombre,72,2,4
17,87,Medio,Medio,Sí,7,91,Alto,Sí,3,Bajo,Alto,Público,Positiva,3,Sí,Universidad,Cercana,Mujer,70,2,5
22,74,Medio,Alto,Sí,10,51,Medio,No,1,Medio,Medio,Privado,Negativa,4,No,Instituto,Cercana,Hombre,65,2,1
20,87,Medio,Medio,No,7,99,Medio,Sí,3,Bajo,Medio,Público,Negativa,3,No,Instituto,Cercana,Hombre,69,2,5
23,61,Alto,Bajo,Sí,6,73,Medio,Sí,1,Medio,Medio,Público,Positiva,3,No,Universidad,Cercana,Hombre,65,2,3
20,89,Bajo,Medio,Sí,7,95,Bajo,Sí,3,Bajo,Medio,Privado,Neutral,2,No,Instituto,Cercana,Hombre,69,2,5
12,79,Bajo,Medio,Sí,9,69,Medio,Sí,2,Bajo,Alto,Público,Neutral,3,No,Postgrado,Cercana,Hombre,65,2,2
26,93,Medio,Alto,Sí,9,89,Medio,Sí,0,Bajo,Medio,Público,Neutral,3,No,Universidad,Moderada,Hombre,72,2,4
17,98,Alto,Bajo,Sí,10,71,Medio,Sí,0,Bajo,Alto,Privado,Positiva,3,No,Postgrado,Moderada,Mujer,70,2,3
11,97,Medio,Medio,Sí,7,68,Bajo,Sí,0,Bajo,Medio,Privado,Negativa,2,No,Instituto,Moderada,Mujer,64,1,2
17,96,Medio,Bajo,No,8,97,Bajo,Sí,0,Medio,Medio,Público,Negativa,3,No,Instituto,Cercana,Mujer,67,2,5
29,80,Medio,Bajo,No,5,85,Alto,Sí,0,Alto,Alto,Público,Neutral,2,No,Instituto,Moderada,Hombre,69,2,4
25,74,Bajo,Medio,Sí,6,92,Bajo,Sí,4,Medio,Medio,Privado,Positiva,3,No,Postgrado,Cercana,Hombre,70,2,5
18,79,Medio,Medio,Sí,5,77,Bajo,Sí,1,Bajo,Alto,Público,Neutral,3,No,Instituto,Cercana,Hombre,65,2,3
18,88,Alto,Alto,Sí,8,96,Bajo,Sí,1,Bajo,Medio,Público,Positiva,3,No,Instituto,Lejana,Mujer,69,2,5
18,95,Alto,Medio,Sí,7,87,Alto,Sí,5,Medio,Medio,Público,Neutral,2,No,Universidad,Cercana,Hombre,74,3,4
32,68,Bajo,Medio,Sí,7,54,Medio,Sí,1,Bajo,Medio,Privado,Neutral,1,No,Postgrado,Cercana,Hombre,66,2,1
22,97,Medio,Medio,Sí,6,88,Alto,Sí,1,Bajo,Bajo,Privado,Positiva,4,No,Universidad,Cercana,Hombre,72,2,4
23,93,Medio,Bajo,Sí,8,51,Alto,No,0,Bajo,Alto,Privado,Positiva,1,No,Instituto,Cercana,Hombre,67,2,1
26,99,Bajo,Alto,Sí,4,91,Alto,Sí,2,Alto,Bajo,Público,Neutral,4,No,Postgrado,Moderada,Mujer,75,3,5
21,95,Medio,Bajo,Sí,7,67,Medio,Sí,3,Medio,Medio,Público,Positiva,2,No,Universidad,Lejana,Mujer,70,2,2
18,71,Bajo,Bajo,No,7,80,Medio,Sí,1,Medio,Bajo,Público,Neutral,4,No,Postgrado,Moderada,Mujer,63,1,4
19,64,Medio,Medio,No,4,87,Alto,Sí,2,Medio,Medio,Privado,Positiva,4,No,Instituto,Moderada,Hombre,65,2,4
20,64,Medio,Alto,No,8,82,Medio,Sí,3,Medio,Bajo,Público,Negativa,3,No,Instituto,Moderada,Mujer,64,1,4
20,72,Medio,Alto,No,7,84,Bajo,Sí,2,Medio,Alto,Público,Negativa,2,No,Instituto,Moderada,Mujer,65,2,4
24,85,Medio,Medio,Sí,8,95,Medio,Sí,2,Medio,Medio,Público,Negativa,4,No,Instituto,Cercana,Mujer,70,2,5
20,92,Medio,Bajo,No,10,69,Medio,Sí,0,Bajo,Medio,Público,Positiva,2,No,Postgrado,Lejana,Hombre,67,2,2
24,96,Medio,Medio,Sí,7,77,Bajo,No,0,Bajo,Medio,Público,Negativa,2,Sí,Instituto,Cercana,Mujer,67,2,3
20,85,Medio,Alto,No,8,59,Medio,Sí,1,Medio,Medio,Público,Positiva,3,No,Postgrado,Lejana,Mujer,68,2,1
20,60,Medio,Medio,No,9,73,Alto,Sí,4,Medio,Medio,Público,Negativa,4,No,Universidad,Cercana,Hombre,65,2,3
8,67,Alto,Medio,Sí,8,58,Bajo,Sí,2,Medio,Medio,Público,Positiva,1,No,Postgrado,Moderada,Mujer,61,1,1
25,64,Medio,Bajo,Sí,6,82,Bajo,Sí,2,Bajo,Medio,Público,Negativa,3,No,Instituto,Moderada,Mujer,63,1,4
22,75,Medio,Bajo,Sí,5,66,Bajo,Sí,2,Bajo,Medio,Público,Positiva,2,No,Instituto,Lejana,Hombre,80,3,2
26,80,Medio,Medio,Sí,8,93,Medio,Sí,2,Bajo,Bajo,Público,Neutral,1,No,Postgrado,Moderada,Hombre,69,2,5
3,62,Medio,Bajo,No,6,67,Medio,Sí,1,Bajo,Medio,Público,Negativa,3,No,Instituto,Cercana,Hombre,55,1,2
33,74,Medio,Medio,No,9,64,Medio,Sí,2,Medio,Medio,Privado,Neutral,4,No,Postgrado,Cercana,Mujer,70,2,2
19,67,Medio,Medio,Sí,6,75,Alto,Sí,1,Bajo,Medio,Público,Neutral,3,No,Universidad,Cercana,Mujer,65,2,3
27,86,Bajo,Medio,Sí,7,59,Bajo,Sí,1,Medio,Medio,Público,Neutral,3,No,Instituto,Cercana,Hombre,68,2,1
14,79,Medio,Bajo,Sí,5,60,Medio,Sí,3,Bajo,Medio,Público,Negativa,5,No,Instituto,Cercana,Hombre,64,1,1
24,80,Medio,Medio,No,6,89,Medio,Sí,1,Bajo,Alto,Público,Neutral,3,No,Universidad,Cercana,Hombre,69,2,4
14,77,Bajo,Alto,No,6,75,Medio,Sí,1,Medio,Alto,Público,Neutral,4,Sí,Instituto,Cercana,Mujer,89,4,3
16,98,Medio,Bajo,Sí,6,60,Medio,Sí,1,Medio,Medio,Privado,Positiva,3,No,Instituto,Lejana,Hombre,67,2,1
31,69,Medio,Medio,No,7,52,Medio,No,2,Alto,Bajo,Público,Neutral,5,No,Universidad,Lejana,Hombre,92,5,1
19,81,Alto,Alto,No,6,73,Bajo,No,1,Bajo,Alto,Privado,Positiva,3,No,Instituto,Cercana,Mujer,67,2,3
21,89,Bajo,Medio,Sí,10,87,Bajo,Sí,3,Medio,Medio,Público,Positiva,3,No,Universidad,Cercana,Hombre,70,2,4
25,82,Alto,Bajo,No,8,68,Medio,Sí,1,Bajo,Alto,Público,Neutral,3,No,Universidad,Cercana,Hombre,68,2,2
23,97,Medio,Bajo,Sí,9,62,Medio,Sí,0,Bajo,Medio,Privado,Positiva,2,No,Postgrado,Cercana,Hombre,70,2,2
21,75,Medio,Medio,Sí,7,70,Bajo,Sí,3,Medio,Medio,Público,Positiva,4,Sí,Postgrado,Cercana,Hombre,67,2,2
22,79,Medio,Medio,Sí,7,98,Alto,Sí,0,Alto,Medio,Público,Neutral,3,No,Instituto,Cercana,Hombre,69,2,5
34,64,Medio,Medio,No,6,71,Alto,Sí,0,Bajo,Alto,Privado,Negativa,4,No,Instituto,Cercana,Mujer,67,2,3
20,84,Alto,Alto,Sí,10,63,Medio,Sí,0,Bajo,Medio,Privado,Positiva,4,No,Instituto,Cercana,Mujer,69,2,2
21,72,Medio,Alto,No,7,78,Bajo,No,0,Alto,Medio,Público,Neutral,1,Sí,Instituto,Cercana,Mujer,63,1,3
26,66,Medio,Medio,No,6,91,Medio,Sí,3,Medio,Medio,Público,Positiva,3,No,Universidad,Cercana,Mujer,69,2,5
27,82,Medio,Alto,No,6,51,Bajo,Sí,1,Bajo,Medio,Público,Negativa,3,No,Instituto,Moderada,Hombre,66,2,1
27,81,Medio,Medio,No,8,78,Medio,Sí,0,Medio,Medio,Público,Positiva,3,No,Instituto,Moderada,Hombre,68,2,3
24,63,Medio,Medio,Sí,9,92,Medio,Sí,4,Medio,Medio,Privado,Positiva,4,No,Postgrado,Cercana,Hombre,69,2,5
13,88,Alto,Bajo,Sí,9,61,Bajo,Sí,4,Medio,Medio,Privado,Negativa,3,No,Instituto,Cercana,Mujer,66,2,2
30,85,Medio,Medio,Sí,6,96,Bajo,Sí,1,Medio,Medio,Privado,Neutral,4,No,Instituto,Cercana,Mujer,72,2,5
13,68,Bajo,Medio,Sí,6,79,Medio,Sí,1,Alto,Medio,Privado,Negativa,3,No,Universidad,Cercana,Hombre,62,1,3
22,79,Medio,Medio,No,9,76,Medio,Sí,1,Bajo,Medio,Privado,Positiva,2,No,Instituto,Cercana,Hombre,67,2,3
15,89,Alto,Bajo,No,10,98,Bajo,Sí,0,Bajo,Medio,Privado,Positiva,2,No,Universidad,Cercana,Hombre,67,2,5
20,81,Alto,Alto,Sí,7,56,Bajo,No,1,Medio,Medio,Privado,Positiva,3,No,Instituto,Cercana,Hombre,67,2,1
22,76,Medio,Bajo,No,9,87,Bajo,Sí,2,Bajo,Alto,Público,Neutral,3,Sí,Universidad,Cercana,Mujer,65,2,4
22,73,Alto,Bajo,No,5,91,Medio,Sí,1,Medio,Medio,Público,Positiva,3,No,Postgrado,Moderada,Hombre,67,2,5
23,84,Bajo,Bajo,No,6,74,Medio,No,3,Bajo,Medio,Público,Positiva,1,No,Instituto,Cercana,Mujer,66,2,3
30,98,Bajo,Bajo,Sí,5,50,Alto,Sí,0,Bajo,Alto,Público,Negativa,2,No,Universidad,Cercana,Hombre,70,2,1
23,87,Bajo,Alto,No,8,76,Medio,Sí,2,Alto,Medio,Público,Positiva,5,Sí,Postgrado,Cercana,Mujer,71,2,3
19,63,Bajo,Alto,Sí,7,58,Medio,Sí,2,Bajo,Alto,Privado,Neutral,3,No,Postgrado,Cercana,Mujer,64,1,1
26,78,Bajo,Alto,Sí,7,78,Bajo,Sí,4,Medio,Medio,Privado,Neutral,4,No,Instituto,Moderada,Mujer,69,2,3
27,96,Medio,Alto,Sí,9,87,Bajo,No,0,Medio,Alto,Público,Positiva,2,No,Universidad,Moderada,Hombre,72,2,4
13,64,Medio,Bajo,Sí,6,77,Medio,Sí,0,Bajo,Alto,Público,Neutral,4,No,Instituto,Cercana,Hombre,60,1,3
24,100,Medio,Bajo,Sí,7,82,Bajo,Sí,1,Medio,Alto,Privado,Positiva,3,No,Instituto,Moderada,Hombre,71,2,4
24,98,Medio,Medio,Sí,5,55,Alto,Sí,0,Medio,Medio,Público,Positiva,3,No,Instituto,Moderada,Hombre,71,2,1
18,63,Alto,Alto,No,9,55,Medio,Sí,2,Alto,Alto,Privado,Positiva,2,No,Postgrado,Cercana,Mujer,66,2,1
28,97,Medio,Medio,No,9,93,Bajo,Sí,3,Medio,Alto,Público,Neutral,3,No,Instituto,Cercana,Mujer,74,3,5
19,75,Medio,Medio,No,8,52,Alto,Sí,0,Bajo,Medio,Público,Negativa,4,No,Postgrado,Moderada,Hombre,64,1,1
21,94,Medio,Bajo,Sí,7,64,Bajo,Sí,2,Medio,Medio,Privado,Neutral,2,No,Instituto,Cercana,Hombre,68,2,2
19,77,Alto,Bajo,No,6,97,Bajo,Sí,4,Bajo,Medio,Público,Negativa,2,No,Instituto,Cercana,Hombre,66,2,5
20,78,Medio,Medio,No,5,73,Bajo,Sí,1,Bajo,Medio,Público,Negativa,3,No,Universidad,Cercana,Mujer,65,2,3
13,85,Bajo,Alto,Sí,7,84,Medio,No,0,Bajo,Medio,Público,Neutral,5,No,Instituto,Moderada,Mujer,64,1,4
11,91,Medio,Bajo,No,8,61,Medio,Sí,1,Alto,Medio,Privado,Positiva,3,No,Postgrado,Lejana,Hombre,65,2,2
30,61,Alto,Alto,No,10,64,Bajo,Sí,4,Medio,Medio,Público,Positiva,2,No,Postgrado,Moderada,Hombre,69,2,2
15,84,Medio,Alto,Sí,6,75,Medio,Sí,2,Medio,Medio,Privado,Positiva,4,Sí,Postgrado,Cercana,Mujer,68,2,3
14,67,Medio,Alto,No,7,82,Bajo,Sí,1,Medio,Medio,Público,Neutral,3,No,Instituto,Lejana,Mujer,62,1,4
7,74,Bajo,Alto,No,9,98,Alto,Sí,3,Alto,Bajo,Público,Neutral,2,No,Instituto,Moderada,Hombre,63,1,5
16,74,Alto,Bajo,No,9,79,Alto,Sí,0,Alto,Medio,Público,Neutral,4,No,Postgrado,Moderada,Mujer,65,2,3
12,79,Bajo,Alto,No,6,55,Medio,Sí,1,Bajo,Alto,Privado,Neutral,4,No,Universidad,Lejana,Mujer,62,1,1
30,73,Bajo,Medio,No,7,68,Medio,Sí,0,Bajo,Alto,Público,Positiva,2,No,Postgrado,Cercana,Hombre,67,2,2
26,64,Bajo,Alto,No,6,62,Bajo,Sí,1,Bajo,Medio,Privado,Positiva,5,No,Instituto,Moderada,Hombre,64,1,2
16,66,Medio,Bajo,No,6,63,Bajo,Sí,2,Medio,Alto,Público,Neutral,3,No,Universidad,Moderada,Hombre,61,1,2
34,61,Bajo,Medio,No,9,75,Medio,Sí,1,Bajo,Medio,Público,Neutral,2,No,Universidad,Lejana,Hombre,65,2,3
26,79,Alto,Bajo,No,7,66,Medio,Sí,1,Alto,Medio,Público,Positiva,5,Sí,Instituto,Moderada,Hombre,67,2,2
18,98,Alto,Bajo,No,7,64,Medio,Sí,0,Medio,Medio,Público,Positiva,4,No,Postgrado,Moderada,Hombre,70,2,2
5,65,Medio,Alto,Sí,7,98,Bajo,Sí,1,Bajo,Bajo,Privado,Positiva,3,No,Instituto,Lejana,Hombre,59,1,5
34,98,Medio,Alto,No,7,79,Medio,Sí,1,Bajo,Medio,Privado,Neutral,4,No,Universidad,Cercana,Hombre,75,3,3
12,89,Bajo,Medio,Sí,7,63,Medio,Sí,4,Bajo,Alto,Público,Neutral,2,No,Universidad,Cercana,Hombre,67,2,2
10,85,Medio,Medio,Sí,6,64,Bajo,Sí,1,Medio,Medio,Público,Negativa,3,No,Universidad,Cercana,Hombre,64,1,2
26,86,Medio,Alto,Sí,9,91,Medio,Sí,3,Alto,Medio,Público,Neutral,3,Sí,Instituto,Cercana,Mujer,72,2,5
35,93,Medio,Medio,Sí,6,94,Medio,Sí,5,Medio,Medio,Público,Neutral,2,Sí,Universidad,Cercana,Mujer,76,3,5
28,64,Medio,Alto,Sí,6,84,Bajo,Sí,2,Medio,Medio,Privado,Positiva,2,No,Postgrado,Cercana,Hombre,69,2,4
23,80,Bajo,Medio,No,7,72,Bajo,Sí,0,Bajo,Alto,Público,Negativa,5,No,Instituto,Cercana,Hombre,65,2,3
24,88,Alto,Medio,No,10,88,Bajo,Sí,2,Alto,Alto,Público,Positiva,1,No,Postgrado,Lejana,Mujer,72,2,4
25,83,Medio,Alto,Sí,6,97,Bajo,Sí,0,Bajo,Bajo,Público,Neutral,4,No,Instituto,Cercana,Hombre,69,2,5
25,93,Alto,Medio,No,8,58,Medio,Sí,0,Alto,Medio,Privado,Positiva,4,No,Instituto,Moderada,Mujer,71,2,1
22,63,Alto,Medio,No,7,93,Alto,Sí,0,Medio,Medio,Privado,Neutral,2,No,Instituto,Lejana,Hombre,64,1,5
21,88,Alto,Alto,Sí,7,92,Alto,Sí,2,Medio,Medio,Público,Positiva,3,No,Postgrado,Cercana,Mujer,74,3,5
20,81,Medio,Alto,Sí,8,68,Medio,Sí,0,Medio,Medio,Público,Neutral,3,No,Universidad,Cercana,Hombre,68,2,2
15,75,Medio,Alto,Sí,4,65,Alto,Sí,1,Bajo,Bajo,Privado,Positiva,4,No,Postgrado,Moderada,Mujer,66,2,2
18,74,Medio,Medio,No,6,78,Alto,Sí,0,Alto,Medio,Público,Positiva,2,No,Instituto,Moderada,Mujer,65,2,3
10,85,Alto,Medio,Sí,8,64,Bajo,Sí,2,Alto,Medio,Público,Neutral,3,No,Postgrado,Cercana,Mujer,67,2,2
19,96,Medio,Medio,No,7,57,Alto,Sí,0,Bajo,Medio,Público,Positiva,3,No,Instituto,Cercana,Mujer,69,2,1
14,80,Alto,Bajo,Sí,7,98,Alto,Sí,2,Bajo,Alto,Privado,Negativa,2,No,Instituto,Cercana,Hombre,66,2,5
13,93,Medio,Alto,Sí,8,75,Medio,Sí,1,Medio,Medio,Privado,Positiva,2,No,Instituto,Cercana,Hombre,69,2,3
21,76,Medio,Medio,Sí,6,74,Medio,Sí,2,Medio,Medio,Privado,Neutral,3,No,Instituto,Cercana,Hombre,67,2,3
28,64,Medio,Medio,Sí,9,56,Medio,Sí,1,Bajo,Bajo,Público,Negativa,2,No,Universidad,Cercana,Hombre,64,1,1
26,62,Alto,Alto,No,8,75,Medio,Sí,2,Medio,Medio,Público,Neutral,2,No,Universidad,Moderada,Hombre,67,2,3
11,62,Bajo,Alto,Sí,7,87,Alto,No,3,Bajo,Alto,Público,Positiva,3,No,Instituto,Lejana,Mujer,61,1,4
14,75,Medio,Bajo,Sí,8,62,Bajo,Sí,0,Alto,Medio,Público,Negativa,2,No,Instituto,Moderada,Mujer,61,1,2
26,73,Medio,Medio,Sí,9,68,Alto,Sí,4,Medio,Medio,Público,Neutral,2,No,Instituto,Lejana,Hombre,68,2,2
14,89,Bajo,Alto,No,6,59,Bajo,Sí,2,Bajo,Alto,Público,Neutral,5,No,Postgrado,Moderada,Hombre,66,2,1
19,90,Medio,Medio,No,8,68,Bajo,Sí,0,Alto,Medio,Público,Negativa,4,No,Instituto,Moderada,Hombre,66,2,2
23,62,Medio,Alto,No,10,93,Alto,Sí,2,Bajo,Medio,Público,Positiva,4,No,Universidad,Cercana,Mujer,68,2,5
14,69,Bajo,Alto,No,8,62,Alto,Sí,1,Medio,Alto,Privado,Neutral,2,No,Instituto,Cercana,Hombre,63,1,2
21,71,Medio,Medio,Sí,7,51,Medio,Sí,3,Medio,Alto,Privado,Neutral,3,No,Postgrado,Moderada,Mujer,66,2,1
12,82,Alto,Medio,Sí,10,77,Alto,Sí,0,Medio,Medio,Público,Neutral,4,No,Universidad,Lejana,Mujer,66,2,3
16,66,Alto,Medio,Sí,7,79,Alto,Sí,0,Alto,Alto,Privado,Neutral,3,No,Universidad,Cercana,Mujer,66,2,3
22,65,Medio,Medio,Sí,9,66,Alto,Sí,2,Medio,Medio,Público,Negativa,4,No,Instituto,Cercana,Hombre,65,2,2
10,98,Medio,Medio,Sí,6,82,Medio,Sí,2,Alto,Medio,Público,Positiva,2,No,Universidad,Moderada,Hombre,69,2,4
23,92,Medio,Alto,No,9,52,Alto,Sí,1,Alto,Medio,Privado,Positiva,2,No,Instituto,Cercana,Mujer,71,2,1
20,67,Alto,Alto,No,6,67,Alto,Sí,1,Medio,Alto,Público,Positiva,2,Sí,Universidad,Cercana,Mujer,66,2,2
23,76,Medio,Medio,Sí,7,57,Alto,Sí,1,Medio,Medio,Público,Negativa,3,No,Instituto,Moderada,Mujer,66,2,1
21,74,Medio,Alto,Sí,6,61,Bajo,No,0,Bajo,Medio,Privado,Positiva,4,No,Instituto,Cercana,Hombre,65,2,2
28,92,Bajo,Medio,No,10,69,Medio,Sí,4,Bajo,Medio,Público,Neutral,4,No,Instituto,Moderada,Mujer,71,2,2
21,80,Medio,Alto,No,7,75,Alto,Sí,3,Medio,Alto,Privado,Neutral,2,No,Instituto,Lejana,Hombre,69,2,3
17,65,Bajo,Bajo,Sí,5,55,Medio,Sí,2,Bajo,Medio,Público,Positiva,3,No,Instituto,Cercana,Mujer,61,1,1
21,90,Alto,Medio,Sí,7,55,Alto,Sí,1,Bajo,Alto,Público,Neutral,4,No,Instituto,Cercana,Mujer,70,2,1
23,76,Medio,Medio,No,8,84,Alto,Sí,2,Alto,Medio,Público,Positiva,4,No,Universidad,Cercana,Mujer,70,2,4
20,71,Medio,Medio,No,7,70,Alto,Sí,0,Alto,Alto,Público,Negativa,4,No,Instituto,Cercana,Mujer,65,2,2
20,75,Medio,Bajo,Sí,6,59,Medio,Sí,2,Medio,Medio,Público,Negativa,1,No,Postgrado,Moderada,Hombre,64,1,1
16,80,Alto,Alto,Sí,9,62,Bajo,Sí,0,Alto,Medio,Público,Neutral,4,No,Postgrado,Cercana,Mujer,68,2,2
16,74,Bajo,Medio,Sí,9,86,Bajo,Sí,1,Bajo,Medio,Privado,Neutral,2,No,Instituto,Cercana,Mujer,63,1,4
12,70,Medio,Alto,No,5,53,Medio,Sí,2,Bajo,Medio,Privado,Positiva,3,No,Universidad,Cercana,Hombre,63,1,1
30,76,Medio,Medio,Sí,6,75,Bajo,Sí,3,Alto,Medio,Público,Positiva,3,No,Universidad,Cercana,Mujer,71,2,3
13,61,Alto,Bajo,No,7,68,Bajo,No,1,Medio,Medio,Público,Neutral,2,No,Instituto,Cercana,Hombre,58,1,2
16,91,Medio,Medio,Sí,6,91,Medio,Sí,1,Medio,Medio,Público,Neutral,2,No,Instituto,Moderada,Mujer,68,2,5
16,67,Medio,Alto,No,8,90,Alto,Sí,1,Alto,Bajo,Público,Neutral,4,No,Instituto,Cercana,Hombre,65,2,5
25,62,Medio,Medio,No,10,84,Bajo,Sí,2,Bajo,Medio,Público,Positiva,3,No,Universidad,Cercana,Mujer,65,2,4
18,86,Alto,Bajo,Sí,6,69,Bajo,Sí,2,Medio,Alto,Público,Positiva,2,No,Instituto,Cercana,Hombre,68,2,2
27,91,Bajo,Alto,Sí,9,82,Medio,Sí,0,Bajo,Bajo,Público,Neutral,1,No,Instituto,Lejana,Hombre,69,2,4
16,93,Medio,Medio,Sí,5,82,Bajo,Sí,5,Alto,Medio,Público,Positiva,1,No,Instituto,Cercana,Hombre,71,2,4
22,80,Bajo,Medio,No,8,67,Bajo,Sí,2,Bajo,Bajo,Privado,Positiva,2,No,Postgrado,Moderada,Hombre,65,2,2
15,68,Bajo,Medio,Sí,6,94,Bajo,Sí,0,Medio,Alto,Público,Neutral,5,No,Postgrado,Cercana,Mujer,64,1,5
33,89,Bajo,Medio,No,8,99,Medio,Sí,2,Alto,Alto,Privado,Positiva,4,No,Universidad,Moderada,Hombre,75,3,5
13,88,Alto,Medio,No,4,66,Bajo,Sí,1,Bajo,Alto,Público,Positiva,4,No,Instituto,Cercana,Mujer,67,2,2
22,70,Medio,Alto,Sí,5,90,Alto,Sí,1,Medio,Alto,Público,Neutral,3,No,Universidad,Lejana,Mujer,68,2,5
24,96,Alto,Alto,No,8,75,Bajo,Sí,1,Medio,Medio,Público,Positiva,1,No,Universidad,Moderada,Mujer,72,2,3
22,64,Medio,Medio,No,6,73,Alto,Sí,3,Medio,Medio,Público,Positiva,4,No,Postgrado,Moderada,Mujer,67,2,3
19,99,Alto,Medio,No,7,69,Medio,Sí,1,Alto,Medio,Público,Positiva,3,No,Instituto,Cercana,Hombre,72,2,2
19,94,Medio,Bajo,Sí,10,65,Alto,Sí,1,Bajo,Alto,Público,Negativa,3,No,Postgrado,Moderada,Hombre,69,2,2
20,88,Bajo,Bajo,No,7,96,Bajo,Sí,0,Alto,Alto,Público,Positiva,3,No,Postgrado,Moderada,Hombre,68,2,5
19,98,Medio,Medio,Sí,8,87,Medio,Sí,0,Medio,Medio,Privado,Negativa,6,No,Instituto,Cercana,Hombre,70,2,4
26,89,Medio,Medio,No,6,72,Alto,Sí,1,Bajo,Medio,Público,Neutral,3,Sí,Universidad,Cercana,Mujer,69,2,3
33,68,Medio,Bajo,Sí,5,88,Medio,Sí,2,Bajo,Medio,Público,Negativa,1,No,Universidad,Moderada,Hombre,67,2,4
17,78,Medio,Medio,No,7,86,Medio,No,0,Bajo,Bajo,Público,Neutral,3,No,Universidad,Cercana,Mujer,63,1,4
12,63,Medio,Alto,No,5,63,Bajo,Sí,4,Bajo,Medio,Privado,Positiva,2,No,Instituto,Moderada,Hombre,61,1,2
19,76,Medio,Alto,Sí,6,59,Medio,Sí,1,Medio,Medio,Público,Neutral,3,No,Instituto,Cercana,Mujer,66,2,1
35,90,Alto,Medio,Sí,7,92,Bajo,No,0,Bajo,Medio,Privado,Neutral,4,No,Instituto,Cercana,Hombre,73,2,5
15,75,Medio,Alto,Sí,7,91,Alto,Sí,0,Medio,Alto,Público,Neutral,3,No,Universidad,Moderada,Hombre,67,2,5
30,73,Alto,Medio,Sí,8,100,Medio,Sí,2,Alto,Alto,Público,Neutral,2,No,Instituto,Cercana,Mujer,72,2,5
30,84,Alto,Medio,No,8,51,Bajo,Sí,1,Bajo,Medio,Público,Positiva,4,Sí,Postgrado,Lejana,Hombre,69,2,1
17,95,Bajo,Alto,No,5,77,Medio,Sí,2,Medio,Medio,Público,Positiva,4,No,Instituto,Moderada,Mujer,69,2,3
23,62,Bajo,Alto,Sí,6,85,Medio,Sí,1,Bajo,Medio,Público,Negativa,3,Sí,Universidad,Moderada,Hombre,63,1,4
30,75,Medio,Medio,Sí,4,79,Bajo,Sí,0,Medio,Medio,Público,Negativa,4,No,Instituto,Moderada,Hombre,67,2,3
18,66,Medio,Medio,No,6,86,Medio,Sí,0,Alto,Medio,Público,Positiva,2,No,Instituto,Moderada,Mujer,63,1,4
19,88,Medio,Alto,Sí,8,57,Bajo,No,1,Medio,Bajo,Privado,Negativa,4,No,Universidad,Cercana,Hombre,66,2,1
17,64,Medio,Medio,No,9,50,Medio,Sí,2,Bajo,Alto,Público,Positiva,4,No,Instituto,Moderada,Mujer,62,1,1
14,87,Medio,Medio,Sí,7,55,Medio,Sí,2,Bajo,Alto,Privado,Positiva,4,No,Postgrado,Cercana,Hombre,68,2,1
16,71,Medio,Alto,No,9,69,Medio,Sí,1,Bajo,Medio,Público,Neutral,4,No,Postgrado,Cercana,Mujer,65,2,2
13,68,Bajo,Bajo,Sí,8,66,Medio,Sí,0,Medio,Bajo,Público,Neutral,4,Sí,Universidad,Cercana,Hombre,59,1,2
20,97,Alto,Medio,Sí,7,94,Alto,Sí,1,Medio,Medio,Público,Negativa,1,No,Universidad,Moderada,Hombre,72,2,5
15,61,Medio,Alto,Sí,6,54,Medio,Sí,0,Alto,Alto,Privado,Neutral,2,No,Postgrado,Cercana,Hombre,63,1,1
21,78,Medio,Medio,No,4,72,Medio,Sí,1,Medio,Alto,Público,Neutral,4,No,Postgrado,Cercana,Hombre,68,2,3
11,61,Medio,Medio,Sí,9,98,Alto,Sí,0,Medio,Alto,Público,Negativa,2,No,Instituto,Moderada,Hombre,61,1,5
22,79,Bajo,Medio,No,7,75,Bajo,Sí,1,Bajo,Alto,Privado,Neutral,3,No,Instituto,Cercana,Mujer,65,2,3
25,80,Medio,Medio,Sí,9,57,Bajo,Sí,2,Bajo,Alto,Público,Positiva,3,No,Instituto,Moderada,Mujer,68,2,1
8,73,Bajo,Medio,Sí,6,65,Alto,Sí,1,Bajo,Medio,Público,Neutral,4,No,Universidad,Moderada,Hombre,61,1,2
22,65,Bajo,Bajo,Sí,10,81,Medio,Sí,1,Bajo,Medio,Privado,Neutral,3,No,Postgrado,Cercana,Hombre,63,1,4
27,75,Medio,Medio,Sí,7,51,Alto,Sí,1,Medio,Bajo,Público,Negativa,2,No,Postgrado,Cercana,Hombre,67,2,1
13,87,Bajo,Medio,Sí,6,98,Bajo,Sí,0,Alto,Alto,Público,Positiva,3,Sí,Postgrado,Moderada,Hombre,66,2,5
30,91,Medio,Medio,Sí,7,78,Alto,Sí,3,Medio,Medio,Privado,Positiva,2,No,Postgrado,Cercana,Hombre,75,3,3
23,81,Medio,Medio,No,7,85,Bajo,Sí,0,Medio,Medio,Público,Positiva,4,No,Instituto,Cercana,Hombre,68,2,4
16,84,Bajo,Medio,No,7,75,Alto,Sí,2,Medio,Medio,Público,Negativa,3,No,Instituto,Cercana,Mujer,65,2,3
20,68,Bajo,Medio,No,6,98,Alto,Sí,0,Bajo,Alto,Público,Negativa,4,No,Instituto,Cercana,Mujer,64,1,5
23,71,Alto,Medio,Sí,4,79,Medio,No,2,Bajo,Medio,Público,Positiva,3,No,Instituto,Cercana,Hombre,67,2,3
20,66,Bajo,Medio,Sí,6,83,Medio,Sí,2,Bajo,Medio,Privado,Neutral,3,No,Universidad,Cercana,Hombre,64,1,4
23,70,Medio,Alto,Sí,9,93,Medio,Sí,0,Bajo,Alto,Público,Neutral,2,Sí,Postgrado,Moderada,Mujer,67,2,5
14,69,Medio,Alto,Sí,6,93,Bajo,No,2,Bajo,Medio,Privado,Neutral,0,No,Instituto,Cercana,Hombre,63,1,5
21,81,Alto,Medio,Sí,4,51,Medio,Sí,0,Medio,Medio,Privado,Positiva,2,No,Universidad,Moderada,Mujer,67,2,1
12,83,Alto,Bajo,Sí,5,64,Medio,Sí,1,Alto,Medio,Privado,Negativa,2,No,Postgrado,Cercana,Mujer,65,2,2
19,98,Alto,Bajo,Sí,7,62,Alto,Sí,1,Bajo,Alto,Público,Neutral,2,No,Instituto,Cercana,Mujer,70,2,2
15,68,Medio,Medio,Sí,6,50,Alto,Sí,2,Alto,Bajo,Público,Neutral,3,No,Instituto,Moderada,Hombre,62,1,1
16,86,Alto,Medio,Sí,7,94,Medio,Sí,2,Bajo,Alto,Público,Neutral,3,No,Instituto,Moderada,Mujer,69,2,5
27,93,Medio,Bajo,Sí,6,66,Medio,Sí,2,Medio,Medio,Público,Negativa,3,No,Universidad,Moderada,Mujer,70,2,2
27,82,Medio,Medio,Sí,9,67,Bajo,Sí,1,Bajo,Alto,Privado,Neutral,2,No,Instituto,Moderada,Hombre,68,2,2
24,70,Medio,Alto,No,8,55,Medio,Sí,4,Bajo,Alto,Público,Positiva,4,No,Postgrado,Moderada,Mujer,68,2,1
13,71,Medio,Medio,Sí,10,99,Medio,Sí,0,Bajo,Medio,Público,Neutral,3,No,Postgrado,Cercana,Hombre,64,1,5
18,62,Bajo,Alto,Sí,6,91,Alto,No,4,Bajo,Medio,Privado,Neutral,1,No,Instituto,Moderada,Hombre,63,1,5
27,72,Bajo,Bajo,Sí,7,79,Medio,Sí,2,Alto,Alto,Público,Positiva,2,No,Postgrado,Moderada,Mujer,68,2,3
21,90,Alto,Bajo,Sí,9,89,Bajo,Sí,1,Bajo,Bajo,Público,Neutral,2,No,Instituto,Lejana,Mujer,67,2,4
34,62,Alto,Bajo,No,8,89,Bajo,Sí,3,Bajo,Medio,Privado,Neutral,4,No,Universidad,Moderada,Mujer,68,2,4
22,69,Medio,Alto,Sí,6,83,Medio,Sí,1,Bajo,Medio,Público,Positiva,2,No,Universidad,Moderada,Mujer,66,2,4
21,88,Medio,Medio,Sí,8,59,Bajo,No,2,Medio,Medio,Privado,Negativa,1,No,Postgrado,Cercana,Hombre,67,2,1
18,91,Alto,Medio,No,8,86,Alto,Sí,1,Medio,Medio,Público,Neutral,4,Sí,Instituto,Moderada,Hombre,69,2,4
21,78,Alto,Medio,Sí,4,78,Medio,Sí,2,Alto,Medio,Privado,Negativa,3,No,Instituto,Lejana,Hombre,68,2,3
19,88,Medio,Alto,No,6,86,Medio,Sí,4,Medio,Medio,Público,Positiva,3,Sí,Universidad,Moderada,Hombre,70,2,4
24,76,Medio,Medio,No,7,77,Medio,Sí,3,Medio,Medio,Privado,Negativa,4,No,Postgrado,Moderada,Mujer,68,2,3
26,66,Bajo,Medio,Sí,9,98,Medio,Sí,2,Bajo,Medio,Público,Neutral,2,No,Universidad,Cercana,Hombre,66,2,5
15,76,Medio,Alto,Sí,8,81,Medio,Sí,2,Bajo,Medio,Privado,Neutral,4,No,Postgrado,Moderada,Mujer,67,2,4
12,83,Medio,Medio,No,6,79,Medio,Sí,1,Alto,Bajo,Público,Neutral,4,No,Instituto,Moderada,Mujer,65,2,3
9,98,Medio,Medio,No,6,92,Medio,Sí,0,Medio,Medio,Público,Neutral,5,No,Instituto,Moderada,Hombre,67,2,5
23,63,Medio,Medio,No,8,69,Alto,Sí,2,Medio,Bajo,Público,Negativa,4,Sí,Instituto,Cercana,Hombre,63,1,2
13,80,Bajo,Alto,Sí,4,66,Alto,Sí,2,Bajo,Medio,Público,Negativa,2,No,Instituto,Moderada,Mujer,64,1,2
7,73,Alto,Medio,Sí,6,75,Medio,Sí,3,Bajo,Medio,Público,Neutral,3,No,Universidad,Cercana,Mujer,64,1,3
22,80,Bajo,Bajo,No,9,79,Alto,Sí,0,Medio,Medio,Privado,Neutral,3,No,Universidad,Moderada,Mujer,66,2,3
35,61,Medio,Alto,Sí,7,61,Bajo,Sí,2,Medio,Medio,Privado,Positiva,4,Sí,Instituto,Cercana,Hombre,68,2,2
20,73,Alto,Medio,Sí,6,84,Alto,Sí,0,Medio,Medio,Público,Positiva,3,No,Instituto,Moderada,Hombre,67,2,4
25,93,Medio,Alto,No,5,90,Bajo,Sí,1,Medio,Medio,Público,Positiva,2,No,Universidad,Cercana,Hombre,72,2,5
20,82,Medio,Medio,Sí,8,79,Bajo,Sí,1,Bajo,Medio,Público,Positiva,4,No,Instituto,Cercana,Hombre,67,2,3
19,78,Medio,Medio,No,7,76,Alto,Sí,2,Medio,Bajo,Público,Neutral,3,No,Universidad,Moderada,Mujer,66,2,3
26,71,Alto,Bajo,No,7,65,Medio,Sí,1,Bajo,Medio,Público,Positiva,3,No,Universidad,Cercana,Mujer,66,2,2
18,72,Alto,Alto,Sí,8,95,Medio,Sí,1,Medio,Medio,Público,Negativa,4,No,Instituto,Moderada,Hombre,67,2,5
22,75,Medio,Medio,No,7,88,Bajo,Sí,0,Bajo,Medio,Privado,Neutral,3,No,Postgrado,Lejana,Hombre,65,2,4
22,93,Alto,Medio,No,7,74,Bajo,Sí,2,Medio,Alto,Público,Negativa,3,No,Universidad,Lejana,Hombre,70,2,3
16,99,Bajo,Medio,Sí,5,83,Bajo,Sí,0,Bajo,Alto,Privado,Neutral,4,No,Postgrado,Cercana,Mujer,69,2,4
26,78,Alto,Alto,Sí,5,67,Bajo,Sí,1,Alto,Alto,Privado,Negativa,3,No,Instituto,Moderada,Hombre,69,2,2
19,76,Alto,Medio,Sí,8,53,Medio,Sí,1,Medio,Medio,Público,Negativa,4,No,Universidad,Cercana,Mujer,66,2,1
15,94,Medio,Bajo,No,8,60,Medio,Sí,2,Medio,Medio,Público,Neutral,4,No,Instituto,Lejana,Hombre,66,2,1
23,77,Alto,Alto,Sí,8,54,Medio,Sí,1,Bajo,Medio,Público,Negativa,3,No,Universidad,Moderada,Mujer,67,2,1
15,82,Medio,Alto,Sí,6,75,Medio,Sí,1,Medio,Bajo,Público,Positiva,3,No,Instituto,Cercana,Hombre,67,2,3
20,69,Medio,Medio,Sí,8,81,Alto,Sí,2,Medio,Medio,Público,Positiva,4,No,Instituto,Cercana,Hombre,67,2,4
20,90,Alto,Alto,Sí,6,69,Medio,Sí,2,Alto,Alto,Público,Neutral,3,No,Instituto,Cercana,Mujer,72,2,2
27,81,Medio,Bajo,Sí,9,77,Bajo,Sí,1,Medio,Alto,Público,Neutral,4,No,Universidad,Moderada,Mujer,68,2,3
23,92,Medio,Bajo,Sí,6,54,Alto,Sí,3,Medio,Medio,Público,Positiva,2,Sí,Postgrado,Cercana,Hombre,70,2,1
20,91,Medio,Medio,Sí,6,88,Medio,Sí,1,Bajo,Medio,Público,Positiva,4,No,Instituto,Moderada,Hombre,69,2,4
25,69,Alto,Bajo,Sí,7,52,Alto,Sí,1,Bajo,Medio,Público,Positiva,4,No,Instituto,Moderada,Hombre,65,2,1
28,89,Alto,Alto,No,8,82,Medio,Sí,0,Medio,Medio,Público,Negativa,3,No,Postgrado,Lejana,Hombre,72,2,4
23,92,Medio,Alto,No,7,72,Medio,Sí,0,Bajo,Medio,Público,Neutral,4,No,Universidad,Lejana,Mujer,69,2,3
20,74,Medio,Medio,Sí,7,59,Bajo,Sí,5,Alto,Medio,Público,Positiva,4,No,Instituto,Cercana,Mujer,68,2,1
12,67,Alto,Alto,No,6,76,Alto,Sí,1,Bajo,Medio,Público,Negativa,2,No,Instituto,Moderada,Hombre,62,1,3
14,60,Medio,Bajo,Sí,7,89,Bajo,Sí,2,Medio,Medio,Público,Neutral,3,No,Instituto,Moderada,Hombre,60,1,4
18,78,Alto,Medio,Sí,7,71,Bajo,Sí,3,Medio,Medio,Público,Neutral,4,No,Instituto,Moderada,Hombre,67,2,3
16,74,Alto,Alto,Sí,6,68,Bajo,Sí,2,Medio,Medio,Público,Neutral,4,No,Universidad,Cercana,Hombre,67,2,2
19,82,Medio,Alto,Sí,7,57,Medio,Sí,1,Medio,Medio,Público,Neutral,3,No,Instituto,Cercana,Hombre,67,2,1
20,68,Medio,Medio,Sí,7,80,Bajo,Sí,0,Bajo,Medio,Privado,Neutral,4,No,Instituto,Cercana,Mujer,63,1,4
23,94,Medio,Bajo,Sí,10,91,Alto,Sí,1,Medio,Medio,Público,Neutral,3,No,Instituto,Cercana,Hombre,71,2,5
20,70,Medio,Medio,Sí,6,78,Alto,Sí,0,Medio,Medio,Privado,Positiva,2,No,Universidad,Cercana,Mujer,66,2,3
23,69,Medio,Medio,Sí,6,58,Alto,Sí,0,Medio,Medio,Público,Neutral,1,No,Postgrado,Cercana,Mujer,65,2,1
20,79,Alto,Medio,Sí,7,83,Alto,Sí,2,Medio,Medio,Público,Positiva,2,No,Instituto,Moderada,Mujer,69,2,4
8,80,Alto,Bajo,No,6,52,Alto,Sí,2,Medio,Medio,Público,Positiva,1,No,Instituto,Cercana,Mujer,63,1,1
14,69,Medio,Medio,Sí,5,92,Alto,Sí,3,Bajo,Bajo,Público,Negativa,2,No,Postgrado,Moderada,Mujer,64,1,5
19,71,Alto,Alto,No,5,96,Alto,Sí,2,Bajo,Medio,Privado,Neutral,0,Sí,Universidad,Cercana,Mujer,67,2,5
13,67,Medio,Medio,Sí,6,80,Alto,Sí,1,Bajo,Alto,Público,Negativa,2,No,Instituto,Moderada,Hombre,62,1,4
24,89,Medio,Bajo,Sí,6,94,Bajo,Sí,2,Medio,Medio,Público,Neutral,2,No,Instituto,Lejana,Hombre,68,2,5
29,91,Medio,Alto,No,5,54,Bajo,Sí,2,Bajo,Medio,Público,Neutral,3,No,Postgrado,Moderada,Hombre,71,2,1
27,78,Alto,Medio,No,7,61,Medio,No,1,Bajo,Medio,Público,Negativa,3,No,Instituto,Moderada,Mujer,66,2,2
19,89,Medio,Alto,Sí,4,66,Bajo,Sí,1,Bajo,Medio,Público,Positiva,1,No,Postgrado,Cercana,Mujer,69,2,2
29,89,Medio,Bajo,Sí,8,89,Bajo,Sí,1,Medio,Alto,Privado,Neutral,4,No,Instituto,Moderada,Hombre,71,2,4
21,66,Medio,Medio,Sí,6,74,Medio,Sí,2,Medio,Alto,Privado,Neutral,4,No,Instituto,Cercana,Mujer,66,2,3
18,99,Medio,Medio,No,6,67,Medio,Sí,5,Bajo,Medio,Público,Positiva,3,No,Postgrado,Cercana,Mujer,72,2,2
16,93,Medio,Medio,Sí,8,58,Medio,Sí,1,Alto,Alto,Público,Positiva,4,No,Universidad,Cercana,Mujer,70,2,1
18,68,Bajo,Medio,No,8,91,Alto,Sí,1,Bajo,Alto,Privado,Neutral,3,No,Postgrado,Cercana,Mujer,65,2,5
18,67,Alto,Medio,No,6,51,Medio,Sí,0,Medio,Alto,Público,Positiva,2,No,Universidad,Cercana,Mujer,64,1,1
21,65,Medio,Medio,Sí,8,67,Medio,Sí,1,Bajo,Medio,Público,Positiva,2,No,Universidad,Moderada,Hombre,63,1,2
21,66,Medio,Medio,No,9,62,Bajo,No,3,Medio,Medio,Privado,Positiva,2,No,Instituto,Cercana,Hombre,63,1,2
20,90,Bajo,Medio,No,5,56,Medio,No,3,Medio,Medio,Público,Positiva,2,No,Instituto,Moderada,Hombre,66,2,1
23,79,Alto,Alto,Sí,8,59,Bajo,Sí,1,Bajo,Alto,Público,Negativa,4,No,Universidad,Moderada,Hombre,68,2,1
27,91,Medio,Alto,Sí,5,75,Bajo,Sí,1,Alto,Alto,Público,Neutral,4,No,Universidad,Cercana,Hombre,74,3,3
26,90,Alto,Alto,No,9,71,Bajo,Sí,0,Alto,Bajo,Privado,Negativa,2,No,Universidad,Cercana,Mujer,71,2,3
11,84,Alto,Medio,Sí,6,76,Alto,Sí,3,Bajo,Alto,Público,Negativa,3,No,Instituto,Moderada,Mujer,67,2,3
5,87,Alto,Bajo,No,6,86,Medio,Sí,2,Medio,Alto,Público,Positiva,3,No,Postgrado,Cercana,Mujer,66,2,4
26,61,Alto,Medio,Sí,9,95,Medio,Sí,0,Medio,Medio,Privado,Negativa,6,No,Universidad,Cercana,Hombre,67,2,5
12,72,Bajo,Alto,Sí,8,56,Alto,Sí,3,Bajo,Medio,Público,Positiva,1,Sí,Instituto,Moderada,Hombre,62,1,1
19,86,Medio,Bajo,No,6,54,Bajo,Sí,1,Alto,Alto,Privado,Positiva,5,No,Postgrado,Cercana,Hombre,68,2,1
13,60,Medio,Medio,Sí,7,66,Medio,Sí,2,Bajo,Medio,Público,Positiva,3,No,Postgrado,Cercana,Hombre,62,1,2
9,61,Alto,Medio,Sí,6,77,Bajo,No,1,Alto,Medio,Privado,Neutral,2,No,Instituto,Cercana,Hombre,82,3,3
23,94,Alto,Medio,No,5,55,Alto,Sí,2,Medio,Medio,Público,Positiva,2,Sí,Instituto,Cercana,Hombre,70,2,1
25,87,Alto,Medio,No,7,86,Medio,Sí,4,Medio,Bajo,Privado,Negativa,2,No,Universidad,Cercana,Hombre,72,2,4
17,71,Bajo,Alto,Sí,6,78,Bajo,Sí,0,Medio,Medio,Público,Positiva,4,No,Universidad,Cercana,Mujer,64,1,3
4,88,Medio,Alto,No,6,87,Bajo,Sí,1,Medio,Alto,Público,Neutral,4,No,Universidad,Cercana,Hombre,66,2,4
17,92,Medio,Medio,Sí,9,68,Alto,Sí,0,Medio,Bajo,Privado,Positiva,3,No,Universidad,Cercana,Mujer,68,2,2
22,72,Bajo,Medio,No,6,70,Bajo,Sí,1,Alto,Medio,Público,Neutral,3,No,Postgrado,Lejana,Hombre,64,1,2
11,61,Bajo,Medio,Sí,7,90,Alto,Sí,0,Medio,Alto,Público,Neutral,3,No,Instituto,Cercana,Mujer,61,1,5
21,97,Medio,Medio,Sí,9,63,Medio,Sí,0,Medio,Medio,Público,Positiva,1,No,Instituto,Moderada,Hombre,69,2,2
20,74,Alto,Alto,No,7,69,Bajo,Sí,2,Alto,Alto,Privado,Neutral,2,No,Universidad,Cercana,Hombre,68,2,2
23,64,Medio,Medio,No,6,51,Medio,Sí,1,Medio,Medio,Público,Positiva,5,No,Universidad,Cercana,Hombre,64,1,1
21,80,Medio,Alto,No,7,78,Medio,Sí,1,Bajo,Alto,Privado,Negativa,4,No,Instituto,Moderada,Mujer,67,2,3
14,91,Medio,Medio,Sí,8,93,Medio,Sí,0,Medio,Medio,Público,Neutral,3,No,Instituto,Moderada,Hombre,67,2,5
27,69,Medio,Medio,No,8,51,Medio,Sí,1,Alto,Medio,Público,Negativa,2,No,Instituto,Cercana,Hombre,65,2,1
19,71,Alto,Medio,Sí,10,81,Medio,Sí,2,Medio,Alto,Público,Positiva,3,No,Instituto,Cercana,Mujer,68,2,4
20,70,Medio,Alto,Sí,6,92,Medio,Sí,2,Medio,Bajo,Público,Positiva,3,No,Instituto,Cercana,Hombre,67,2,5
14,100,Bajo,Medio,No,7,75,Bajo,Sí,1,Bajo,Medio,Público,Positiva,3,No,Postgrado,Moderada,Hombre,67,2,3
17,68,Medio,Alto,Sí,5,66,Medio,Sí,1,Alto,Medio,Público,Negativa,4,No,Instituto,Cercana,Hombre,64,1,2
15,83,Alto,Alto,Sí,8,100,Medio,Sí,0,Medio,Medio,Público,Positiva,3,No,Universidad,Cercana,Mujer,70,2,5
19,97,Medio,Alto,No,7,53,Medio,Sí,2,Bajo,Bajo,Privado,Neutral,3,No,Universidad,Moderada,Hombre,69,2,1
30,66,Medio,Alto,No,7,61,Bajo,Sí,0,Alto,Alto,Privado,Positiva,2,No,Instituto,Lejana,Hombre,66,2,2
12,99,Bajo,Medio,No,6,94,Medio,Sí,2,Medio,Medio,Público,Neutral,3,No,Postgrado,Moderada,Hombre,69,2,5
10,98,Bajo,Medio,Sí,6,65,Medio,Sí,1,Bajo,Alto,Privado,Positiva,2,No,Instituto,Cercana,Hombre,66,2,2
29,95,Alto,Medio,Sí,7,91,Bajo,Sí,1,Bajo,Medio,Público,Neutral,3,No,Instituto,Moderada,Mujer,73,2,5
19,69,Medio,Medio,Sí,6,67,Medio,No,4,Alto,Alto,Privado,Positiva,4,No,Postgrado,Moderada,Hombre,66,2,2
16,85,Medio,Alto,Sí,7,91,Alto,Sí,0,Medio,Medio,Público,Neutral,2,No,Postgrado,Moderada,Hombre,69,2,5
26,90,Medio,Bajo,Sí,7,84,Bajo,Sí,1,Medio,Medio,Público,Positiva,3,No,Instituto,Moderada,Hombre,70,2,4
16,99,Alto,Medio,Sí,5,73,Alto,Sí,1,Medio,Medio,Privado,Positiva,5,Sí,Universidad,Lejana,Hombre,71,2,3
31,67,Bajo,Alto,Sí,5,76,Medio,Sí,2,Medio,Alto,Público,Positiva,4,No,Universidad,Cercana,Hombre,70,2,3
24,91,Alto,Bajo,Sí,6,59,Medio,Sí,0,Bajo,Medio,Privado,Neutral,4,No,Instituto,Cercana,Hombre,69,2,1
17,74,Medio,Medio,No,9,56,Medio,Sí,1,Medio,Alto,Privado,Negativa,3,No,Instituto,Moderada,Hombre,63,1,1
33,67,Alto,Medio,Sí,6,86,Medio,Sí,4,Medio,Alto,Público,Positiva,3,Sí,Instituto,Cercana,Mujer,71,2,4
16,77,Alto,Alto,No,7,92,Bajo,Sí,2,Medio,Medio,Público,Negativa,2,No,Universidad,Cercana,Hombre,67,2,5
24,92,Medio,Medio,Sí,5,86,Alto,Sí,3,Medio,Alto,Público,Neutral,2,No,Instituto,Cercana,Mujer,73,2,4
22,79,Bajo,Alto,Sí,6,96,Medio,Sí,1,Alto,Medio,Público,Neutral,2,No,Universidad,Moderada,Hombre,68,2,5
28,82,Bajo,Medio,Sí,5,95,Medio,Sí,0,Alto,Bajo,Público,Neutral,3,No,Instituto,Cercana,Hombre,69,2,5
29,100,Alto,Alto,Sí,8,89,Medio,Sí,2,Medio,Medio,Privado,Neutral,3,No,Instituto,Moderada,Mujer,76,3,4
20,76,Bajo,Medio,Sí,5,95,Medio,Sí,4,Bajo,Alto,Público,Positiva,3,No,Instituto,Cercana,Hombre,68,2,5
15,85,Medio,Medio,No,8,58,Alto,Sí,1,Bajo,Medio,Privado,Negativa,3,No,Universidad,Cercana,Hombre,65,2,1
23,75,Medio,Medio,Sí,8,87,Bajo,Sí,0,Alto,Bajo,Público,Positiva,1,No,Instituto,Cercana,Mujer,66,2,4
16,76,Medio,Bajo,No,7,88,Alto,Sí,0,Bajo,Medio,Público,Positiva,2,No,Postgrado,Cercana,Hombre,65,2,4
32,88,Bajo,Medio,No,8,58,Bajo,Sí,3,Bajo,Alto,Privado,Negativa,3,No,Instituto,Moderada,Hombre,69,2,1
21,98,Alto,Medio,Sí,10,95,Medio,Sí,0,Medio,Medio,Público,Neutral,1,No,Instituto,Cercana,Hombre,71,2,5
18,82,Alto,Bajo,Sí,8,50,Medio,Sí,1,Alto,Medio,Público,Positiva,3,No,Instituto,Moderada,Hombre,66,2,1
21,91,Medio,Alto,No,5,72,Medio,Sí,3,Bajo,Medio,Público,Negativa,3,Sí,Instituto,Cercana,Mujer,69,2,3
12,64,Medio,Medio,No,9,51,Bajo,No,2,Bajo,Medio,Público,Neutral,4,No,Universidad,Cercana,Hombre,59,1,1
14,68,Medio,Alto,No,7,76,Medio,Sí,2,Alto,Medio,Público,Positiva,3,No,Instituto,Cercana,Hombre,65,2,3
27,80,Alto,Alto,No,10,71,Alto,Sí,4,Bajo,Bajo,Público,Neutral,2,No,Universidad,Cercana,Hombre,72,2,3
16,61,Medio,Bajo,Sí,6,81,Medio,Sí,0,Medio,Medio,Público,Negativa,2,No,Universidad,Cercana,Hombre,60,1,4
14,70,Medio,Medio,Sí,9,88,Bajo,Sí,0,Alto,Medio,Privado,Positiva,4,No,Universidad,Moderada,Mujer,64,1,4
23,81,Medio,Medio,No,7,88,Bajo,Sí,1,Bajo,Medio,Público,Positiva,4,No,Postgrado,Cercana,Hombre,69,2,4
27,61,Alto,Alto,Sí,10,86,Medio,Sí,3,Medio,Alto,Privado,Positiva,3,No,Instituto,Cercana,Mujer,70,2,4
24,71,Medio,Alto,Sí,7,55,Bajo,Sí,2,Alto,Medio,Público,Positiva,3,No,Universidad,Lejana,Hombre,67,2,1
26,81,Medio,Medio,No,10,71,Bajo,Sí,0,Medio,Medio,Privado,Positiva,5,Sí,Instituto,Cercana,Mujer,67,2,3
15,83,Medio,Bajo,Sí,8,91,Medio,Sí,0,Bajo,Medio,Privado,Neutral,3,No,Universidad,Lejana,Hombre,64,1,5
11,97,Medio,Medio,Sí,8,83,Bajo,Sí,4,Medio,Alto,Privado,Negativa,2,No,Instituto,Lejana,Hombre,68,2,4
29,86,Medio,Alto,No,10,84,Bajo,Sí,1,Bajo,Alto,Privado,Positiva,4,No,Instituto,Cercana,Mujer,72,2,4
18,77,Medio,Alto,Sí,6,61,Medio,Sí,1,Bajo,Medio,Privado,Neutral,3,No,Instituto,Cercana,Mujer,65,2,2
18,97,Medio,Alto,No,8,66,Bajo,Sí,2,Medio,Medio,Público,Neutral,2,No,Universidad,Moderada,Hombre,70,2,2
28,91,Alto,Medio,No,7,98,Bajo,Sí,2,Bajo,Medio,Privado,Positiva,5,No,Postgrado,Cercana,Hombre,75,3,5
23,68,Bajo,Bajo,Sí,7,92,Medio,No,3,Bajo,Alto,Privado,Neutral,4,No,Instituto,Cercana,Hombre,65,2,5
23,65,Medio,Alto,Sí,7,58,Bajo,Sí,1,Bajo,Medio,Público,Neutral,3,Sí,Universidad,Moderada,Mujer,63,1,1
33,87,Medio,Alto,No,8,77,Bajo,Sí,0,Bajo,Medio,Privado,Positiva,3,Sí,Instituto,Cercana,Hombre,71,2,3
16,82,Medio,Bajo,Sí,8,75,Medio,Sí,2,Medio,Medio,Público,Positiva,2,No,Universidad,Cercana,Mujer,66,2,3
26,92,Medio,Bajo,Sí,6,72,Medio,Sí,1,Bajo,Medio,Privado,Neutral,3,No,Instituto,Moderada,Mujer,69,2,3
20,90,Alto,Medio,No,7,74,Bajo,No,0,Alto,Bajo,Privado,Positiva,3,No,Postgrado,Moderada,Mujer,68,2,3
22,85,Medio,Alto,No,4,82,Medio,Sí,1,Medio,Alto,Público,Positiva,2,No,Postgrado,Cercana,Hombre,71,2,4
29,99,Alto,Medio,Sí,8,98,Alto,No,5,Bajo,Bajo,Público,Neutral,2,No,Postgrado,Cercana,Hombre,77,3,5
23,81,Alto,Bajo,Sí,10,94,Alto,Sí,1,Medio,Alto,Público,Neutral,2,No,Universidad,Cercana,Mujer,70,2,5
23,65,Medio,Medio,No,7,94,Medio,Sí,1,Alto,Medio,Público,Negativa,3,No,Universidad,Cercana,Mujer,66,2,5
26,93,Alto,Medio,No,5,85,Bajo,Sí,1,Alto,Alto,Público,Positiva,3,No,Universidad,Moderada,Mujer,73,2,4
18,70,Medio,Medio,Sí,8,51,Medio,Sí,1,Bajo,Medio,Privado,Negativa,3,No,Universidad,Moderada,Hombre,62,1,1
15,91,Medio,Medio,No,6,72,Bajo,Sí,0,Medio,Medio,Público,Neutral,2,No,Instituto,Moderada,Mujer,65,2,3
14,98,Alto,Alto,Sí,7,76,Medio,Sí,0,Bajo,Medio,Público,Neutral,2,No,Postgrado,Cercana,Hombre,71,2,3
8,88,Medio,Medio,Sí,8,92,Alto,Sí,1,Bajo,Medio,Público,Negativa,4,No,Universidad,Cercana,Hombre,66,2,5
32,84,Bajo,Medio,Sí,8,96,Medio,Sí,1,Bajo,Medio,Público,Positiva,3,No,Instituto,Cercana,Mujer,72,2,5
13,78,Medio,Medio,Sí,9,73,Medio,Sí,0,Medio,Alto,Privado,Negativa,4,No,Instituto,Cercana,Hombre,64,1,3
19,75,Medio,Medio,No,7,65,Bajo,Sí,0,Bajo,Bajo,Privado,Neutral,4,No,Instituto,Cercana,Mujer,63,1,2
18,74,Bajo,Medio,Sí,7,67,Bajo,Sí,0,Bajo,Medio,Público,Positiva,3,No,Instituto,Cercana,Hombre,63,1,2
22,85,Alto,Medio,No,8,79,Alto,Sí,5,Medio,Alto,Público,Neutral,2,No,Instituto,Cercana,Mujer,72,2,3
25,90,Medio,Medio,Sí,7,64,Medio,Sí,2,Medio,Alto,Público,Positiva,2,No,Instituto,Moderada,Hombre,71,2,2
25,87,Alto,Alto,Sí,6,96,Bajo,No,3,Medio,Medio,Público,Positiva,2,No,Instituto,Moderada,Mujer,72,2,5
17,68,Medio,Alto,Sí,8,71,Medio,Sí,1,Medio,Alto,Privado,Neutral,2,No,Instituto,Cercana,Hombre,65,2,3
19,80,Medio,Medio,Sí,5,100,Medio,Sí,0,Medio,Medio,Público,Neutral,3,No,Instituto,Cercana,Mujer,67,2,5
22,92,Bajo,Alto,Sí,7,55,Bajo,Sí,1,Bajo,Medio,Público,Positiva,4,No,Instituto,Moderada,Mujer,68,2,1
19,79,Medio,Alto,Sí,5,59,Medio,Sí,2,Bajo,Medio,Privado,Neutral,2,No,Postgrado,Lejana,Hombre,66,2,1
30,81,Medio,Alto,No,6,76,Medio,Sí,0,Alto,Medio,Público,Positiva,3,No,Postgrado,Cercana,Hombre,72,2,3
23,91,Alto,Medio,No,6,93,Medio,Sí,3,Bajo,Bajo,Público,Neutral,3,No,Instituto,Moderada,Mujer,71,2,5
24,86,Medio,Alto,No,6,68,Bajo,Sí,3,Bajo,Alto,Público,Positiva,3,Sí,Universidad,Moderada,Mujer,70,2,2
24,76,Medio,Medio,No,9,92,Medio,Sí,1,Medio,Bajo,Público,Neutral,3,No,Postgrado,Cercana,Mujer,68,2,5
27,96,Medio,Alto,No,9,71,Bajo,Sí,0,Bajo,Medio,Privado,Positiva,4,No,Universidad,Cercana,Mujer,72,2,3
21,67,Bajo,Medio,Sí,9,93,Alto,Sí,1,Bajo,Alto,Público,Neutral,3,No,Universidad,Cercana,Hombre,66,2,5
12,100,Medio,Medio,No,7,64,Medio,Sí,1,Medio,Alto,Público,Positiva,6,No,Instituto,Cercana,Hombre,69,2,2
22,65,Bajo,Medio,Sí,6,74,Alto,Sí,2,Medio,Medio,Público,Positiva,1,No,Universidad,Cercana,Hombre,65,2,3
16,61,Alto,Alto,No,8,64,Medio,Sí,1,Bajo,Alto,Público,Positiva,3,No,Instituto,Lejana,Hombre,62,1,2
17,96,Alto,Alto,No,7,61,Bajo,Sí,1,Bajo,Alto,Público,Positiva,1,No,Universidad,Moderada,Mujer,69,2,2
24,70,Medio,Medio,Sí,7,71,Medio,Sí,1,Medio,Bajo,Público,Negativa,4,No,Instituto,Cercana,Hombre,65,2,3
27,89,Medio,Bajo,No,4,67,Medio,Sí,2,Bajo,Bajo,Privado,Neutral,4,No,Universidad,Cercana,Mujer,69,2,2
20,92,Bajo,Alto,Sí,8,89,Medio,Sí,1,Bajo,Medio,Público,Neutral,3,No,Instituto,Moderada,Mujer,69,2,4
22,94,Alto,Medio,Sí,8,87,Medio,Sí,2,Bajo,Medio,Privado,Neutral,5,No,Universidad,Cercana,Mujer,73,2,4
30,100,Alto,Medio,Sí,7,68,Bajo,Sí,2,Medio,Medio,Privado,Neutral,2,No,Postgrado,Cercana,Mujer,75,3,2
21,72,Alto,Alto,Sí,8,100,Medio,Sí,3,Bajo,Alto,Privado,Positiva,3,No,Universidad,Lejana,Hombre,70,2,5
36,88,Medio,Alto,No,8,99,Alto,Sí,0,Bajo,Medio,Privado,Negativa,3,No,Universidad,Cercana,Mujer,74,3,5
23,65,Medio,Medio,Sí,6,96,Medio,Sí,0,Bajo,Bajo,Público,Positiva,3,No,Instituto,Cercana,Hombre,65,2,5
9,76,Medio,Medio,No,7,79,Medio,Sí,1,Medio,Medio,Público,Negativa,3,No,Universidad,Cercana,Hombre,63,1,3
25,94,Alto,Alto,No,5,71,Bajo,Sí,4,Medio,Alto,Público,Negativa,4,No,Universidad,Cercana,Mujer,74,3,3
22,75,Alto,Alto,Sí,9,66,Bajo,Sí,0,Bajo,Medio,Privado,Neutral,2,No,Postgrado,Cercana,Hombre,67,2,2
28,84,Medio,Medio,Sí,8,51,Medio,No,3,Medio,Medio,Público,Positiva,4,No,Postgrado,Cercana,Mujer,71,2,1
24,80,Alto,Bajo,Sí,6,82,Medio,Sí,1,Bajo,Alto,Público,Neutral,3,No,Universidad,Moderada,Mujer,68,2,4
19,86,Alto,Medio,No,8,78,Medio,Sí,2,Medio,Medio,Público,Negativa,4,No,Universidad,Cercana,Mujer,69,2,3
13,99,Medio,Alto,No,7,81,Medio,Sí,0,Medio,Medio,Público,Positiva,4,No,Postgrado,Cercana,Hombre,71,2,4
19,62,Alto,Medio,Sí,6,79,Bajo,Sí,7,Medio,Medio,Público,Neutral,2,No,Instituto,Cercana,Mujer,66,2,3
15,83,Medio,Medio,Sí,7,57,Bajo,Sí,0,Medio,Medio,Privado,Positiva,3,No,Postgrado,Cercana,Hombre,65,2,1
17,95,Medio,Bajo,Sí,8,85,Bajo,No,1,Bajo,Alto,Privado,Negativa,2,No,Universidad,Moderada,Mujer,66,2,4
24,79,Bajo,Bajo,Sí,8,68,Alto,Sí,2,Bajo,Medio,Privado,Negativa,2,No,Instituto,Cercana,Hombre,65,2,2
30,63,Medio,Medio,No,10,76,Medio,Sí,1,Medio,Medio,Público,Neutral,4,No,Postgrado,Moderada,Mujer,67,2,3
22,82,Alto,Medio,No,7,68,Alto,Sí,2,Bajo,Medio,Privado,Neutral,4,No,Postgrado,Cercana,Hombre,70,2,2
13,73,Medio,Medio,Sí,7,51,Medio,Sí,1,Bajo,Medio,Público,Positiva,4,No,Postgrado,Cercana,Hombre,63,1,1
23,66,Bajo,Bajo,No,8,94,Bajo,Sí,1,Medio,Alto,Privado,Neutral,3,No,Postgrado,Moderada,Hombre,64,1,5
27,94,Medio,Medio,Sí,7,57,Medio,Sí,1,Medio,Medio,Privado,Neutral,1,No,Instituto,Cercana,Hombre,71,2,1
16,81,Medio,Alto,Sí,6,79,Medio,Sí,2,Bajo,Alto,Público,Positiva,3,No,Universidad,Moderada,Mujer,68,2,3
19,97,Medio,Bajo,No,6,94,Medio,Sí,2,Alto,Medio,Público,Neutral,4,No,Postgrado,Cercana,Hombre,72,2,5
20,92,Medio,Alto,Sí,4,61,Medio,Sí,2,Alto,Medio,Público,Neutral,4,No,Universidad,Cercana,Hombre,71,2,2
15,88,Bajo,Bajo,Sí,8,71,Medio,No,1,Bajo,Bajo,Privado,Positiva,2,No,Postgrado,Moderada,Hombre,64,1,3
24,60,Alto,Bajo,Sí,5,69,Medio,Sí,1,Medio,Alto,Público,Neutral,5,No,Instituto,Moderada,Hombre,64,1,2
19,77,Alto,Medio,Sí,6,54,Bajo,Sí,3,Alto,Medio,Privado,Negativa,2,No,Universidad,Moderada,Hombre,66,2,1
23,68,Medio,Alto,Sí,7,71,Alto,Sí,3,Medio,Medio,Público,Positiva,3,No,Instituto,Moderada,Mujer,68,2,3
15,96,Alto,Medio,No,7,74,Medio,Sí,2,Bajo,Bajo,Privado,Positiva,2,No,Instituto,Lejana,Hombre,68,2,3
17,67,Alto,Medio,Sí,10,51,Medio,Sí,3,Bajo,Medio,Público,Positiva,5,No,Instituto,Cercana,Hombre,65,2,1
24,71,Medio,Medio,Sí,5,74,Medio,Sí,1,Medio,Medio,Privado,Positiva,3,No,Instituto,Cercana,Hombre,67,2,3
18,81,Medio,Bajo,Sí,10,55,Bajo,Sí,3,Bajo,Medio,Público,Negativa,2,No,Instituto,Cercana,Hombre,64,1,1
30,71,Alto,Medio,Sí,9,95,Alto,No,1,Medio,Medio,Público,Neutral,4,No,Universidad,Cercana,Hombre,70,2,5
18,68,Medio,Alto,Sí,8,83,Bajo,Sí,1,Bajo,Medio,Público,Positiva,2,No,Universidad,Cercana,Hombre,65,2,4
21,84,Medio,Bajo,No,9,53,Bajo,Sí,2,Medio,Alto,Público,Negativa,3,No,Instituto,Moderada,Mujer,65,2,1
26,64,Alto,Medio,No,8,91,Alto,Sí,1,Medio,Medio,Público,Positiva,4,No,Instituto,Cercana,Hombre,68,2,5
11,62,Medio,Alto,Sí,4,68,Medio,Sí,2,Alto,Medio,Público,Negativa,3,No,Instituto,Moderada,Hombre,61,1,2
9,75,Alto,Bajo,No,8,61,Alto,Sí,3,Medio,Medio,Público,Neutral,3,No,Instituto,Cercana,Hombre,63,1,2
11,89,Medio,Medio,Sí,5,63,Medio,Sí,0,Medio,Medio,Público,Neutral,2,No,Universidad,Cercana,Mujer,65,2,2
28,82,Medio,Medio,Sí,6,80,Medio,Sí,1,Bajo,Medio,Privado,Neutral,5,No,Instituto,Lejana,Mujer,69,2,4
17,77,Medio,Medio,No,7,54,Bajo,Sí,1,Bajo,Alto,Público,Positiva,2,No,Universidad,Cercana,Hombre,64,1,1
35,83,Medio,Bajo,No,6,53,Medio,Sí,1,Bajo,Medio,Privado,Neutral,2,No,Instituto,Cercana,Mujer,69,2,1
17,75,Alto,Medio,Sí,8,81,Bajo,Sí,3,Alto,Medio,Público,Neutral,3,Sí,Postgrado,Cercana,Hombre,67,2,4
21,97,Medio,Alto,Sí,7,99,Alto,Sí,1,Medio,Alto,Público,Neutral,1,No,Postgrado,Moderada,Hombre,74,3,5
29,62,Alto,Medio,Sí,8,74,Medio,Sí,1,Bajo,Medio,Privado,Negativa,3,Sí,Universidad,Cercana,Hombre,66,2,3
32,87,Medio,Alto,Sí,7,71,Medio,Sí,0,Alto,Bajo,Público,Neutral,4,Sí,Universidad,Cercana,Hombre,72,2,3
32,96,Medio,Bajo,Sí,7,97,Bajo,Sí,1,Bajo,Medio,Público,Neutral,5,No,Universidad,Moderada,Hombre,73,2,5
27,92,Alto,Medio,No,6,62,Alto,Sí,0,Medio,Alto,Público,Positiva,4,No,Universidad,Cercana,Hombre,73,2,2
26,67,Bajo,Medio,Sí,5,62,Alto,Sí,0,Medio,Medio,Público,Negativa,2,No,Instituto,Moderada,Hombre,63,1,2
24,72,Alto,Medio,Sí,7,95,Medio,Sí,3,Bajo,Medio,Público,Negativa,2,No,Postgrado,Cercana,Hombre,69,2,5
25,89,Bajo,Bajo,Sí,6,82,Alto,Sí,2,Bajo,Medio,Público,Neutral,6,No,Postgrado,Cercana,Hombre,71,2,4
17,63,Alto,Medio,No,9,53,Alto,Sí,1,Bajo,Alto,Público,Neutral,4,No,Universidad,Moderada,Hombre,63,1,1
15,92,Medio,Alto,Sí,5,84,Medio,Sí,0,Alto,Bajo,Público,Positiva,5,No,Instituto,Moderada,Mujer,69,2,4
20,89,Alto,Alto,Sí,10,91,Bajo,Sí,3,Medio,Medio,Privado,Neutral,3,No,Universidad,Moderada,Hombre,72,2,5
19,89,Alto,Bajo,Sí,7,64,Medio,Sí,2,Bajo,Medio,Público,Positiva,4,Sí,Postgrado,Moderada,Mujer,68,2,2
17,64,Bajo,Alto,No,7,69,Medio,Sí,1,Medio,Medio,Público,Negativa,3,No,Instituto,Cercana,Mujer,62,1,2
24,89,Bajo,Alto,Sí,6,60,Medio,Sí,1,Bajo,Medio,Privado,Neutral,2,No,Instituto,Cercana,Hombre,68,2,1
26,87,Medio,Medio,Sí,8,82,Alto,Sí,1,Bajo,Medio,Público,Negativa,2,No,Postgrado,Cercana,Hombre,71,2,4
21,93,Medio,Bajo,Sí,7,83,Bajo,No,1,Alto,Alto,Público,Neutral,3,Sí,Instituto,Moderada,Hombre,67,2,4
29,62,Bajo,Alto,Sí,7,53,Alto,Sí,0,Bajo,Medio,Privado,Positiva,3,No,Universidad,Moderada,Mujer,65,2,1
13,61,Bajo,Medio,Sí,8,84,Alto,No,1,Medio,Alto,Público,Neutral,3,Sí,Postgrado,Lejana,Hombre,60,1,4
19,75,Medio,Alto,Sí,8,83,Alto,Sí,2,Alto,Medio,Público,Neutral,2,No,Instituto,Cercana,Hombre,68,2,4
16,66,Bajo,Medio,Sí,9,52,Medio,Sí,1,Medio,Bajo,Público,Negativa,3,Sí,Instituto,Cercana,Hombre,59,1,1
9,82,Alto,Medio,No,8,78,Medio,Sí,0,Alto,Medio,Público,Neutral,0,No,Instituto,Moderada,Mujer,64,1,3
20,97,Alto,Medio,Sí,6,81,Alto,Sí,2,Bajo,Bajo,Público,Neutral,3,No,Instituto,Moderada,Hombre,71,2,4
19,76,Alto,Alto,No,4,72,Bajo,Sí,2,Alto,Medio,Público,Neutral,2,No,Universidad,Moderada,Mujer,68,2,3
29,94,Bajo,Medio,Sí,7,95,Medio,No,2,Bajo,Medio,Público,Neutral,3,Sí,Universidad,Moderada,Hombre,70,2,5
24,60,Bajo,Bajo,No,7,66,Medio,Sí,1,Medio,Alto,Público,Neutral,4,No,Universidad,Cercana,Mujer,62,1,2
14,67,Medio,Medio,No,10,53,Medio,Sí,2,Alto,Medio,Público,Neutral,3,No,Universidad,Cercana,Hombre,62,1,1
31,61,Alto,Medio,No,7,84,Medio,Sí,2,Medio,Medio,Privado,Neutral,3,No,Instituto,Cercana,Hombre,68,2,4
27,73,Medio,Medio,No,8,80,Bajo,Sí,3,Medio,Medio,Privado,Negativa,3,No,Instituto,Cercana,Mujer,68,2,4
23,96,Medio,Medio,Sí,8,99,Alto,Sí,3,Bajo,Bajo,Público,Positiva,4,No,Instituto,Cercana,Mujer,74,3,5
19,64,Bajo,Medio,No,8,62,Medio,Sí,0,Alto,Medio,Público,Positiva,4,Sí,Universidad,Cercana,Hombre,61,1,2
14,84,Medio,Medio,Sí,8,70,Medio,Sí,1,Bajo,Alto,Público,Neutral,5,No,Universidad,Cercana,Hombre,67,2,2
18,78,Medio,Bajo,No,6,73,Medio,Sí,1,Alto,Alto,Público,Positiva,2,No,Instituto,Moderada,Mujer,65,2,3
27,98,Bajo,Medio,Sí,6,93,Bajo,No,5,Alto,Alto,Público,Positiva,3,No,Instituto,Moderada,Mujer,101,5,5
31,65,Medio,Bajo,Sí,7,71,Medio,Sí,1,Bajo,Medio,Público,Neutral,4,No,Instituto,Moderada,Hombre,65,2,3
29,68,Medio,Medio,No,4,89,Medio,Sí,0,Medio,Medio,Privado,Neutral,4,Sí,Universidad,Cercana,Hombre,67,2,4
17,61,Medio,Alto,Sí,7,58,Bajo,Sí,2,Bajo,Medio,Público,Positiva,3,Sí,Instituto,Cercana,Mujer,61,1,1
13,77,Medio,Medio,No,6,70,Medio,Sí,3,Medio,Alto,Público,Neutral,4,Sí,Instituto,Cercana,Hombre,64,1,2
21,71,Alto,Bajo,No,7,58,Alto,Sí,1,Medio,Alto,Público,Positiva,3,Sí,Universidad,Lejana,Mujer,64,1,1
9,95,Medio,Medio,Sí,7,97,Medio,Sí,1,Bajo,Bajo,Público,Neutral,2,No,Universidad,Cercana,Hombre,67,2,5
22,84,Medio,Medio,Sí,5,59,Medio,Sí,0,Alto,Alto,Privado,Positiva,3,No,Universidad,Cercana,Mujer,69,2,1
19,85,Alto,Medio,Sí,9,71,Bajo,Sí,1,Medio,Alto,Público,Positiva,2,No,Postgrado,Moderada,Mujer,69,2,3
17,81,Alto,Medio,No,7,54,Medio,Sí,4,Bajo,Medio,Público,Positiva,3,No,Instituto,Cercana,Mujer,67,2,1
10,64,Medio,Alto,No,8,96,Medio,Sí,1,Medio,Medio,Público,Neutral,3,No,Instituto,Moderada,Hombre,62,1,5
23,78,Bajo,Alto,No,7,81,Medio,Sí,0,Bajo,Medio,Privado,Neutral,1,No,Instituto,Cercana,Hombre,66,2,4
17,100,Alto,Medio,No,8,98,Bajo,Sí,0,Medio,Alto,Público,Positiva,4,No,Universidad,Cercana,Hombre,72,2,5
13,93,Medio,Medio,Sí,5,52,Bajo,Sí,2,Medio,Medio,Público,Positiva,3,No,Universidad,Cercana,Mujer,67,2,1
3,96,Alto,Alto,Sí,9,59,Medio,Sí,2,Bajo,Medio,Público,Negativa,3,No,Universidad,Moderada,Mujer,66,2,1
20,93,Bajo,Bajo,Sí,8,69,Medio,Sí,2,Bajo,Medio,Público,Neutral,4,No,Instituto,Moderada,Hombre,67,2,2
31,64,Alto,Bajo,Sí,7,81,Bajo,Sí,1,Medio,Medio,Público,Positiva,4,No,Instituto,Cercana,Mujer,67,2,4
30,69,Medio,Medio,Sí,7,66,Medio,Sí,0,Medio,Bajo,Público,Positiva,4,No,Postgrado,Cercana,Mujer,68,2,2
17,60,Alto,Medio,Sí,9,86,Medio,Sí,0,Bajo,Alto,Público,Positiva,2,No,Instituto,Cercana,Hombre,63,1,4
16,72,Medio,Alto,No,6,58,Bajo,Sí,1,Medio,Medio,Público,Negativa,2,No,Instituto,Lejana,Hombre,62,1,1
23,64,Alto,Medio,Sí,5,80,Bajo,Sí,3,Medio,Alto,Público,Negativa,2,Sí,Universidad,Moderada,Mujer,65,2,4
14,79,Medio,Medio,Sí,6,70,Medio,Sí,1,Bajo,Medio,Público,Positiva,6,No,Universidad,Moderada,Hombre,65,2,2
22,87,Medio,Alto,Sí,7,75,Medio,Sí,0,Medio,Alto,Público,Positiva,2,Sí,Universidad,Cercana,Mujer,70,2,3
25,95,Bajo,Medio,No,7,78,Medio,Sí,7,Bajo,Medio,Público,Positiva,4,No,Instituto,Cercana,Hombre,73,2,3
27,90,Alto,Medio,Sí,9,53,Medio,Sí,1,Medio,Alto,Público,Positiva,2,No,Postgrado,Cercana,Mujer,73,2,1
19,98,Medio,Bajo,Sí,6,96,Medio,No,2,Bajo,Medio,Privado,Negativa,2,No,Instituto,Moderada,Hombre,68,2,5
19,62,Medio,Bajo,No,6,89,Alto,Sí,3,Medio,Medio,Público,Positiva,1,No,Instituto,Moderada,Hombre,63,1,4
15,60,Medio,Bajo,Sí,5,72,Alto,Sí,2,Alto,Alto,Público,Positiva,2,No,Instituto,Cercana,Hombre,62,1,3
15,86,Alto,Medio,Sí,8,77,Medio,Sí,0,Medio,Medio,Público,Positiva,3,No,Postgrado,Cercana,Hombre,69,2,3
19,72,Medio,Alto,No,5,52,Medio,Sí,2,Medio,Medio,Público,Neutral,3,No,Postgrado,Cercana,Hombre,66,2,1
22,70,Medio,Alto,Sí,8,75,Alto,Sí,0,Medio,Medio,Privado,Positiva,3,No,Postgrado,Cercana,Hombre,68,2,3
25,73,Alto,Medio,Sí,6,71,Bajo,Sí,0,Bajo,Medio,Privado,Positiva,3,No,Universidad,Lejana,Mujer,67,2,3
15,71,Alto,Alto,Sí,6,69,Bajo,Sí,2,Bajo,Alto,Privado,Negativa,4,No,Universidad,Cercana,Mujer,65,2,2
29,80,Bajo,Medio,Sí,10,91,Alto,No,1,Alto,Medio,Público,Positiva,3,No,Universidad,Moderada,Hombre,70,2,5
18,78,Bajo,Medio,Sí,9,59,Alto,No,0,Alto,Alto,Privado,Positiva,1,No,Instituto,Moderada,Mujer,64,1,1
20,80,Bajo,Bajo,Sí,7,59,Alto,Sí,2,Medio,Alto,Privado,Neutral,3,No,Instituto,Moderada,Hombre,65,2,1
16,87,Medio,Medio,No,5,76,Alto,Sí,1,Bajo,Alto,Privado,Neutral,2,No,Postgrado,Lejana,Mujer,67,2,3
5,75,Medio,Bajo,Sí,10,84,Medio,Sí,0,Alto,Medio,Privado,Neutral,4,No,Postgrado,Moderada,Mujer,62,1,4
25,70,Medio,Medio,Sí,7,51,Alto,Sí,3,Bajo,Medio,Público,Positiva,4,No,Instituto,Moderada,Hombre,66,2,1
24,67,Alto,Alto,Sí,7,77,Bajo,Sí,0,Alto,Medio,Público,Positiva,2,No,Universidad,Cercana,Mujer,68,2,3
18,74,Medio,Bajo,No,8,65,Alto,Sí,0,Medio,Alto,Público,Positiva,4,No,Universidad,Moderada,Mujer,64,1,2
20,90,Alto,Bajo,No,4,88,Medio,Sí,3,Bajo,Medio,Público,Negativa,3,No,Instituto,Moderada,Hombre,69,2,4
23,90,Medio,Medio,Sí,6,73,Bajo,No,1,Alto,Medio,Privado,Positiva,2,No,Instituto,Cercana,Mujer,69,2,3
11,87,Medio,Medio,Sí,7,92,Medio,Sí,1,Medio,Medio,Público,Positiva,5,No,Instituto,Moderada,Mujer,67,2,5
17,69,Medio,Medio,Sí,7,70,Bajo,Sí,0,Bajo,Alto,Público,Neutral,3,Sí,Universidad,Moderada,Hombre,61,1,2
25,84,Alto,Medio,Sí,5,91,Bajo,Sí,1,Medio,Medio,Público,Positiva,4,Sí,Postgrado,Moderada,Mujer,70,2,5
12,83,Bajo,Medio,Sí,7,86,Bajo,Sí,1,Alto,Medio,Público,Negativa,4,No,Universidad,Cercana,Mujer,65,2,4
22,79,Medio,Medio,Sí,7,91,Bajo,Sí,0,Bajo,Medio,Público,Positiva,4,Sí,Universidad,Moderada,Hombre,66,2,5
12,82,Bajo,Medio,Sí,10,91,Medio,Sí,3,Bajo,Medio,Público,Negativa,3,No,Postgrado,Cercana,Hombre,66,2,5
23,80,Medio,Alto,Sí,9,74,Medio,Sí,4,Medio,Medio,Público,Negativa,3,No,Instituto,Moderada,Hombre,69,2,3
20,83,Medio,Medio,Sí,7,68,Alto,Sí,1,Medio,Medio,Público,Positiva,1,No,Instituto,Cercana,Mujer,67,2,2
10,89,Alto,Alto,Sí,7,88,Medio,Sí,2,Alto,Medio,Privado,Positiva,2,No,Postgrado,Cercana,Mujer,71,2,4
27,64,Alto,Alto,Sí,9,68,Alto,Sí,1,Bajo,Alto,Privado,Neutral,4,No,Instituto,Cercana,Hombre,68,2,2
16,90,Medio,Medio,No,7,54,Alto,No,2,Medio,Medio,Público,Positiva,3,No,Instituto,Cercana,Mujer,67,2,1
15,65,Alto,Medio,No,5,93,Bajo,Sí,2,Bajo,Medio,Público,Neutral,4,Sí,Instituto,Cercana,Mujer,63,1,5
21,63,Medio,Medio,No,10,70,Bajo,Sí,1,Alto,Alto,Privado,Positiva,2,No,Universidad,Cercana,Mujer,64,1,2
27,99,Alto,Medio,Sí,6,57,Medio,Sí,3,Bajo,Medio,Público,Neutral,3,No,Universidad,Moderada,Hombre,73,2,1
14,98,Medio,Medio,Sí,10,82,Alto,Sí,1,Bajo,Medio,Privado,Positiva,3,No,Instituto,Moderada,Hombre,69,2,4
20,62,Alto,Bajo,No,8,94,Alto,Sí,1,Medio,Medio,Público,Positiva,3,No,Instituto,Cercana,Mujer,65,2,5
23,78,Alto,Bajo,Sí,6,93,Medio,Sí,0,Medio,Alto,Privado,Positiva,5,No,Postgrado,Cercana,Hombre,70,2,5
24,67,Alto,Medio,Sí,4,78,Bajo,Sí,1,Bajo,Alto,Público,Positiva,2,No,Instituto,Cercana,Mujer,67,2,3
21,79,Medio,Bajo,Sí,8,54,Alto,Sí,3,Bajo,Medio,Público,Positiva,3,No,Postgrado,Moderada,Mujer,67,2,1
18,93,Medio,Alto,Sí,5,85,Medio,Sí,0,Bajo,Medio,Público,Positiva,3,No,Instituto,Cercana,Hombre,70,2,4
15,98,Alto,Bajo,No,8,80,Bajo,No,2,Alto,Alto,Público,Negativa,2,No,Postgrado,Cercana,Mujer,69,2,4
21,85,Alto,Medio,No,10,61,Alto,Sí,2,Medio,Medio,Público,Neutral,2,Sí,Instituto,Cercana,Hombre,68,2,2
14,74,Medio,Alto,No,5,95,Alto,Sí,1,Bajo,Alto,Público,Positiva,3,Sí,Universidad,Cercana,Hombre,66,2,5
2,84,Bajo,Alto,No,8,54,Bajo,Sí,3,Bajo,Bajo,Público,Positiva,4,No,Instituto,Cercana,Hombre,62,1,1
23,72,Medio,Medio,Sí,6,69,Bajo,Sí,2,Alto,Medio,Público,Positiva,4,No,Instituto,Cercana,Hombre,67,2,2
25,96,Medio,Bajo,Sí,9,55,Alto,Sí,2,Medio,Alto,Público,Neutral,4,No,Instituto,Moderada,Hombre,71,2,1
6,95,Alto,Medio,Sí,7,96,Medio,Sí,4,Bajo,Medio,Público,Neutral,2,No,Instituto,Moderada,Mujer,68,2,5
14,82,Alto,Medio,Sí,7,52,Alto,Sí,3,Bajo,Medio,Público,Negativa,2,No,Instituto,Cercana,Mujer,66,2,1
24,73,Bajo,Medio,Sí,9,71,Alto,Sí,0,Bajo,Medio,Público,Neutral,3,No,Instituto,Moderada,Hombre,64,1,3
32,72,Alto,Medio,Sí,8,93,Bajo,Sí,1,Bajo,Medio,Privado,Neutral,4,No,Postgrado,Cercana,Mujer,71,2,5
20,61,Bajo,Bajo,Sí,6,63,Medio,Sí,1,Medio,Alto,Público,Positiva,4,No,Universidad,Lejana,Hombre,61,1,2
16,93,Medio,Alto,No,10,55,Medio,No,2,Bajo,Medio,Público,Neutral,2,No,Universidad,Cercana,Hombre,67,2,1
19,78,Medio,Bajo,Sí,5,56,Bajo,Sí,3,Alto,Medio,Público,Neutral,4,No,Universidad,Moderada,Mujer,65,2,1
28,73,Alto,Medio,Sí,7,70,Bajo,No,0,Bajo,Medio,Privado,Negativa,6,No,Universidad,Moderada,Mujer,66,2,2
16,79,Alto,Alto,Sí,6,71,Medio,Sí,2,Bajo,Alto,Público,Neutral,4,No,Instituto,Cercana,Mujer,68,2,3
15,93,Medio,Medio,No,5,86,Medio,Sí,0,Bajo,Medio,Público,Neutral,2,No,Universidad,Lejana,Hombre,66,2,4
17,65,Medio,Medio,No,5,62,Medio,Sí,2,Medio,Medio,Público,Positiva,4,No,Instituto,Cercana,Mujer,63,1,2
14,94,Bajo,Bajo,Sí,7,85,Bajo,Sí,1,Alto,Medio,Público,Neutral,3,No,Instituto,Moderada,Mujer,66,2,4
21,96,Medio,Alto,No,8,100,Medio,Sí,1,Alto,Medio,Privado,Positiva,2,No,Universidad,Cercana,Mujer,73,2,5
30,98,Medio,Bajo,Sí,9,93,Medio,Sí,1,Bajo,Bajo,Privado,Positiva,3,No,Instituto,Cercana,Hombre,88,4,5
22,76,Medio,Medio,No,9,82,Alto,Sí,0,Medio,Alto,Privado,Neutral,4,No,Instituto,Cercana,Hombre,67,2,4
18,69,Alto,Alto,Sí,7,97,Medio,Sí,2,Medio,Medio,Público,Positiva,2,No,Universidad,Cercana,Mujer,69,2,5
18,75,Medio,Bajo,Sí,6,100,Alto,Sí,2,Bajo,Medio,Público,Positiva,3,No,Instituto,Cercana,Mujer,67,2,5
11,73,Medio,Alto,Sí,9,79,Medio,Sí,1,Bajo,Alto,Público,Neutral,2,No,Instituto,Cercana,Hombre,64,1,3
25,67,Medio,Alto,Sí,6,64,Medio,No,0,Bajo,Medio,Público,Neutral,2,No,Instituto,Moderada,Hombre,64,1,2
20,84,Bajo,Medio,No,5,96,Bajo,Sí,1,Bajo,Medio,Público,Negativa,2,No,Instituto,Cercana,Hombre,65,2,5
19,79,Medio,Medio,No,8,92,Alto,Sí,1,Medio,Alto,Público,Positiva,2,No,Instituto,Cercana,Hombre,68,2,5
39,95,Medio,Alto,Sí,9,54,Alto,Sí,2,Medio,Medio,Privado,Positiva,3,No,Instituto,Moderada,Hombre,77,3,1
22,61,Medio,Medio,Sí,6,97,Alto,Sí,0,Bajo,Alto,Público,Negativa,2,Sí,Instituto,Cercana,Hombre,63,1,5
15,86,Alto,Alto,Sí,10,68,Medio,Sí,0,Alto,Medio,Público,Neutral,5,No,Universidad,Cercana,Hombre,69,2,2
17,91,Medio,Medio,Sí,8,66,Medio,Sí,3,Medio,Bajo,Público,Positiva,2,No,Universidad,Cercana,Hombre,69,2,2
27,90,Medio,Bajo,No,8,67,Medio,Sí,2,Medio,Medio,Público,Negativa,3,No,Postgrado,Cercana,Hombre,70,2,2
21,95,Alto,Medio,Sí,6,66,Alto,Sí,1,Medio,Alto,Público,Positiva,4,No,Universidad,Cercana,Hombre,73,2,2
11,89,Medio,Bajo,Sí,9,76,Medio,Sí,1,Medio,Alto,Público,Neutral,3,No,Postgrado,Lejana,Hombre,66,2,3
26,97,Medio,Bajo,No,5,79,Alto,Sí,2,Bajo,Bajo,Privado,Positiva,3,No,Instituto,Cercana,Mujer,71,2,3
16,73,Medio,Bajo,Sí,6,71,Medio,Sí,2,Alto,Alto,Público,Positiva,5,No,Universidad,Cercana,Hombre,66,2,3
31,80,Medio,Medio,Sí,6,71,Alto,Sí,2,Bajo,Alto,Público,Neutral,3,No,Instituto,Cercana,Mujer,71,2,3
26,61,Medio,Bajo,Sí,5,87,Medio,Sí,3,Alto,Alto,Público,Positiva,2,Sí,Instituto,Cercana,Hombre,66,2,4
17,60,Medio,Alto,Sí,8,50,Alto,Sí,0,Bajo,Alto,Público,Positiva,4,No,Instituto,Cercana,Mujer,63,1,1
28,70,Alto,Alto,Sí,8,97,Medio,Sí,5,Bajo,Bajo,Público,Negativa,5,Sí,Instituto,Cercana,Hombre,70,2,5
20,64,Alto,Medio,Sí,8,86,Medio,Sí,1,Medio,Medio,Público,Neutral,2,No,Postgrado,Cercana,Hombre,66,2,4
25,70,Medio,Medio,No,7,85,Medio,Sí,1,Medio,Medio,Público,Negativa,4,No,Instituto,Cercana,Hombre,66,2,4
23,67,Medio,Medio,No,8,71,Alto,Sí,2,Medio,Medio,Público,Neutral,4,No,Universidad,Moderada,Mujer,66,2,3
15,61,Medio,Medio,No,7,98,Medio,Sí,1,Medio,Medio,Público,Neutral,3,No,Instituto,Cercana,Hombre,62,1,5
16,96,Medio,Medio,No,6,50,Alto,Sí,1,Medio,Alto,Público,Positiva,3,No,Universidad,Cercana,Hombre,69,2,1
26,60,Bajo,Alto,Sí,6,54,Bajo,Sí,1,Bajo,Medio,Privado,Positiva,1,No,Postgrado,Moderada,Hombre,63,1,1
18,89,Medio,Bajo,Sí,4,90,Bajo,Sí,1,Alto,Medio,Público,Positiva,2,Sí,Postgrado,Cercana,Mujer,68,2,5
18,66,Medio,Alto,No,9,87,Medio,Sí,1,Medio,Bajo,Privado,Positiva,3,No,Instituto,Moderada,Hombre,64,1,4
14,96,Bajo,Alto,Sí,9,64,Alto,Sí,2,Bajo,Alto,Público,Neutral,3,No,Postgrado,Moderada,Hombre,69,2,2
23,96,Bajo,Medio,Sí,10,80,Bajo,Sí,3,Bajo,Alto,Público,Positiva,3,No,Instituto,Cercana,Hombre,71,2,4
32,86,Medio,Medio,Sí,6,77,Medio,No,2,Medio,Bajo,Privado,Negativa,4,No,Instituto,Cercana,Hombre,71,2,3
14,87,Medio,Medio,No,6,76,Medio,Sí,1,Bajo,Medio,Privado,Positiva,4,No,Universidad,Lejana,Mujer,66,2,3
20,60,Medio,Medio,Sí,4,80,Bajo,Sí,2,Alto,Medio,Privado,Positiva,3,Sí,Universidad,Moderada,Hombre,63,1,4
28,99,Bajo,Medio,Sí,8,100,Bajo,Sí,0,Medio,Medio,Público,Positiva,2,No,Instituto,Lejana,Hombre,72,2,5
20,95,Medio,Medio,Sí,8,99,Bajo,No,1,Bajo,Medio,Privado,Neutral,3,No,Universidad,Cercana,Mujer,70,2,5
23,96,Medio,Bajo,No,9,99,Medio,Sí,0,Alto,Medio,Privado,Neutral,2,No,Universidad,Cercana,Mujer,71,2,5
14,86,Bajo,Bajo,Sí,6,77,Medio,Sí,3,Alto,Medio,Privado,Neutral,3,No,Instituto,Lejana,Hombre,65,2,3
23,74,Medio,Bajo,Sí,8,66,Bajo,Sí,0,Alto,Medio,Público,Negativa,4,No,Postgrado,Cercana,Mujer,65,2,2
19,96,Bajo,Medio,No,6,78,Alto,Sí,1,Bajo,Bajo,Público,Positiva,2,No,Instituto,Lejana,Hombre,67,2,3
26,72,Alto,Medio,No,9,81,Alto,Sí,0,Medio,Alto,Público,Neutral,3,No,Instituto,Cercana,Hombre,68,2,4
27,83,Medio,Medio,Sí,8,66,Medio,Sí,3,Medio,Medio,Público,Positiva,4,No,Universidad,Lejana,Mujer,70,2,2
36,64,Medio,Medio,Sí,5,82,Medio,Sí,2,Medio,Alto,Privado,Positiva,2,No,Instituto,Cercana,Mujer,70,2,4
23,97,Bajo,Alto,Sí,7,81,Bajo,Sí,2,Medio,Alto,Público,Neutral,3,No,Instituto,Cercana,Hombre,72,2,4
22,66,Medio,Alto,No,4,95,Medio,Sí,1,Bajo,Bajo,Público,Neutral,5,No,Universidad,Moderada,Hombre,65,2,5
21,69,Medio,Medio,Sí,5,62,Alto,Sí,2,Bajo,Medio,Público,Positiva,3,No,Instituto,Cercana,Hombre,65,2,2
18,82,Alto,Medio,Sí,5,85,Alto,Sí,3,Medio,Alto,Privado,Neutral,4,No,Postgrado,Cercana,Hombre,71,2,4
22,91,Alto,Alto,Sí,6,73,Bajo,Sí,3,Alto,Medio,Público,Positiva,4,No,Postgrado,Cercana,Hombre,74,3,3
18,85,Bajo,Medio,No,7,56,Bajo,Sí,0,Bajo,Medio,Privado,Positiva,4,No,Instituto,Moderada,Hombre,64,1,1
21,69,Medio,Medio,No,7,66,Alto,Sí,1,Medio,Medio,Privado,Neutral,4,No,Instituto,Lejana,Mujer,64,1,2
28,60,Medio,Alto,Sí,7,53,Bajo,Sí,3,Bajo,Medio,Privado,Neutral,3,No,Instituto,Cercana,Mujer,65,2,1
14,90,Bajo,Medio,Sí,7,66,Medio,Sí,1,Medio,Medio,Público,Neutral,5,No,Universidad,Cercana,Hombre,67,2,2
27,99,Alto,Medio,No,7,53,Bajo,Sí,2,Bajo,Alto,Público,Neutral,3,No,Universidad,Cercana,Hombre,73,2,1
28,92,Bajo,Alto,No,5,96,Alto,Sí,1,Medio,Bajo,Público,Neutral,3,No,Universidad,Moderada,Hombre,72,2,5
19,78,Medio,Medio,No,7,55,Bajo,Sí,0,Medio,Medio,Público,Positiva,3,No,Universidad,Cercana,Hombre,65,2,1
7,96,Medio,Alto,No,9,91,Medio,Sí,0,Bajo,Medio,Público,Neutral,4,No,Universidad,Cercana,Hombre,67,2,5
16,76,Medio,Medio,Sí,7,95,Bajo,Sí,2,Medio,Medio,Público,Negativa,3,No,Instituto,Cercana,Mujer,66,2,5
28,81,Alto,Medio,Sí,8,73,Bajo,Sí,0,Medio,Alto,Público,Negativa,3,No,Postgrado,Cercana,Hombre,70,2,3
20,79,Alto,Medio,No,8,53,Medio,Sí,2,Medio,Medio,Privado,Neutral,3,No,Instituto,Moderada,Mujer,66,2,1
14,78,Alto,Alto,Sí,8,80,Bajo,Sí,1,Medio,Medio,Público,Neutral,1,No,Instituto,Cercana,Mujer,66,2,4
17,91,Medio,Bajo,Sí,7,62,Bajo,Sí,3,Alto,Medio,Público,Negativa,3,No,Postgrado,Cercana,Hombre,68,2,2
25,81,Bajo,Medio,Sí,8,59,Bajo,Sí,3,Bajo,Medio,Público,Positiva,4,No,Universidad,Cercana,Hombre,68,2,1
23,73,Alto,Alto,No,8,78,Bajo,Sí,0,Alto,Medio,Público,Neutral,4,No,Instituto,Moderada,Mujer,67,2,3
19,70,Alto,Medio,Sí,8,68,Alto,No,1,Bajo,Medio,Público,Positiva,3,No,Universidad,Cercana,Mujer,65,2,2
18,62,Medio,Bajo,Sí,8,87,Medio,Sí,4,Bajo,Medio,Público,Positiva,4,No,Universidad,Cercana,Mujer,64,1,4
18,83,Alto,Medio,No,5,80,Alto,Sí,1,Alto,Alto,Público,Positiva,2,No,Universidad,Cercana,Hombre,70,2,4
14,69,Bajo,Medio,No,5,91,Medio,Sí,0,Alto,Medio,Público,Positiva,3,No,Universidad,Moderada,Hombre,63,1,5
30,66,Medio,Alto,No,6,53,Bajo,No,2,Bajo,Medio,Público,Positiva,2,No,Instituto,Cercana,Hombre,65,2,1
18,86,Bajo,Medio,Sí,9,62,Medio,Sí,4,Medio,Medio,Público,Negativa,2,Sí,Postgrado,Cercana,Mujer,67,2,2
27,87,Medio,Medio,Sí,7,78,Bajo,Sí,3,Bajo,Medio,Privado,Negativa,5,No,Instituto,Cercana,Mujer,71,2,3
29,90,Alto,Medio,Sí,7,94,Medio,Sí,1,Bajo,Bajo,Privado,Neutral,4,No,Instituto,Cercana,Mujer,73,2,5
26,80,Medio,Medio,No,4,91,Bajo,Sí,1,Bajo,Medio,Privado,Neutral,3,No,Instituto,Lejana,Hombre,67,2,5
17,96,Alto,Medio,Sí,7,84,Medio,Sí,2,Bajo,Alto,Privado,Positiva,3,No,Universidad,Cercana,Mujer,72,2,4
22,97,Medio,Medio,No,7,79,Alto,Sí,2,Medio,Alto,Público,Positiva,0,No,Instituto,Lejana,Hombre,71,2,3
20,92,Medio,Alto,Sí,4,82,Alto,Sí,0,Medio,Medio,Público,Neutral,4,No,Postgrado,Cercana,Hombre,72,2,4
15,85,Alto,Alto,Sí,7,61,Medio,Sí,1,Medio,Alto,Público,Negativa,3,No,Instituto,Cercana,Hombre,68,2,2
22,72,Bajo,Bajo,Sí,5,80,Medio,Sí,2,Bajo,Alto,Público,Neutral,3,No,Universidad,Cercana,Mujer,65,2,4
13,99,Alto,Medio,No,6,75,Bajo,Sí,1,Medio,Medio,Público,Positiva,4,Sí,Universidad,Lejana,Mujer,68,2,3
27,71,Medio,Bajo,No,8,69,Medio,Sí,1,Alto,Medio,Público,Positiva,4,No,Universidad,Cercana,Hombre,67,2,2
17,68,Medio,Medio,No,7,94,Alto,Sí,1,Alto,Medio,Privado,Neutral,4,No,Universidad,Moderada,Mujer,66,2,5
21,78,Medio,Bajo,Sí,6,91,Medio,Sí,0,Medio,Bajo,Privado,Neutral,1,Sí,Instituto,Cercana,Hombre,64,1,5
22,62,Alto,Medio,No,6,54,Medio,Sí,3,Bajo,Medio,Privado,Neutral,3,No,Postgrado,Cercana,Hombre,65,2,1
18,99,Medio,Medio,No,6,99,Medio,Sí,0,Bajo,Medio,Público,Neutral,3,No,Instituto,Moderada,Hombre,69,2,5
24,84,Medio,Medio,Sí,7,61,Medio,Sí,2,Medio,Medio,Público,Positiva,2,No,Instituto,Lejana,Hombre,68,2,2
17,82,Alto,Alto,No,5,61,Medio,Sí,3,Medio,Medio,Público,Neutral,4,No,Postgrado,Cercana,Hombre,69,2,2
25,86,Medio,Medio,Sí,9,97,Bajo,Sí,1,Alto,Medio,Privado,Neutral,3,No,Instituto,Moderada,Hombre,70,2,5
12,80,Alto,Medio,No,5,72,Medio,Sí,1,Alto,Medio,Privado,Positiva,4,Sí,Instituto,Cercana,Mujer,65,2,3
21,61,Medio,Medio,No,4,90,Bajo,Sí,2,Medio,Bajo,Público,Neutral,3,No,Instituto,Cercana,Hombre,63,1,5
32,84,Bajo,Medio,Sí,8,64,Medio,Sí,1,Bajo,Alto,Privado,Positiva,3,No,Universidad,Cercana,Mujer,71,2,2
14,89,Medio,Alto,Sí,6,94,Bajo,Sí,0,Bajo,Medio,Privado,Neutral,2,No,Postgrado,Cercana,Hombre,68,2,5
16,77,Medio,Medio,Sí,7,92,Alto,Sí,5,Bajo,Alto,Público,Positiva,3,No,Postgrado,Cercana,Mujer,70,2,5
23,90,Medio,Alto,Sí,8,76,Alto,Sí,2,Medio,Bajo,Público,Positiva,3,No,Instituto,Cercana,Mujer,72,2,3
21,69,Medio,Medio,Sí,6,85,Medio,Sí,3,Bajo,Bajo,Público,Neutral,1,No,Universidad,Lejana,Mujer,64,1,4
22,69,Bajo,Medio,No,7,98,Bajo,Sí,0,Bajo,Medio,Público,Positiva,2,No,Postgrado,Moderada,Hombre,64,1,5
23,66,Medio,Bajo,Sí,8,73,Alto,Sí,2,Alto,Medio,Público,Positiva,2,No,Universidad,Cercana,Mujer,66,2,3
24,75,Medio,Alto,Sí,9,75,Alto,Sí,0,Medio,Alto,Público,Positiva,3,No,Universidad,Lejana,Hombre,69,2,3
27,94,Medio,Bajo,No,6,86,Medio,Sí,2,Medio,Medio,Privado,Neutral,2,No,Instituto,Cercana,Mujer,71,2,4
22,93,Medio,Alto,Sí,6,69,Alto,Sí,0,Alto,Bajo,Público,Negativa,3,Sí,Instituto,Cercana,Hombre,69,2,2
19,75,Alto,Medio,No,8,98,Bajo,Sí,1,Bajo,Medio,Público,Neutral,3,No,Postgrado,Moderada,Hombre,67,2,5
24,84,Bajo,Medio,Sí,7,52,Medio,Sí,0,Bajo,Alto,Público,Neutral,3,No,Instituto,Cercana,Hombre,66,2,1
31,89,Medio,Medio,No,7,70,Medio,Sí,2,Bajo,Alto,Público,Positiva,2,No,Instituto,Moderada,Mujer,71,2,2
19,70,Medio,Bajo,Sí,9,86,Bajo,Sí,2,Alto,Medio,Público,Neutral,2,Sí,Instituto,Cercana,Hombre,63,1,4
14,67,Medio,Bajo,No,4,71,Medio,Sí,0,Alto,Medio,Público,Neutral,4,No,Universidad,Cercana,Mujer,62,1,3
27,99,Medio,Alto,No,5,63,Medio,Sí,0,Medio,Alto,Público,Neutral,4,No,Instituto,Cercana,Mujer,73,2,2
19,85,Alto,Medio,No,4,71,Bajo,Sí,1,Medio,Alto,Público,Negativa,3,No,Instituto,Lejana,Mujer,66,2,3
7,99,Alto,Medio,Sí,9,94,Medio,Sí,3,Alto,Alto,Público,Positiva,2,No,Postgrado,Moderada,Hombre,72,2,5
25,74,Alto,Bajo,Sí,8,77,Bajo,Sí,1,Bajo,Medio,Público,Neutral,2,No,Postgrado,Moderada,Mujer,67,2,3
17,88,Bajo,Bajo,No,5,67,Medio,No,0,Medio,Alto,Público,Neutral,3,No,Postgrado,Cercana,Hombre,65,2,2
19,69,Medio,Medio,Sí,7,84,Medio,Sí,2,Medio,Medio,Público,Neutral,4,No,Instituto,Cercana,Hombre,66,2,4
22,70,Alto,Medio,Sí,7,81,Bajo,Sí,3,Medio,Medio,Público,Neutral,2,No,Postgrado,Moderada,Mujer,68,2,4
21,80,Medio,Alto,Sí,4,78,Medio,Sí,1,Medio,Alto,Privado,Neutral,4,No,Instituto,Cercana,Mujer,69,2,3
24,73,Alto,Medio,Sí,7,70,Medio,Sí,0,Alto,Medio,Público,Negativa,3,No,Postgrado,Cercana,Mujer,68,2,2
17,67,Medio,Alto,Sí,5,54,Medio,Sí,0,Bajo,Medio,Público,Negativa,2,No,Instituto,Moderada,Hombre,61,1,1
23,71,Alto,Bajo,Sí,8,81,Medio,Sí,3,Medio,Alto,Privado,Positiva,2,No,Instituto,Cercana,Hombre,68,2,4
18,61,Alto,Bajo,Sí,5,71,Bajo,Sí,3,Alto,Alto,Privado,Neutral,3,No,Universidad,Cercana,Hombre,64,1,3
24,88,Medio,Bajo,Sí,7,71,Bajo,No,1,Bajo,Alto,Público,Neutral,3,No,Universidad,Moderada,Hombre,67,2,3
24,80,Bajo,Alto,Sí,9,62,Alto,Sí,3,Alto,Bajo,Público,Neutral,3,No,Instituto,Moderada,Hombre,68,2,2
14,64,Medio,Alto,No,8,62,Bajo,Sí,1,Medio,Alto,Público,Positiva,4,Sí,Instituto,Moderada,Hombre,61,1,2
27,67,Alto,Bajo,No,8,89,Bajo,Sí,1,Bajo,Bajo,Público,Positiva,3,No,Postgrado,Cercana,Mujer,66,2,4
17,64,Alto,Bajo,Sí,7,74,Bajo,Sí,2,Medio,Bajo,Público,Positiva,2,No,Postgrado,Cercana,Mujer,64,1,3
25,85,Bajo,Medio,No,5,55,Bajo,Sí,3,Alto,Medio,Público,Negativa,3,No,Instituto,Moderada,Mujer,67,2,1
22,64,Medio,Alto,No,6,52,Bajo,Sí,2,Alto,Medio,Privado,Negativa,4,No,Universidad,Moderada,Mujer,64,1,1
31,90,Alto,Alto,No,7,61,Bajo,Sí,0,Bajo,Medio,Público,Positiva,3,No,Instituto,Cercana,Hombre,72,2,2
19,61,Medio,Medio,No,7,74,Bajo,Sí,2,Alto,Medio,Público,Negativa,3,No,Postgrado,Lejana,Hombre,62,1,3
18,70,Alto,Medio,Sí,5,81,Bajo,Sí,2,Bajo,Medio,Privado,Negativa,2,No,Instituto,Lejana,Mujer,63,1,4
20,96,Alto,Alto,No,8,57,Bajo,Sí,1,Bajo,Medio,Privado,Neutral,4,No,Instituto,Cercana,Hombre,70,2,1
18,89,Alto,Medio,No,5,72,Bajo,Sí,3,Medio,Medio,Público,Positiva,3,No,Universidad,Moderada,Hombre,69,2,3
25,63,Bajo,Medio,Sí,9,54,Medio,Sí,3,Medio,Bajo,Público,Positiva,2,No,Instituto,Cercana,Hombre,64,1,1
10,93,Bajo,Medio,No,7,52,Medio,Sí,2,Medio,Medio,Público,Positiva,3,No,Postgrado,Cercana,Hombre,66,2,1
14,80,Bajo,Medio,Sí,8,93,Medio,Sí,3,Bajo,Alto,Privado,Positiva,4,No,Instituto,Cercana,Mujer,67,2,5
14,94,Alto,Alto,Sí,8,83,Medio,Sí,4,Medio,Bajo,Público,Negativa,5,Sí,Postgrado,Cercana,Mujer,71,2,4
26,84,Medio,Alto,Sí,10,89,Medio,Sí,0,Bajo,Alto,Privado,Positiva,1,No,Instituto,Lejana,Mujer,70,2,4
30,87,Bajo,Medio,No,7,59,Medio,Sí,2,Medio,Medio,Público,Neutral,3,No,Instituto,Moderada,Hombre,69,2,1
19,100,Medio,Bajo,No,6,66,Alto,Sí,0,Bajo,Medio,Público,Neutral,3,No,Instituto,Moderada,Hombre,68,2,2
19,69,Medio,Alto,Sí,6,72,Medio,No,1,Bajo,Medio,Público,Neutral,1,No,Universidad,Cercana,Mujer,64,1,3
20,85,Alto,Medio,Sí,9,83,Bajo,Sí,3,Medio,Medio,Público,Positiva,3,Sí,Universidad,Cercana,Hombre,70,2,4
27,78,Alto,Bajo,Sí,5,77,Medio,Sí,0,Medio,Bajo,Privado,Neutral,3,No,Postgrado,Cercana,Hombre,69,2,3
14,62,Medio,Medio,Sí,6,78,Medio,Sí,0,Alto,Medio,Público,Positiva,2,No,Universidad,Cercana,Mujer,63,1,3
21,61,Bajo,Medio,No,7,58,Medio,Sí,1,Medio,Bajo,Público,Negativa,3,No,Instituto,Cercana,Mujer,60,1,1
26,65,Alto,Bajo,No,7,74,Medio,Sí,2,Bajo,Medio,Público,Negativa,4,No,Instituto,Cercana,Mujer,65,2,3
23,86,Medio,Medio,No,8,91,Medio,Sí,0,Bajo,Medio,Público,Negativa,0,No,Instituto,Cercana,Hombre,67,2,5
21,83,Medio,Bajo,No,5,75,Bajo,Sí,1,Medio,Medio,Público,Negativa,4,No,Universidad,Cercana,Hombre,66,2,3
26,82,Bajo,Alto,No,7,60,Medio,No,3,Bajo,Medio,Público,Neutral,3,No,Postgrado,Cercana,Mujer,68,2,1
4,61,Bajo,Alto,Sí,7,71,Alto,Sí,0,Bajo,Bajo,Público,Positiva,1,No,Postgrado,Cercana,Hombre,58,1,3
24,79,Bajo,Alto,Sí,5,88,Medio,Sí,0,Medio,Medio,Público,Neutral,3,No,Instituto,Moderada,Mujer,67,2,4
16,97,Medio,Medio,Sí,8,57,Bajo,Sí,0,Medio,Medio,Público,Positiva,4,Sí,Instituto,Cercana,Hombre,68,2,1
9,76,Medio,Medio,Sí,7,79,Medio,Sí,1,Bajo,Medio,Público,Neutral,3,No,Instituto,Cercana,Mujer,62,1,3
23,85,Bajo,Alto,No,7,98,Alto,No,2,Bajo,Medio,Público,Negativa,3,No,Postgrado,Moderada,Mujer,69,2,5
28,91,Medio,Alto,Sí,6,69,Alto,Sí,1,Medio,Alto,Privado,Neutral,4,No,Instituto,Lejana,Hombre,73,2,2
19,91,Alto,Bajo,No,6,52,Medio,Sí,2,Bajo,Medio,Público,Negativa,4,Sí,Instituto,Moderada,Hombre,66,2,1
26,81,Bajo,Medio,Sí,5,82,Medio,Sí,0,Medio,Medio,Público,Negativa,5,Sí,Postgrado,Cercana,Mujer,67,2,4
30,94,Medio,Medio,No,8,52,Medio,Sí,1,Medio,Bajo,Público,Neutral,4,No,Instituto,Cercana,Mujer,71,2,1
28,76,Medio,Medio,Sí,9,60,Medio,Sí,1,Bajo,Medio,Público,Neutral,2,No,Instituto,Lejana,Hombre,66,2,1
30,96,Alto,Medio,Sí,10,52,Medio,Sí,0,Alto,Alto,Público,Positiva,4,No,Universidad,Moderada,Mujer,74,3,1
24,70,Medio,Alto,No,8,59,Bajo,Sí,2,Bajo,Alto,Público,Positiva,5,No,Instituto,Cercana,Hombre,67,2,1
20,71,Alto,Medio,No,6,93,Alto,Sí,2,Medio,Alto,Público,Negativa,2,No,Postgrado,Cercana,Hombre,68,2,5
10,62,Medio,Medio,No,6,87,Alto,Sí,2,Bajo,Alto,Público,Neutral,3,No,Instituto,Cercana,Hombre,61,1,4
19,92,Medio,Alto,No,8,67,Medio,Sí,2,Medio,Medio,Privado,Negativa,2,No,Instituto,Cercana,Mujer,69,2,2
15,77,Bajo,Medio,Sí,7,95,Bajo,Sí,4,Bajo,Medio,Público,Positiva,4,No,Instituto,Moderada,Hombre,65,2,5
33,69,Medio,Alto,Sí,7,83,Medio,Sí,2,Medio,Bajo,Público,Neutral,2,No,Postgrado,Cercana,Hombre,71,2,4
19,69,Medio,Bajo,No,7,72,Medio,Sí,1,Bajo,Bajo,Público,Positiva,2,No,Instituto,Lejana,Mujer,61,1,3
21,96,Medio,Alto,Sí,9,53,Medio,Sí,0,Bajo,Alto,Público,Neutral,3,No,Universidad,Cercana,Hombre,70,2,1
23,93,Medio,Bajo,No,6,87,Medio,Sí,2,Medio,Medio,Privado,Neutral,3,No,Instituto,Moderada,Hombre,70,2,4
20,82,Medio,Alto,Sí,9,69,Bajo,Sí,1,Medio,Medio,Público,Positiva,3,No,Universidad,Cercana,Hombre,69,2,2
30,85,Alto,Bajo,Sí,7,65,Alto,Sí,2,Bajo,Medio,Público,Negativa,3,No,Instituto,Cercana,Mujer,70,2,2
16,79,Alto,Medio,Sí,6,64,Medio,Sí,4,Bajo,Bajo,Público,Positiva,4,Sí,Universidad,Cercana,Hombre,67,2,2
21,76,Bajo,Medio,No,6,50,Bajo,Sí,2,Bajo,Medio,Público,Negativa,4,No,Postgrado,Moderada,Mujer,63,1,1
16,97,Medio,Medio,No,7,87,Medio,Sí,1,Alto,Medio,Público,Neutral,3,No,Instituto,Cercana,Mujer,70,2,4
12,65,Medio,Medio,No,8,57,Medio,Sí,1,Alto,Alto,Privado,Positiva,5,Sí,Instituto,Cercana,Mujer,61,1,1
16,77,Bajo,Alto,Sí,6,76,Bajo,Sí,1,Bajo,Medio,Público,Neutral,1,No,Postgrado,Moderada,Mujer,64,1,3
20,74,Medio,Medio,Sí,8,51,Alto,Sí,2,Medio,Medio,Público,Negativa,3,No,Universidad,Cercana,Hombre,65,2,1
17,80,Medio,Medio,No,6,81,Medio,Sí,1,Medio,Alto,Público,Neutral,1,No,Universidad,Lejana,Hombre,65,2,4
16,78,Medio,Bajo,Sí,7,68,Alto,Sí,3,Bajo,Alto,Privado,Positiva,3,No,Postgrado,Lejana,Mujer,66,2,2
12,81,Alto,Alto,Sí,5,82,Bajo,Sí,1,Medio,Alto,Público,Positiva,3,No,Instituto,Lejana,Mujer,66,2,4
20,66,Bajo,Medio,Sí,8,54,Medio,Sí,2,Medio,Bajo,Público,Positiva,2,No,Postgrado,Cercana,Hombre,63,1,1
11,81,Bajo,Alto,Sí,7,63,Medio,Sí,3,Medio,Medio,Público,Neutral,2,No,Postgrado,Cercana,Hombre,66,2,2
25,70,Medio,Medio,Sí,9,56,Alto,Sí,0,Bajo,Medio,Público,Positiva,1,No,Instituto,Lejana,Hombre,64,1,1
20,67,Alto,Bajo,No,8,82,Medio,Sí,3,Bajo,Alto,Público,Neutral,4,Sí,Instituto,Cercana,Hombre,65,2,4
11,63,Alto,Medio,No,7,55,Bajo,Sí,3,Alto,Medio,Privado,Positiva,1,No,Postgrado,Cercana,Hombre,62,1,1
18,91,Bajo,Alto,Sí,9,81,Alto,Sí,4,Alto,Medio,Público,Neutral,5,No,Instituto,Moderada,Hombre,71,2,4
15,77,Medio,Medio,Sí,8,57,Bajo,Sí,1,Bajo,Medio,Público,Neutral,2,No,Universidad,Cercana,Hombre,63,1,1
22,85,Medio,Alto,No,9,97,Alto,Sí,0,Medio,Alto,Público,Negativa,3,No,Universidad,Moderada,Hombre,70,2,5
28,89,Medio,Bajo,Sí,6,71,Bajo,Sí,2,Bajo,Medio,Privado,Neutral,4,No,Universidad,Moderada,Hombre,70,2,3
9,87,Medio,Medio,No,8,56,Medio,Sí,1,Medio,Alto,Público,Positiva,3,No,Universidad,Moderada,Mujer,65,2,1
21,79,Alto,Alto,Sí,8,52,Medio,Sí,1,Bajo,Medio,Público,Neutral,3,Sí,Instituto,Cercana,Mujer,66,2,1
19,76,Medio,Bajo,Sí,5,66,Medio,Sí,2,Medio,Medio,Privado,Positiva,4,No,Universidad,Cercana,Mujer,66,2,2
24,75,Medio,Bajo,No,9,95,Alto,Sí,0,Medio,Alto,Público,Positiva,2,No,Universidad,Cercana,Hombre,68,2,5
21,86,Alto,Alto,No,5,57,Medio,Sí,1,Bajo,Medio,Privado,Negativa,3,No,Instituto,Cercana,Hombre,68,2,1
15,80,Alto,Medio,Sí,5,90,Medio,Sí,4,Medio,Alto,Privado,Neutral,3,No,Instituto,Cercana,Mujer,69,2,5
18,94,Medio,Medio,Sí,4,71,Medio,Sí,3,Alto,Bajo,Público,Positiva,3,No,Universidad,Cercana,Mujer,71,2,3
15,95,Medio,Medio,Sí,8,90,Bajo,Sí,2,Bajo,Medio,Privado,Negativa,1,No,Postgrado,Cercana,Hombre,69,2,5
26,67,Medio,Alto,Sí,5,94,Medio,Sí,0,Medio,Medio,Público,Positiva,2,No,Universidad,Cercana,Hombre,68,2,5
20,65,Medio,Alto,Sí,6,100,Medio,Sí,2,Bajo,Alto,Público,Neutral,5,No,Instituto,Moderada,Hombre,67,2,5
31,85,Alto,Medio,No,8,53,Medio,Sí,2,Bajo,Alto,Público,Positiva,3,No,Instituto,Cercana,Hombre,72,2,1
20,72,Alto,Medio,Sí,7,90,Alto,Sí,2,Medio,Medio,Público,Neutral,3,No,Instituto,Cercana,Hombre,68,2,5
16,61,Alto,Medio,Sí,6,53,Bajo,Sí,0,Alto,Medio,Público,Positiva,4,Sí,Instituto,Moderada,Mujer,60,1,1
11,96,Medio,Alto,No,5,66,Alto,Sí,2,Bajo,Medio,Público,Neutral,4,No,Instituto,Moderada,Hombre,68,2,2
9,69,Alto,Medio,Sí,7,82,Alto,Sí,1,Alto,Alto,Público,Positiva,2,No,Instituto,Cercana,Mujer,65,2,4
10,97,Bajo,Alto,No,8,72,Alto,Sí,0,Bajo,Medio,Público,Neutral,3,No,Postgrado,Moderada,Mujer,67,2,3
22,89,Bajo,Medio,No,8,78,Bajo,Sí,4,Alto,Medio,Privado,Positiva,3,No,Instituto,Cercana,Mujer,70,2,3
23,91,Medio,Bajo,Sí,10,98,Alto,Sí,0,Bajo,Alto,Privado,Negativa,3,No,Instituto,Cercana,Mujer,70,2,5
11,68,Medio,Medio,No,6,91,Bajo,Sí,3,Bajo,Alto,Público,Negativa,2,No,Universidad,Lejana,Mujer,61,1,5
25,69,Alto,Bajo,Sí,5,68,Medio,Sí,2,Alto,Alto,Público,Positiva,4,No,Universidad,Lejana,Hombre,68,2,2
17,81,Medio,Alto,No,7,80,Alto,Sí,1,Bajo,Medio,Público,Negativa,3,No,Postgrado,Cercana,Mujer,67,2,4
21,67,Medio,Alto,No,7,52,Medio,Sí,3,Bajo,Medio,Público,Negativa,3,Sí,Instituto,Moderada,Mujer,62,1,1
30,72,Medio,Bajo,No,7,73,Medio,Sí,0,Alto,Medio,Público,Neutral,4,No,Instituto,Moderada,Hombre,66,2,3
25,73,Alto,Medio,Sí,6,80,Medio,Sí,3,Alto,Medio,Público,Positiva,2,No,Instituto,Lejana,Mujer,69,2,4
18,66,Medio,Alto,Sí,4,86,Medio,Sí,2,Medio,Medio,Público,Negativa,4,No,Universidad,Cercana,Mujer,66,2,4
15,68,Medio,Medio,Sí,5,95,Medio,Sí,0,Alto,Medio,Público,Negativa,5,No,Universidad,Cercana,Mujer,64,1,5
7,92,Alto,Medio,No,8,64,Alto,Sí,1,Bajo,Bajo,Público,Neutral,4,No,Postgrado,Cercana,Hombre,66,2,2
16,67,Medio,Medio,No,7,95,Bajo,Sí,2,Medio,Medio,Público,Neutral,5,Sí,Instituto,Cercana,Hombre,63,1,5
19,61,Bajo,Alto,Sí,8,83,Bajo,Sí,1,Medio,Medio,Privado,Negativa,3,No,Instituto,Cercana,Hombre,62,1,4
14,85,Medio,Medio,Sí,8,54,Bajo,Sí,1,Alto,Medio,Privado,Negativa,4,No,Postgrado,Moderada,Hombre,65,2,1
19,99,Bajo,Alto,No,8,69,Bajo,Sí,0,Alto,Medio,Privado,Negativa,2,No,Instituto,Moderada,Hombre,68,2,2
20,73,Alto,Alto,Sí,8,74,Bajo,Sí,1,Bajo,Bajo,Privado,Negativa,4,No,Instituto,Moderada,Hombre,65,2,3
19,65,Medio,Alto,Sí,7,68,Bajo,Sí,1,Bajo,Bajo,Público,Neutral,4,No,Universidad,Cercana,Mujer,63,1,2
16,83,Alto,Alto,Sí,7,56,Medio,Sí,3,Medio,Medio,Público,Negativa,2,No,Instituto,Cercana,Hombre,68,2,1
21,96,Medio,Alto,Sí,4,78,Bajo,Sí,2,Alto,Medio,Privado,Positiva,2,No,Instituto,Cercana,Hombre,72,2,3
23,91,Alto,Bajo,No,6,57,Medio,Sí,2,Bajo,Medio,Privado,Positiva,3,No,Instituto,Cercana,Hombre,69,2,1
13,85,Bajo,Medio,No,6,96,Bajo,Sí,1,Bajo,Alto,Público,Positiva,5,No,Postgrado,Lejana,Hombre,66,2,5
28,73,Bajo,Bajo,Sí,7,93,Alto,Sí,2,Bajo,Alto,Privado,Neutral,3,No,Universidad,Cercana,Hombre,68,2,5
19,82,Bajo,Bajo,No,6,74,Medio,Sí,1,Medio,Alto,Público,Neutral,2,No,Instituto,Moderada,Hombre,64,1,3
20,64,Medio,Bajo,Sí,8,53,Bajo,Sí,1,Bajo,Medio,Público,Positiva,2,No,Instituto,Cercana,Hombre,61,1,1
24,87,Bajo,Medio,No,6,78,Alto,Sí,0,Bajo,Bajo,Público,Neutral,2,Sí,Postgrado,Cercana,Hombre,67,2,3
21,89,Medio,Bajo,Sí,9,80,Medio,Sí,0,Medio,Bajo,Público,Neutral,3,No,Postgrado,Moderada,Hombre,68,2,4
26,99,Medio,Medio,No,6,94,Alto,Sí,2,Medio,Medio,Público,Positiva,3,No,Instituto,Cercana,Hombre,74,3,5
22,70,Medio,Alto,Sí,6,53,Medio,Sí,3,Medio,Alto,Público,Positiva,2,No,Instituto,Cercana,Mujer,67,2,1
16,61,Medio,Alto,Sí,6,85,Medio,Sí,2,Medio,Medio,Privado,Positiva,3,No,Instituto,Cercana,Hombre,64,1,4
22,82,Bajo,Alto,No,6,78,Medio,Sí,3,Medio,Alto,Público,Neutral,3,No,Instituto,Moderada,Hombre,69,2,3
13,88,Alto,Medio,Sí,9,59,Medio,Sí,0,Bajo,Medio,Privado,Negativa,3,Sí,Instituto,Lejana,Mujer,63,1,1
21,92,Medio,Medio,No,7,56,Medio,Sí,0,Bajo,Medio,Privado,Neutral,4,No,Instituto,Moderada,Mujer,67,2,1
20,68,Alto,Medio,Sí,7,85,Medio,Sí,1,Medio,Medio,Público,Neutral,3,No,Universidad,Lejana,Hombre,65,2,4
19,70,Medio,Medio,Sí,6,67,Medio,Sí,5,Medio,Bajo,Público,Positiva,4,No,Postgrado,Moderada,Mujer,67,2,2
19,81,Alto,Medio,No,7,100,Medio,Sí,1,Bajo,Medio,Privado,Negativa,5,No,Postgrado,Moderada,Mujer,68,2,5
9,73,Medio,Bajo,Sí,7,95,Medio,No,3,Bajo,Medio,Privado,Negativa,3,No,Postgrado,Cercana,Hombre,62,1,5
17,94,Alto,Medio,Sí,7,78,Medio,Sí,1,Bajo,Alto,Público,Neutral,3,No,Universidad,Cercana,Mujer,70,2,3
21,79,Bajo,Alto,Sí,7,82,Medio,Sí,1,Alto,Medio,Público,Negativa,3,No,Instituto,Cercana,Mujer,67,2,4
21,92,Alto,Alto,Sí,9,58,Medio,Sí,2,Alto,Medio,Público,Neutral,5,No,Instituto,Moderada,Mujer,89,4,1
14,83,Alto,Medio,Sí,7,95,Bajo,Sí,1,Bajo,Medio,Privado,Neutral,2,Sí,Instituto,Cercana,Mujer,65,2,5
28,91,Bajo,Medio,Sí,5,73,Medio,No,2,Medio,Medio,Público,Neutral,2,No,Instituto,Cercana,Mujer,69,2,3
15,73,Medio,Medio,No,7,76,Alto,Sí,2,Bajo,Medio,Público,Positiva,4,No,Instituto,Lejana,Mujer,64,1,3
26,93,Alto,Bajo,No,6,94,Medio,Sí,6,Alto,Medio,Privado,Negativa,4,No,Instituto,Cercana,Mujer,74,3,5
23,71,Medio,Alto,No,8,50,Medio,Sí,0,Alto,Medio,Público,Positiva,2,No,Instituto,Lejana,Mujer,64,1,1
16,82,Bajo,Alto,No,7,75,Medio,Sí,0,Bajo,Medio,Público,Negativa,2,No,Postgrado,Moderada,Mujer,64,1,3
31,69,Medio,Bajo,Sí,9,81,Medio,Sí,2,Medio,Medio,Privado,Negativa,2,No,Universidad,Cercana,Hombre,67,2,4
13,79,Bajo,Bajo,Sí,6,58,Alto,Sí,2,Medio,Medio,Público,Positiva,4,No,Universidad,Moderada,Hombre,63,1,1
26,73,Alto,Medio,Sí,7,53,Bajo,Sí,3,Medio,Alto,Privado,Neutral,5,No,Instituto,Moderada,Mujer,68,2,1
26,71,Bajo,Medio,Sí,5,77,Bajo,Sí,0,Medio,Medio,Público,Neutral,5,No,Postgrado,Cercana,Hombre,66,2,3
16,99,Bajo,Alto,Sí,7,77,Alto,Sí,0,Bajo,Medio,Público,Neutral,3,Sí,Instituto,Moderada,Mujer,68,2,3
28,66,Medio,Alto,No,5,67,Medio,Sí,1,Alto,Medio,Privado,Positiva,1,No,Postgrado,Moderada,Mujer,68,2,2
18,91,Medio,Medio,No,7,94,Medio,Sí,3,Bajo,Medio,Privado,Neutral,2,No,Instituto,Cercana,Mujer,69,2,5
22,99,Alto,Bajo,No,7,65,Medio,Sí,3,Bajo,Bajo,Público,Neutral,3,No,Postgrado,Cercana,Mujer,71,2,2
22,61,Bajo,Alto,Sí,7,76,Medio,Sí,1,Alto,Medio,Público,Positiva,3,No,Universidad,Cercana,Mujer,65,2,3
19,88,Bajo,Medio,Sí,8,59,Medio,Sí,2,Medio,Medio,Privado,Neutral,4,No,Instituto,Cercana,Hombre,67,2,1
25,70,Medio,Medio,No,7,51,Medio,Sí,1,Alto,Medio,Público,Negativa,4,No,Universidad,Cercana,Mujer,65,2,1
25,62,Alto,Medio,No,5,71,Medio,Sí,0,Bajo,Alto,Privado,Positiva,4,No,Instituto,Moderada,Hombre,65,2,3
10,76,Medio,Bajo,No,6,76,Medio,Sí,1,Alto,Alto,Público,Negativa,2,No,Postgrado,Cercana,Hombre,80,3,3
28,97,Medio,Medio,Sí,7,88,Alto,Sí,2,Medio,Medio,Público,Neutral,2,No,Instituto,Moderada,Hombre,74,3,4
10,60,Medio,Medio,No,7,72,Bajo,No,3,Medio,Bajo,Público,Positiva,3,No,Instituto,Cercana,Hombre,59,1,3
26,84,Medio,Medio,No,7,64,Bajo,Sí,2,Alto,Alto,Público,Neutral,3,No,Instituto,Cercana,Hombre,69,2,2
27,80,Medio,Bajo,Sí,9,80,Medio,Sí,0,Alto,Medio,Público,Neutral,2,Sí,Instituto,Moderada,Hombre,66,2,4
13,95,Medio,Medio,Sí,7,69,Medio,Sí,1,Bajo,Bajo,Público,Positiva,2,Sí,Postgrado,Moderada,Mujer,66,2,2
18,63,Alto,Alto,No,8,62,Medio,Sí,2,Alto,Medio,Público,Positiva,4,No,Instituto,Cercana,Mujer,65,2,2
13,87,Alto,Medio,Sí,4,96,Bajo,Sí,3,Bajo,Bajo,Público,Neutral,3,Sí,Universidad,Cercana,Hombre,67,2,5
19,87,Alto,Alto,No,8,77,Bajo,Sí,3,Bajo,Medio,Privado,Neutral,4,No,Instituto,Moderada,Hombre,69,2,3
18,87,Medio,Bajo,Sí,10,60,Alto,Sí,2,Medio,Medio,Público,Positiva,3,No,Instituto,Cercana,Mujer,68,2,1
25,98,Medio,Medio,Sí,9,84,Medio,Sí,1,Medio,Alto,Privado,Neutral,2,No,Postgrado,Cercana,Mujer,73,2,4
28,93,Bajo,Alto,Sí,6,90,Medio,Sí,1,Bajo,Medio,Público,Positiva,2,Sí,Instituto,Cercana,Mujer,71,2,5
28,62,Alto,Medio,Sí,10,88,Medio,Sí,0,Bajo,Alto,Público,Positiva,2,Sí,Postgrado,Moderada,Hombre,67,2,4
17,79,Medio,Medio,Sí,7,80,Bajo,Sí,1,Alto,Alto,Público,Positiva,3,No,Universidad,Cercana,Mujer,67,2,4
19,76,Alto,Bajo,No,7,76,Medio,Sí,0,Alto,Alto,Público,Neutral,2,No,Postgrado,Cercana,Hombre,66,2,3
10,72,Medio,Bajo,No,7,89,Medio,Sí,3,Medio,Medio,Público,Negativa,4,No,Universidad,Cercana,Mujer,63,1,4
15,78,Alto,Alto,No,7,85,Medio,No,1,Alto,Medio,Público,Negativa,1,No,Instituto,Lejana,Hombre,65,2,4
26,75,Medio,Bajo,Sí,4,79,Medio,Sí,2,Alto,Medio,Público,Negativa,1,No,Universidad,Cercana,Hombre,67,2,3
30,77,Medio,Bajo,Sí,8,83,Medio,Sí,1,Bajo,Bajo,Público,Positiva,3,No,Universidad,Cercana,Hombre,69,2,4
13,99,Medio,Medio,Sí,7,58,Medio,Sí,1,Bajo,Medio,Público,Neutral,2,No,Instituto,Cercana,Hombre,67,2,1
16,64,Alto,Medio,Sí,7,51,Alto,Sí,4,Alto,Alto,Público,Neutral,3,No,Universidad,Cercana,Hombre,66,2,1
20,97,Alto,Alto,Sí,7,97,Bajo,Sí,2,Medio,Alto,Privado,Neutral,4,No,Instituto,Moderada,Mujer,74,3,5
22,79,Alto,Medio,No,6,97,Medio,No,2,Alto,Medio,Público,Positiva,2,No,Universidad,Moderada,Mujer,69,2,5
15,85,Bajo,Medio,Sí,7,89,Alto,Sí,0,Medio,Medio,Público,Negativa,4,No,Universidad,Moderada,Mujer,66,2,4
23,93,Alto,Bajo,Sí,9,69,Bajo,Sí,0,Medio,Medio,Privado,Positiva,3,Sí,Postgrado,Moderada,Hombre,69,2,2
17,74,Medio,Medio,Sí,8,58,Bajo,Sí,1,Alto,Medio,Público,Neutral,2,No,Universidad,Lejana,Hombre,63,1,1
20,77,Medio,Bajo,Sí,7,68,Medio,No,0,Medio,Alto,Privado,Positiva,3,No,Universidad,Cercana,Mujer,65,2,2
23,76,Bajo,Medio,No,7,86,Bajo,No,1,Bajo,Medio,Privado,Positiva,4,No,Universidad,Lejana,Hombre,64,1,4
20,75,Bajo,Medio,No,7,67,Alto,Sí,0,Medio,Medio,Privado,Neutral,4,No,Instituto,Cercana,Hombre,64,1,2
17,97,Bajo,Alto,Sí,6,90,Bajo,Sí,2,Medio,Bajo,Público,Negativa,2,No,Instituto,Moderada,Hombre,69,2,5
19,93,Alto,Alto,No,7,84,Medio,Sí,5,Bajo,Alto,Público,Negativa,3,No,Instituto,Cercana,Mujer,73,2,4
19,64,Medio,Medio,Sí,8,81,Alto,Sí,1,Medio,Medio,Público,Negativa,3,Sí,Instituto,Moderada,Hombre,62,1,4
18,64,Bajo,Bajo,Sí,7,97,Bajo,Sí,2,Medio,Bajo,Privado,Neutral,4,No,Universidad,Cercana,Hombre,62,1,5
18,77,Medio,Medio,Sí,6,95,Alto,Sí,0,Medio,Alto,Privado,Positiva,2,No,Postgrado,Moderada,Mujer,68,2,5
30,64,Medio,Medio,No,7,86,Bajo,Sí,1,Medio,Medio,Privado,Positiva,3,No,Postgrado,Lejana,Mujer,66,2,4
23,85,Bajo,Alto,Sí,8,60,Alto,Sí,2,Medio,Medio,Público,Positiva,1,Sí,Universidad,Moderada,Mujer,68,2,1
18,66,Bajo,Alto,Sí,5,97,Medio,Sí,4,Medio,Medio,Público,Neutral,4,No,Instituto,Moderada,Hombre,66,2,5
24,81,Bajo,Medio,Sí,6,61,Bajo,Sí,3,Medio,Medio,Público,Positiva,3,No,Postgrado,Cercana,Hombre,69,2,2
18,60,Medio,Medio,Sí,5,69,Medio,Sí,0,Medio,Medio,Público,Neutral,2,No,Postgrado,Cercana,Mujer,62,1,2
27,73,Bajo,Medio,No,7,91,Medio,Sí,2,Alto,Medio,Público,Neutral,4,No,Universidad,Lejana,Mujer,68,2,5
22,87,Medio,Medio,No,8,60,Bajo,Sí,2,Medio,Alto,Público,Negativa,2,No,Universidad,Moderada,Hombre,67,2,1
19,79,Bajo,Medio,No,9,82,Medio,Sí,1,Bajo,Medio,Privado,Neutral,4,No,Instituto,Cercana,Hombre,65,2,4
23,99,Bajo,Medio,No,9,73,Medio,Sí,0,Bajo,Medio,Público,Negativa,4,No,Universidad,Cercana,Hombre,69,2,3
11,95,Medio,Medio,No,6,81,Alto,Sí,2,Bajo,Bajo,Público,Positiva,3,No,Instituto,Cercana,Hombre,67,2,4
13,74,Bajo,Bajo,Sí,7,98,Alto,Sí,0,Medio,Medio,Público,Positiva,3,No,Postgrado,Cercana,Mujer,64,1,5
13,62,Bajo,Medio,Sí,6,90,Medio,No,3,Alto,Alto,Privado,Neutral,3,Sí,Postgrado,Cercana,Mujer,62,1,5
21,94,Medio,Medio,Sí,9,65,Bajo,Sí,5,Alto,Alto,Privado,Neutral,3,Sí,Instituto,Cercana,Hombre,71,2,2
30,96,Medio,Alto,Sí,9,53,Medio,No,0,Medio,Medio,Privado,Neutral,3,No,Instituto,Cercana,Hombre,72,2,1
33,93,Alto,Alto,Sí,7,98,Bajo,Sí,0,Medio,Medio,Público,Negativa,2,Sí,Instituto,Cercana,Mujer,74,3,5
24,65,Bajo,Alto,No,6,79,Bajo,Sí,1,Medio,Alto,Público,Neutral,2,No,Postgrado,Cercana,Hombre,66,2,3
23,100,Alto,Bajo,Sí,4,59,Medio,Sí,2,Medio,Medio,Público,Positiva,4,No,Instituto,Cercana,Mujer,72,2,1
9,70,Alto,Medio,No,5,81,Medio,Sí,1,Alto,Alto,Privado,Neutral,4,No,Postgrado,Cercana,Mujer,65,2,4
17,89,Alto,Medio,Sí,4,52,Alto,Sí,0,Bajo,Medio,Público,Positiva,3,No,Universidad,Lejana,Mujer,67,2,1
15,96,Medio,Alto,Sí,5,59,Alto,Sí,2,Medio,Alto,Privado,Neutral,2,No,Instituto,Cercana,Hombre,70,2,1
16,69,Alto,Medio,Sí,10,82,Medio,Sí,0,Bajo,Alto,Público,Negativa,1,Sí,Instituto,Moderada,Hombre,62,1,4
19,96,Bajo,Bajo,Sí,5,70,Alto,Sí,0,Bajo,Medio,Público,Positiva,2,No,Instituto,Lejana,Hombre,66,2,2
17,72,Bajo,Medio,Sí,5,66,Medio,Sí,2,Alto,Alto,Público,Negativa,3,No,Universidad,Cercana,Hombre,65,2,2
8,99,Bajo,Alto,Sí,6,83,Alto,Sí,2,Medio,Alto,Público,Positiva,4,Sí,Postgrado,Cercana,Hombre,70,2,4
24,71,Alto,Alto,Sí,10,93,Bajo,Sí,2,Medio,Medio,Privado,Positiva,2,Sí,Universidad,Cercana,Mujer,69,2,5
14,98,Medio,Medio,Sí,7,84,Bajo,Sí,3,Alto,Medio,Público,Neutral,3,No,Instituto,Cercana,Mujer,70,2,4
21,62,Alto,Alto,No,8,73,Medio,Sí,2,Alto,Medio,Privado,Negativa,2,No,Universidad,Cercana,Mujer,66,2,3
32,88,Medio,Bajo,Sí,7,83,Bajo,Sí,1,Bajo,Alto,Privado,Positiva,4,No,Postgrado,Cercana,Hombre,73,2,4
14,81,Alto,Medio,No,4,85,Bajo,Sí,3,Medio,Alto,Público,Positiva,4,No,Postgrado,Moderada,Mujer,69,2,4
5,79,Alto,Alto,Sí,9,89,Bajo,Sí,3,Medio,Medio,Privado,Neutral,3,No,Universidad,Cercana,Mujer,66,2,4
18,69,Alto,Medio,Sí,8,65,Medio,Sí,4,Medio,Medio,Público,Neutral,4,No,Instituto,Lejana,Hombre,65,2,2
27,88,Medio,Bajo,No,7,56,Alto,Sí,2,Bajo,Medio,Público,Neutral,4,No,Postgrado,Cercana,Mujer,70,2,1
32,68,Alto,Alto,No,10,84,Medio,Sí,0,Medio,Alto,Privado,Positiva,2,No,Postgrado,Lejana,Hombre,70,2,4
13,82,Alto,Medio,No,6,56,Alto,Sí,2,Bajo,Alto,Público,Neutral,4,No,Postgrado,Cercana,Hombre,67,2,1
23,70,Medio,Alto,Sí,7,73,Alto,Sí,1,Bajo,Medio,Privado,Positiva,3,No,Postgrado,Cercana,Hombre,68,2,3
17,98,Medio,Bajo,Sí,6,62,Bajo,Sí,1,Medio,Medio,Privado,Neutral,2,No,Universidad,Cercana,Mujer,68,2,2
19,61,Alto,Medio,No,9,67,Medio,Sí,0,Bajo,Medio,Público,Negativa,2,No,Universidad,Lejana,Mujer,61,1,2
36,68,Medio,Medio,Sí,8,74,Alto,Sí,2,Medio,Medio,Público,Negativa,3,No,Instituto,Cercana,Hombre,70,2,3
11,70,Alto,Alto,No,7,95,Alto,Sí,0,Bajo,Alto,Público,Negativa,5,No,Universidad,Moderada,Hombre,65,2,5
22,77,Bajo,Medio,Sí,5,84,Medio,No,3,Alto,Medio,Público,Positiva,2,No,Instituto,Moderada,Hombre,66,2,4
23,69,Medio,Medio,Sí,6,59,Medio,Sí,3,Alto,Medio,Público,Neutral,3,No,Postgrado,Moderada,Hombre,67,2,1
27,80,Bajo,Bajo,Sí,5,94,Alto,Sí,3,Alto,Medio,Público,Negativa,3,No,Instituto,Cercana,Hombre,69,2,5
21,95,Medio,Alto,No,9,75,Medio,Sí,1,Bajo,Medio,Público,Neutral,2,No,Universidad,Lejana,Hombre,69,2,3
22,88,Medio,Medio,Sí,5,60,Bajo,Sí,1,Bajo,Medio,Público,Neutral,2,No,Instituto,Moderada,Hombre,67,2,1
18,83,Alto,Bajo,No,9,76,Medio,Sí,0,Medio,Bajo,Privado,Neutral,4,No,Instituto,Cercana,Mujer,66,2,3
22,64,Bajo,Medio,Sí,9,60,Medio,Sí,1,Alto,Alto,Privado,Neutral,2,No,Instituto,Cercana,Hombre,63,1,1
18,88,Alto,Medio,No,6,68,Bajo,Sí,0,Medio,Alto,Público,Neutral,4,No,Instituto,Lejana,Mujer,67,2,2
24,67,Alto,Bajo,Sí,6,90,Medio,Sí,0,Bajo,Medio,Público,Neutral,1,No,Universidad,Lejana,Hombre,64,1,5
18,91,Medio,Bajo,No,6,83,Medio,Sí,2,Bajo,Medio,Privado,Neutral,4,No,Instituto,Cercana,Hombre,68,2,4
22,70,Medio,Alto,Sí,8,74,Bajo,Sí,2,Bajo,Alto,Público,Negativa,2,No,Instituto,Moderada,Hombre,65,2,3
20,77,Medio,Bajo,No,9,61,Medio,Sí,2,Medio,Medio,Público,Neutral,3,No,Instituto,Cercana,Hombre,65,2,2
27,74,Medio,Bajo,Sí,9,64,Alto,No,1,Bajo,Medio,Público,Neutral,3,No,Instituto,Cercana,Hombre,65,2,2
20,94,Bajo,Medio,Sí,6,99,Medio,Sí,0,Medio,Medio,Público,Negativa,4,No,Universidad,Cercana,Mujer,70,2,5
9,65,Medio,Alto,Sí,9,67,Medio,Sí,1,Alto,Medio,Público,Neutral,3,No,Instituto,Cercana,Mujer,62,1,2
28,83,Alto,Bajo,No,9,81,Medio,Sí,0,Bajo,Medio,Público,Neutral,4,No,Instituto,Moderada,Hombre,68,2,4
15,66,Bajo,Alto,Sí,7,75,Bajo,Sí,0,Alto,Alto,Público,Negativa,3,No,Universidad,Cercana,Hombre,62,1,3
16,88,Medio,Alto,Sí,7,51,Medio,Sí,0,Medio,Medio,Público,Positiva,3,No,Universidad,Cercana,Mujer,68,2,1
16,96,Alto,Medio,Sí,9,97,Medio,Sí,0,Medio,Alto,Privado,Neutral,5,No,Universidad,Cercana,Hombre,72,2,5
28,77,Alto,Medio,Sí,9,54,Bajo,Sí,1,Alto,Medio,Público,Positiva,3,No,Postgrado,Cercana,Mujer,70,2,1
7,80,Alto,Medio,No,9,83,Bajo,No,3,Medio,Medio,Público,Neutral,3,No,Instituto,Lejana,Mujer,62,1,4
39,97,Alto,Alto,Sí,10,91,Medio,Sí,2,Bajo,Medio,Público,Positiva,3,No,Instituto,Moderada,Mujer,79,3,5
26,81,Medio,Alto,Sí,8,87,Medio,Sí,2,Alto,Alto,Público,Neutral,1,No,Postgrado,Cercana,Hombre,73,2,4
21,80,Alto,Alto,Sí,7,90,Alto,Sí,1,Bajo,Bajo,Público,Negativa,2,No,Universidad,Lejana,Hombre,68,2,5
20,83,Alto,Medio,Sí,9,87,Bajo,Sí,0,Alto,Medio,Público,Neutral,2,No,Instituto,Cercana,Hombre,68,2,4
22,88,Medio,Medio,Sí,10,72,Medio,Sí,2,Bajo,Alto,Público,Neutral,2,No,Instituto,Moderada,Mujer,69,2,3
23,64,Medio,Bajo,Sí,6,95,Alto,Sí,1,Bajo,Medio,Público,Positiva,2,Sí,Universidad,Lejana,Mujer,63,1,5
24,93,Medio,Medio,Sí,7,96,Medio,No,5,Alto,Medio,Público,Negativa,4,No,Postgrado,Cercana,Mujer,74,3,5
23,77,Medio,Medio,Sí,5,72,Medio,Sí,2,Alto,Alto,Público,Negativa,5,No,Universidad,Moderada,Mujer,69,2,3
21,63,Medio,Bajo,No,8,74,Medio,Sí,0,Bajo,Medio,Público,Negativa,3,No,Instituto,Cercana,Mujer,61,1,3
19,91,Medio,Bajo,Sí,8,74,Bajo,Sí,4,Medio,Medio,Público,Neutral,2,Sí,Postgrado,Cercana,Mujer,69,2,3
19,75,Medio,Bajo,No,6,64,Alto,Sí,2,Bajo,Medio,Público,Neutral,3,No,Instituto,Cercana,Mujer,64,1,2
19,64,Medio,Medio,Sí,9,56,Bajo,Sí,2,Bajo,Medio,Público,Positiva,4,No,Postgrado,Lejana,Mujer,63,1,1
27,85,Bajo,Alto,No,6,63,Bajo,Sí,1,Bajo,Medio,Público,Negativa,2,No,Universidad,Cercana,Hombre,68,2,2
24,95,Alto,Medio,Sí,6,92,Medio,Sí,2,Bajo,Medio,Público,Neutral,3,No,Instituto,Lejana,Hombre,72,2,5
2,96,Bajo,Alto,Sí,9,77,Medio,Sí,3,Medio,Medio,Público,Neutral,2,No,Instituto,Lejana,Mujer,65,2,3
24,98,Bajo,Bajo,No,6,93,Bajo,No,2,Bajo,Bajo,Público,Positiva,4,No,Universidad,Cercana,Hombre,69,2,5
21,95,Medio,Bajo,No,5,87,Bajo,Sí,2,Medio,Medio,Privado,Neutral,4,No,Instituto,Cercana,Hombre,70,2,4
20,60,Medio,Medio,Sí,8,67,Bajo,Sí,1,Medio,Medio,Público,Neutral,4,No,Postgrado,Moderada,Mujer,63,1,2
18,75,Bajo,Medio,Sí,7,59,Bajo,Sí,0,Medio,Medio,Público,Positiva,2,Sí,Instituto,Cercana,Mujer,62,1,1
27,93,Medio,Medio,Sí,9,78,Bajo,Sí,1,Bajo,Medio,Público,Positiva,2,No,Postgrado,Cercana,Mujer,72,2,3
26,75,Alto,Alto,No,8,97,Medio,Sí,1,Bajo,Medio,Público,Neutral,4,No,Instituto,Lejana,Hombre,69,2,5
15,84,Medio,Medio,No,4,92,Bajo,Sí,2,Medio,Medio,Público,Negativa,3,No,Instituto,Moderada,Mujer,66,2,5
22,84,Medio,Medio,Sí,9,88,Medio,Sí,2,Bajo,Alto,Privado,Neutral,4,No,Postgrado,Cercana,Hombre,71,2,4
14,75,Bajo,Bajo,No,10,88,Medio,Sí,2,Bajo,Medio,Privado,Negativa,3,No,Universidad,Moderada,Mujer,62,1,4
12,96,Medio,Bajo,Sí,9,76,Medio,Sí,2,Medio,Alto,Público,Positiva,2,No,Instituto,Cercana,Hombre,68,2,3
16,80,Alto,Bajo,No,9,58,Bajo,Sí,0,Medio,Medio,Público,Neutral,2,No,Instituto,Cercana,Mujer,63,1,1
25,79,Medio,Medio,Sí,7,64,Medio,Sí,0,Bajo,Medio,Público,Neutral,3,No,Universidad,Lejana,Mujer,66,2,2
26,100,Alto,Medio,Sí,6,79,Alto,Sí,1,Medio,Alto,Público,Positiva,3,No,Universidad,Moderada,Hombre,75,3,3
23,80,Medio,Bajo,Sí,7,66,Alto,Sí,1,Alto,Alto,Privado,Positiva,4,No,Universidad,Cercana,Mujer,69,2,2
24,67,Alto,Medio,No,8,89,Medio,Sí,2,Alto,Bajo,Privado,Positiva,3,No,Instituto,Cercana,Mujer,68,2,4
23,81,Alto,Medio,No,8,69,Medio,Sí,5,Medio,Medio,Público,Negativa,2,No,Instituto,Moderada,Hombre,69,2,2
16,93,Alto,Bajo,No,6,56,Medio,Sí,2,Bajo,Medio,Público,Positiva,4,No,Instituto,Cercana,Hombre,67,2,1
23,91,Alto,Medio,Sí,6,89,Medio,Sí,3,Medio,Medio,Privado,Negativa,3,No,Postgrado,Cercana,Hombre,73,2,4
25,92,Medio,Alto,Sí,5,85,Bajo,Sí,1,Bajo,Medio,Público,Negativa,1,No,Universidad,Cercana,Hombre,71,2,4
25,88,Alto,Medio,Sí,8,63,Medio,Sí,2,Alto,Medio,Público,Positiva,3,No,Instituto,Moderada,Mujer,71,2,2
27,70,Medio,Medio,No,6,99,Alto,Sí,2,Bajo,Medio,Privado,Neutral,2,No,Instituto,Cercana,Mujer,68,2,5
24,94,Alto,Bajo,No,7,70,Medio,Sí,1,Alto,Medio,Público,Neutral,1,No,Instituto,Cercana,Hombre,70,2,2
22,96,Bajo,Alto,Sí,10,84,Bajo,Sí,1,Alto,Alto,Público,Negativa,3,No,Instituto,Cercana,Hombre,71,2,4
26,68,Medio,Alto,No,8,96,Alto,Sí,1,Medio,Alto,Público,Neutral,2,No,Instituto,Cercana,Hombre,69,2,5
20,65,Alto,Medio,No,7,58,Medio,No,3,Bajo,Medio,Privado,Neutral,4,No,Instituto,Cercana,Hombre,63,1,1
15,99,Bajo,Medio,Sí,8,94,Medio,Sí,2,Medio,Medio,Privado,Neutral,3,No,Postgrado,Cercana,Hombre,71,2,5
19,95,Medio,Medio,Sí,9,85,Medio,No,2,Bajo,Medio,Público,Negativa,3,No,Universidad,Cercana,Hombre,69,2,4
16,96,Alto,Medio,Sí,5,58,Medio,Sí,2,Alto,Bajo,Público,Positiva,5,No,Postgrado,Moderada,Hombre,71,2,1
16,95,Medio,Bajo,No,6,83,Bajo,Sí,2,Bajo,Alto,Privado,Neutral,3,No,Instituto,Cercana,Mujer,68,2,4
19,82,Medio,Medio,No,7,94,Medio,Sí,1,Medio,Medio,Público,Positiva,3,No,Instituto,Cercana,Mujer,68,2,5
15,86,Medio,Bajo,No,6,90,Medio,Sí,0,Medio,Alto,Público,Neutral,3,No,Postgrado,Lejana,Hombre,66,2,5
18,82,Medio,Medio,No,7,88,Medio,Sí,3,Bajo,Medio,Público,Negativa,3,No,Universidad,Moderada,Mujer,67,2,4
9,62,Bajo,Alto,Sí,5,58,Bajo,Sí,0,Medio,Alto,Privado,Positiva,5,No,Universidad,Moderada,Mujer,59,1,1
21,90,Bajo,Medio,No,8,60,Medio,Sí,1,Bajo,Medio,Público,Negativa,2,No,Universidad,Cercana,Mujer,66,2,1
20,80,Bajo,Bajo,No,6,77,Bajo,Sí,0,Medio,Alto,Privado,Negativa,3,No,Instituto,Cercana,Hombre,64,1,3
15,86,Medio,Medio,No,7,79,Medio,Sí,1,Bajo,Medio,Público,Neutral,3,Sí,Instituto,Moderada,Mujer,64,1,3
24,80,Medio,Alto,Sí,7,97,Medio,Sí,0,Bajo,Alto,Privado,Neutral,4,No,Instituto,Moderada,Mujer,69,2,5
26,80,Alto,Bajo,No,8,73,Alto,Sí,1,Medio,Medio,Público,Neutral,3,No,Instituto,Cercana,Hombre,69,2,3
10,67,Medio,Medio,No,4,65,Medio,No,3,Medio,Medio,Público,Positiva,3,No,Instituto,Cercana,Hombre,61,1,2
15,71,Alto,Alto,No,8,60,Medio,Sí,0,Bajo,Alto,Privado,Negativa,3,No,Instituto,Lejana,Mujer,62,1,1
15,66,Bajo,Medio,No,7,53,Medio,Sí,2,Medio,Alto,Público,Negativa,3,No,Universidad,Cercana,Mujer,61,1,1
14,68,Medio,Medio,Sí,8,53,Alto,Sí,1,Medio,Alto,Privado,Positiva,2,No,Universidad,Cercana,Mujer,63,1,1
25,99,Medio,Bajo,No,5,79,Bajo,Sí,2,Bajo,Medio,Público,Positiva,4,No,Universidad,Cercana,Mujer,71,2,3
19,66,Alto,Alto,Sí,8,59,Medio,Sí,1,Medio,Bajo,Público,Positiva,2,No,Postgrado,Moderada,Mujer,65,2,1
18,71,Alto,Alto,Sí,9,93,Medio,Sí,1,Bajo,Alto,Privado,Neutral,4,No,Universidad,Moderada,Hombre,68,2,5
8,84,Alto,Alto,No,7,80,Medio,Sí,1,Alto,Alto,Público,Positiva,4,No,Instituto,Moderada,Hombre,67,2,4
24,84,Bajo,Alto,Sí,6,93,Alto,Sí,2,Bajo,Medio,Público,Neutral,1,No,Instituto,Cercana,Mujer,70,2,5
13,66,Alto,Medio,Sí,6,71,Medio,Sí,3,Medio,Medio,Público,Neutral,3,No,Instituto,Cercana,Hombre,64,1,3
20,92,Medio,Alto,No,8,80,Alto,Sí,0,Medio,Medio,Privado,Neutral,3,No,Universidad,Cercana,Hombre,71,2,4
22,91,Alto,Medio,Sí,8,76,Bajo,Sí,2,Medio,Medio,Público,Neutral,3,No,Universidad,Moderada,Mujer,71,2,3
28,69,Medio,Alto,No,8,99,Bajo,Sí,0,Alto,Medio,Privado,Negativa,3,No,Instituto,Moderada,Mujer,67,2,5
12,72,Medio,Bajo,Sí,7,90,Medio,Sí,0,Alto,Medio,Público,Positiva,3,No,Postgrado,Lejana,Hombre,63,1,5
2,98,Bajo,Alto,Sí,7,80,Alto,Sí,2,Bajo,Alto,Público,Neutral,1,No,Instituto,Cercana,Hombre,66,2,4
21,93,Medio,Bajo,Sí,7,80,Medio,Sí,3,Alto,Medio,Público,Neutral,1,No,Instituto,Moderada,Hombre,70,2,4
31,88,Medio,Bajo,No,6,62,Medio,Sí,2,Bajo,Medio,Privado,Positiva,4,No,Instituto,Cercana,Hombre,70,2,2
27,63,Bajo,Medio,Sí,8,87,Medio,Sí,3,Bajo,Alto,Privado,Positiva,3,No,Instituto,Cercana,Mujer,67,2,4
21,77,Bajo,Medio,No,7,99,Alto,Sí,3,Medio,Alto,Público,Neutral,3,No,Postgrado,Cercana,Hombre,69,2,5
17,82,Alto,Bajo,No,9,56,Bajo,Sí,3,Alto,Medio,Público,Positiva,2,No,Instituto,Cercana,Mujer,66,2,1
25,67,Medio,Alto,No,9,82,Medio,Sí,1,Medio,Medio,Público,Positiva,3,No,Postgrado,Lejana,Mujer,67,2,4
14,78,Alto,Medio,Sí,7,76,Medio,Sí,0,Alto,Medio,Público,Negativa,2,Sí,Universidad,Cercana,Mujer,65,2,3
23,84,Alto,Alto,Sí,8,93,Medio,Sí,1,Alto,Medio,Público,Positiva,3,No,Postgrado,Lejana,Hombre,72,2,5
23,73,Alto,Alto,No,6,50,Medio,Sí,1,Medio,Medio,Público,Positiva,3,No,Universidad,Cercana,Hombre,68,2,1
26,91,Alto,Medio,Sí,7,57,Bajo,Sí,3,Medio,Medio,Público,Negativa,3,No,Universidad,Cercana,Hombre,72,2,1
37,94,Alto,Medio,Sí,8,52,Alto,Sí,1,Bajo,Medio,Privado,Positiva,3,No,Postgrado,Cercana,Hombre,76,3,1
22,73,Medio,Bajo,Sí,5,58,Medio,Sí,4,Bajo,Medio,Público,Positiva,3,Sí,Universidad,Cercana,Mujer,65,2,1
17,94,Bajo,Medio,No,8,85,Medio,Sí,1,Medio,Bajo,Público,Positiva,4,No,Instituto,Cercana,Hombre,68,2,4
20,64,Medio,Medio,Sí,6,57,Medio,Sí,3,Bajo,Alto,Público,Neutral,4,No,Universidad,Cercana,Mujer,65,2,1
9,94,Medio,Medio,Sí,6,81,Bajo,Sí,0,Bajo,Alto,Público,Positiva,3,No,Instituto,Cercana,Hombre,66,2,4
16,66,Bajo,Medio,No,6,93,Medio,Sí,7,Bajo,Medio,Público,Negativa,2,No,Instituto,Lejana,Hombre,63,1,5
18,63,Medio,Bajo,No,7,52,Medio,Sí,2,Alto,Alto,Público,Positiva,3,No,Postgrado,Moderada,Mujer,63,1,1
17,86,Medio,Medio,Sí,5,51,Medio,Sí,2,Bajo,Medio,Privado,Neutral,2,No,Postgrado,Moderada,Hombre,66,2,1
21,79,Alto,Bajo,Sí,8,99,Medio,Sí,2,Bajo,Alto,Público,Positiva,4,No,Instituto,Cercana,Hombre,69,2,5
15,96,Medio,Alto,Sí,7,84,Alto,Sí,3,Medio,Bajo,Público,Positiva,1,No,Postgrado,Cercana,Hombre,72,2,4
27,75,Medio,Bajo,Sí,10,57,Medio,Sí,3,Alto,Bajo,Público,Negativa,3,No,Instituto,Cercana,Hombre,66,2,1
20,71,Medio,Medio,Sí,7,65,Medio,No,2,Medio,Medio,Público,Negativa,4,No,Instituto,Moderada,Mujer,64,1,2
20,80,Medio,Bajo,Sí,8,99,Bajo,Sí,0,Bajo,Alto,Privado,Positiva,3,No,Instituto,Cercana,Hombre,67,2,5
18,78,Alto,Alto,Sí,6,61,Bajo,Sí,1,Bajo,Medio,Privado,Positiva,5,No,Instituto,Cercana,Hombre,67,2,2
21,74,Bajo,Medio,Sí,5,88,Medio,Sí,1,Medio,Alto,Público,Neutral,1,No,Universidad,Cercana,Hombre,66,2,4
25,88,Medio,Bajo,Sí,8,62,Bajo,Sí,2,Bajo,Medio,Público,Neutral,2,No,Instituto,Cercana,Mujer,68,2,2
15,90,Medio,Medio,No,5,70,Medio,Sí,0,Medio,Medio,Privado,Neutral,2,No,Instituto,Moderada,Hombre,65,2,2
16,94,Medio,Alto,Sí,8,94,Alto,Sí,2,Bajo,Alto,Privado,Negativa,3,No,Instituto,Cercana,Hombre,71,2,5
18,99,Medio,Alto,Sí,10,51,Medio,Sí,1,Medio,Bajo,Público,Neutral,4,No,Postgrado,Cercana,Hombre,71,2,1
12,71,Medio,Medio,Sí,8,65,Medio,Sí,1,Medio,Alto,Privado,Neutral,2,No,Instituto,Moderada,Hombre,62,1,2
15,89,Medio,Alto,Sí,8,74,Bajo,Sí,2,Medio,Alto,Público,Positiva,2,No,Universidad,Cercana,Hombre,69,2,3
17,76,Medio,Bajo,No,7,81,Bajo,Sí,4,Alto,Medio,Privado,Neutral,2,No,Instituto,Cercana,Hombre,65,2,4
25,87,Alto,Bajo,No,6,51,Bajo,Sí,3,Medio,Medio,Público,Neutral,3,No,Postgrado,Cercana,Hombre,70,2,1
22,79,Medio,Medio,Sí,7,71,Medio,Sí,2,Bajo,Medio,Privado,Neutral,2,No,Universidad,Moderada,Hombre,66,2,3
21,100,Medio,Medio,No,6,67,Medio,Sí,0,Alto,Medio,Público,Positiva,3,No,Instituto,Lejana,Hombre,70,2,2
25,89,Medio,Alto,No,5,51,Bajo,Sí,2,Medio,Alto,Privado,Negativa,2,No,Postgrado,Moderada,Mujer,70,2,1
19,98,Bajo,Alto,Sí,7,68,Medio,Sí,1,Bajo,Medio,Privado,Neutral,4,No,Instituto,Moderada,Mujer,69,2,2
22,93,Alto,Bajo,Sí,9,97,Medio,Sí,2,Medio,Medio,Público,Neutral,3,Sí,Instituto,Cercana,Hombre,71,2,5
19,96,Medio,Medio,No,5,64,Medio,Sí,1,Medio,Medio,Público,Neutral,3,No,Instituto,Cercana,Hombre,69,2,2
22,93,Alto,Medio,No,9,79,Medio,Sí,2,Medio,Alto,Público,Positiva,2,No,Postgrado,Cercana,Mujer,73,2,3
17,78,Medio,Medio,Sí,9,65,Bajo,Sí,1,Medio,Alto,Público,Neutral,4,No,Instituto,Moderada,Mujer,65,2,2
5,70,Alto,Alto,Sí,8,55,Medio,Sí,3,Bajo,Medio,Público,Neutral,3,No,Instituto,Cercana,Hombre,62,1,1
19,75,Medio,Alto,No,8,64,Medio,Sí,2,Alto,Bajo,Público,Negativa,5,No,Postgrado,Moderada,Mujer,67,2,2
29,61,Bajo,Medio,Sí,7,74,Alto,Sí,1,Medio,Medio,Público,Neutral,3,No,Postgrado,Moderada,Hombre,65,2,3
26,81,Bajo,Medio,No,7,65,Bajo,Sí,1,Medio,Medio,Público,Neutral,3,No,Instituto,Lejana,Hombre,65,2,2
26,80,Medio,Alto,Sí,6,81,Medio,Sí,0,Medio,Medio,Público,Neutral,2,No,Universidad,Cercana,Mujer,70,2,4
27,81,Medio,Medio,Sí,7,97,Bajo,Sí,1,Medio,Medio,Público,Neutral,2,No,Universidad,Cercana,Mujer,70,2,5
21,99,Medio,Alto,Sí,7,53,Medio,Sí,0,Medio,Bajo,Público,Neutral,4,No,Postgrado,Cercana,Mujer,71,2,1
21,96,Alto,Bajo,No,10,86,Bajo,Sí,1,Bajo,Alto,Público,Neutral,3,No,Universidad,Cercana,Hombre,71,2,4
16,66,Medio,Medio,Sí,8,50,Bajo,Sí,1,Medio,Alto,Público,Neutral,4,No,Instituto,Moderada,Hombre,62,1,1
18,75,Medio,Bajo,No,7,50,Medio,Sí,4,Bajo,Medio,Público,Positiva,2,No,Postgrado,Cercana,Mujer,65,2,1
24,77,Alto,Medio,Sí,7,57,Medio,Sí,3,Medio,Alto,Público,Positiva,2,No,Universidad,Lejana,Hombre,84,4,1
27,74,Medio,Medio,Sí,6,74,Medio,Sí,2,Medio,Alto,Público,Neutral,2,No,Universidad,Lejana,Hombre,68,2,3
19,92,Alto,Medio,Sí,6,52,Medio,Sí,3,Alto,Medio,Público,Positiva,1,No,Instituto,Cercana,Hombre,70,2,1
17,81,Medio,Alto,No,8,86,Medio,Sí,1,Medio,Medio,Privado,Neutral,3,No,Postgrado,Cercana,Hombre,68,2,4
20,83,Medio,Medio,No,6,51,Medio,Sí,2,Bajo,Alto,Público,Negativa,4,No,Postgrado,Cercana,Hombre,67,2,1
24,94,Bajo,Medio,Sí,6,75,Bajo,Sí,1,Bajo,Alto,Público,Negativa,4,No,Instituto,Cercana,Mujer,69,2,3
11,92,Alto,Alto,Sí,6,84,Medio,Sí,2,Bajo,Bajo,Público,Negativa,1,No,Instituto,Cercana,Mujer,68,2,4
6,65,Alto,Alto,No,6,62,Medio,No,3,Bajo,Bajo,Público,Neutral,1,No,Instituto,Cercana,Hombre,59,1,2
17,89,Alto,Bajo,Sí,9,79,Medio,No,0,Medio,Medio,Público,Positiva,2,No,Universidad,Cercana,Mujer,67,2,3
13,77,Medio,Alto,Sí,7,63,Bajo,Sí,0,Alto,Bajo,Público,Positiva,1,No,Instituto,Moderada,Hombre,63,1,2
17,72,Alto,Alto,Sí,7,61,Bajo,Sí,1,Medio,Medio,Público,Negativa,4,No,Instituto,Cercana,Mujer,65,2,2
19,62,Medio,Medio,No,7,91,Bajo,Sí,1,Bajo,Medio,Público,Positiva,3,No,Universidad,Cercana,Hombre,63,1,5
17,79,Medio,Medio,No,7,67,Bajo,Sí,1,Bajo,Medio,Privado,Positiva,3,No,Instituto,Cercana,Mujer,64,1,2
29,74,Alto,Medio,Sí,6,91,Alto,Sí,3,Bajo,Alto,Público,Positiva,4,No,Universidad,Lejana,Mujer,72,2,5
22,70,Bajo,Medio,Sí,5,61,Alto,Sí,1,Bajo,Medio,Público,Negativa,3,No,Universidad,Moderada,Hombre,63,1,2
22,88,Medio,Medio,No,9,68,Medio,No,2,Medio,Medio,Público,Neutral,2,Sí,Instituto,Cercana,Hombre,66,2,2
24,91,Medio,Medio,Sí,8,55,Bajo,Sí,0,Medio,Bajo,Privado,Neutral,2,No,Universidad,Moderada,Mujer,67,2,1
13,70,Alto,Alto,Sí,8,75,Alto,Sí,1,Alto,Medio,Público,Positiva,2,Sí,Postgrado,Moderada,Hombre,66,2,3
26,62,Medio,Medio,Sí,8,69,Medio,Sí,2,Medio,Alto,Público,Positiva,3,No,Universidad,Moderada,Mujer,66,2,2
20,94,Medio,Medio,Sí,10,50,Bajo,Sí,1,Bajo,Alto,Privado,Negativa,4,Sí,Postgrado,Cercana,Mujer,68,2,1
24,60,Alto,Alto,No,6,73,Medio,Sí,1,Bajo,Medio,Privado,Positiva,5,No,Postgrado,Moderada,Hombre,66,2,3
14,97,Medio,Medio,Sí,5,54,Medio,Sí,3,Medio,Medio,Público,Negativa,2,No,Universidad,Cercana,Mujer,68,2,1
11,85,Medio,Medio,Sí,8,92,Bajo,Sí,2,Medio,Medio,Público,Negativa,4,No,Instituto,Lejana,Mujer,65,2,5
25,73,Medio,Medio,Sí,5,75,Bajo,Sí,0,Medio,Medio,Privado,Positiva,2,No,Universidad,Cercana,Mujer,67,2,3
22,70,Alto,Bajo,No,7,85,Medio,Sí,0,Alto,Medio,Privado,Negativa,3,No,Instituto,Lejana,Hombre,64,1,4
15,60,Bajo,Alto,No,7,91,Bajo,Sí,0,Bajo,Medio,Privado,Negativa,2,No,Universidad,Lejana,Hombre,59,1,5
15,69,Medio,Medio,Sí,8,53,Bajo,No,0,Alto,Medio,Privado,Negativa,3,No,Instituto,Cercana,Hombre,60,1,1
27,66,Bajo,Alto,No,6,67,Bajo,Sí,1,Alto,Alto,Público,Negativa,4,No,Universidad,Lejana,Mujer,65,2,2
13,84,Medio,Medio,Sí,9,51,Alto,Sí,0,Bajo,Medio,Público,Negativa,4,No,Instituto,Cercana,Mujer,64,1,1
30,67,Medio,Alto,No,6,52,Medio,Sí,1,Bajo,Medio,Público,Neutral,1,No,Instituto,Cercana,Mujer,66,2,1
15,81,Medio,Medio,Sí,8,52,Medio,Sí,0,Medio,Medio,Público,Neutral,2,No,Postgrado,Cercana,Hombre,65,2,1
24,84,Medio,Medio,Sí,6,74,Medio,Sí,2,Medio,Alto,Público,Positiva,2,No,Instituto,Lejana,Hombre,69,2,3
18,72,Alto,Alto,Sí,8,73,Medio,Sí,0,Medio,Medio,Privado,Positiva,4,Sí,Instituto,Cercana,Mujer,66,2,3
24,61,Alto,Medio,Sí,5,53,Medio,Sí,1,Bajo,Alto,Privado,Neutral,5,No,Universidad,Cercana,Mujer,65,2,1
17,61,Alto,Medio,No,7,63,Bajo,Sí,1,Medio,Medio,Público,Positiva,4,No,Universidad,Moderada,Mujer,62,1,2
19,61,Medio,Bajo,No,9,62,Medio,Sí,2,Medio,Medio,Público,Neutral,2,No,Instituto,Lejana,Mujer,60,1,2
20,90,Bajo,Medio,No,7,65,Bajo,No,4,Bajo,Alto,Público,Positiva,4,No,Universidad,Moderada,Mujer,68,2,2
14,73,Medio,Alto,Sí,9,82,Medio,Sí,1,Medio,Medio,Público,Negativa,3,No,Instituto,Cercana,Mujer,64,1,4
24,92,Alto,Alto,No,7,85,Alto,Sí,0,Medio,Medio,Público,Positiva,3,No,Universidad,Cercana,Mujer,73,2,4
17,77,Medio,Medio,Sí,6,67,Bajo,Sí,1,Bajo,Medio,Público,Positiva,1,No,Universidad,Cercana,Hombre,64,1,2
19,78,Alto,Alto,No,7,89,Medio,Sí,2,Medio,Medio,Público,Neutral,4,No,Instituto,Moderada,Mujer,69,2,4
14,81,Bajo,Medio,No,8,71,Bajo,Sí,1,Bajo,Alto,Público,Neutral,3,Sí,Postgrado,Cercana,Mujer,63,1,3
5,89,Medio,Medio,Sí,4,76,Alto,Sí,2,Medio,Medio,Público,Neutral,3,No,Universidad,Cercana,Hombre,65,2,3
19,71,Medio,Medio,No,8,57,Medio,Sí,2,Medio,Alto,Público,Positiva,4,No,Instituto,Moderada,Hombre,65,2,1
34,65,Medio,Medio,Sí,6,62,Alto,Sí,0,Medio,Alto,Público,Negativa,3,No,Instituto,Cercana,Hombre,67,2,2
25,82,Medio,Medio,Sí,5,86,Medio,No,0,Bajo,Bajo,Público,Positiva,4,No,Instituto,Cercana,Hombre,67,2,4
20,73,Medio,Medio,No,8,99,Bajo,Sí,1,Medio,Medio,Privado,Positiva,3,No,Instituto,Cercana,Hombre,66,2,5
18,78,Medio,Alto,Sí,9,85,Alto,Sí,1,Bajo,Alto,Privado,Negativa,2,No,Postgrado,Cercana,Hombre,68,2,4
20,86,Medio,Bajo,Sí,7,53,Medio,Sí,1,Bajo,Alto,Público,Negativa,2,No,Instituto,Cercana,Hombre,65,2,1
23,80,Bajo,Bajo,Sí,5,57,Medio,Sí,1,Bajo,Medio,Público,Neutral,4,No,Postgrado,Cercana,Hombre,66,2,1
13,85,Alto,Bajo,Sí,6,72,Medio,Sí,2,Bajo,Medio,Público,Positiva,1,No,Universidad,Moderada,Mujer,66,2,3
27,82,Medio,Medio,Sí,6,87,Bajo,No,2,Bajo,Alto,Público,Positiva,2,No,Instituto,Cercana,Hombre,69,2,4
24,90,Medio,Medio,No,7,58,Medio,Sí,2,Bajo,Medio,Privado,Neutral,2,No,Postgrado,Cercana,Hombre,70,2,1
24,88,Medio,Bajo,Sí,7,88,Medio,Sí,2,Medio,Alto,Privado,Neutral,2,No,Postgrado,Moderada,Hombre,71,2,4
23,81,Alto,Medio,No,8,78,Alto,Sí,4,Bajo,Bajo,Público,Positiva,3,No,Instituto,Moderada,Hombre,70,2,3
20,87,Medio,Medio,No,8,89,Bajo,Sí,2,Medio,Medio,Público,Neutral,3,No,Instituto,Moderada,Hombre,68,2,4
24,95,Alto,Alto,Sí,8,78,Medio,Sí,2,Bajo,Alto,Público,Negativa,2,No,Postgrado,Lejana,Mujer,73,2,3
24,77,Medio,Alto,No,8,80,Alto,Sí,1,Bajo,Alto,Público,Positiva,2,Sí,Instituto,Moderada,Mujer,68,2,4
18,77,Medio,Medio,Sí,7,62,Bajo,Sí,2,Alto,Medio,Privado,Neutral,4,No,Universidad,Cercana,Hombre,66,2,2
17,91,Medio,Bajo,Sí,10,86,Bajo,Sí,1,Medio,Medio,Público,Neutral,3,Sí,Postgrado,Moderada,Mujer,67,2,4
21,83,Medio,Bajo,Sí,8,92,Bajo,Sí,2,Medio,Medio,Privado,Negativa,4,Sí,Instituto,Cercana,Hombre,66,2,5
29,63,Medio,Alto,Sí,8,94,Medio,Sí,0,Medio,Alto,Privado,Positiva,2,No,Postgrado,Cercana,Mujer,69,2,5
13,96,Medio,Medio,No,10,51,Medio,Sí,1,Bajo,Bajo,Público,Positiva,3,No,Postgrado,Cercana,Mujer,67,2,1
11,61,Medio,Bajo,Sí,7,81,Alto,Sí,5,Medio,Bajo,Público,Positiva,4,Sí,Instituto,Cercana,Hombre,61,1,4
21,90,Medio,Medio,No,6,99,Medio,Sí,2,Bajo,Medio,Privado,Negativa,3,No,Universidad,Cercana,Mujer,70,2,5
20,90,Alto,Alto,No,9,79,Medio,Sí,2,Bajo,Medio,Público,Negativa,2,No,Instituto,Cercana,Mujer,70,2,3
21,98,Medio,Medio,Sí,9,59,Alto,No,3,Medio,Medio,Público,Neutral,3,Sí,Universidad,Cercana,Mujer,70,2,1
21,62,Medio,Medio,No,7,94,Bajo,Sí,1,Bajo,Alto,Privado,Positiva,3,No,Universidad,Moderada,Mujer,64,1,5
19,84,Alto,Medio,No,10,63,Medio,Sí,0,Bajo,Medio,Público,Negativa,3,No,Universidad,Lejana,Mujer,65,2,2
29,77,Medio,Medio,No,7,52,Medio,Sí,5,Bajo,Medio,Público,Positiva,4,No,Universidad,Cercana,Mujer,70,2,1
10,73,Bajo,Alto,Sí,8,72,Bajo,Sí,1,Bajo,Alto,Público,Positiva,2,No,Universidad,Moderada,Mujer,62,1,3
15,64,Alto,Alto,Sí,9,55,Alto,Sí,1,Medio,Bajo,Público,Neutral,3,No,Universidad,Cercana,Mujer,64,1,1
19,83,Medio,Alto,Sí,7,56,Medio,Sí,1,Medio,Bajo,Privado,Positiva,3,No,Universidad,Lejana,Mujer,67,2,1
10,79,Alto,Medio,No,8,73,Alto,No,1,Bajo,Bajo,Público,Neutral,4,No,Instituto,Cercana,Mujer,63,1,3
19,64,Bajo,Medio,Sí,9,81,Alto,Sí,0,Medio,Alto,Público,Neutral,3,Sí,Instituto,Cercana,Hombre,62,1,4
30,84,Bajo,Medio,No,6,95,Medio,Sí,2,Alto,Alto,Público,Negativa,2,No,Universidad,Cercana,Hombre,72,2,5
20,90,Bajo,Medio,No,6,85,Alto,No,3,Bajo,Alto,Privado,Neutral,2,No,Universidad,Cercana,Hombre,69,2,4
21,91,Medio,Alto,Sí,9,92,Medio,Sí,5,Bajo,Medio,Privado,Negativa,2,No,Instituto,Cercana,Hombre,72,2,5
12,96,Bajo,Medio,Sí,7,71,Alto,Sí,2,Medio,Medio,Privado,Positiva,2,No,Universidad,Cercana,Hombre,68,2,3
16,76,Bajo,Medio,No,6,66,Bajo,Sí,1,Medio,Medio,Privado,Neutral,3,No,Postgrado,Cercana,Mujer,64,1,2
18,98,Alto,Alto,Sí,7,80,Bajo,Sí,3,Bajo,Medio,Privado,Neutral,1,No,Universidad,Cercana,Mujer,72,2,4
18,95,Alto,Alto,Sí,8,85,Bajo,Sí,2,Bajo,Alto,Público,Positiva,3,No,Universidad,Cercana,Mujer,73,2,4
28,72,Alto,Medio,Sí,5,78,Bajo,No,5,Medio,Bajo,Privado,Negativa,2,No,Universidad,Lejana,Hombre,67,2,3
23,66,Alto,Bajo,Sí,8,63,Medio,Sí,0,Bajo,Medio,Público,Negativa,4,No,Universidad,Cercana,Mujer,64,1,2
13,77,Medio,Medio,Sí,8,68,Bajo,Sí,3,Alto,Medio,Privado,Neutral,3,No,Instituto,Cercana,Mujer,65,2,2
21,76,Alto,Alto,Sí,9,72,Bajo,Sí,1,Bajo,Alto,Público,Neutral,3,No,Instituto,Moderada,Mujer,67,2,3
23,83,Medio,Medio,Sí,7,51,Bajo,Sí,3,Medio,Alto,Público,Neutral,2,No,Universidad,Moderada,Hombre,68,2,1
27,83,Medio,Alto,Sí,9,94,Medio,Sí,2,Bajo,Alto,Público,Positiva,2,No,Instituto,Cercana,Hombre,72,2,5
29,90,Alto,Bajo,Sí,7,76,Bajo,Sí,1,Medio,Bajo,Público,Positiva,3,No,Instituto,Moderada,Mujer,71,2,3
14,80,Medio,Medio,Sí,7,88,Medio,Sí,1,Medio,Medio,Privado,Neutral,3,No,Instituto,Cercana,Hombre,66,2,4
15,64,Alto,Medio,No,7,59,Bajo,Sí,0,Bajo,Medio,Público,Neutral,3,Sí,Instituto,Cercana,Mujer,59,1,1
12,94,Medio,Medio,Sí,10,78,Medio,Sí,1,Medio,Alto,Público,Neutral,2,No,Instituto,Cercana,Mujer,68,2,3
19,72,Bajo,Alto,Sí,5,96,Bajo,No,3,Bajo,Bajo,Público,Positiva,2,No,Instituto,Moderada,Mujer,64,1,5
23,99,Bajo,Medio,No,8,61,Bajo,Sí,2,Alto,Alto,Privado,Positiva,3,Sí,Instituto,Cercana,Mujer,70,2,2
26,65,Bajo,Medio,Sí,7,67,Medio,Sí,4,Alto,Medio,Privado,Negativa,3,No,Instituto,Moderada,Mujer,65,2,2
20,98,Alto,Medio,Sí,7,69,Alto,No,2,Alto,Alto,Público,Negativa,2,No,Universidad,Cercana,Mujer,72,2,2
18,64,Alto,Alto,No,8,69,Medio,Sí,3,Alto,Medio,Público,Positiva,3,No,Universidad,Moderada,Hombre,66,2,2
21,69,Medio,Medio,Sí,9,80,Alto,Sí,2,Medio,Alto,Público,Positiva,5,No,Universidad,Cercana,Hombre,68,2,4
15,62,Medio,Alto,No,8,70,Medio,Sí,1,Bajo,Medio,Privado,Positiva,3,No,Universidad,Cercana,Hombre,62,1,2
33,88,Medio,Bajo,No,9,84,Medio,Sí,1,Bajo,Medio,Público,Negativa,3,No,Instituto,Cercana,Hombre,70,2,4
10,94,Alto,Medio,Sí,7,74,Alto,Sí,3,Alto,Medio,Público,Positiva,3,No,Universidad,Moderada,Hombre,70,2,3
21,77,Medio,Bajo,Sí,7,58,Medio,Sí,0,Bajo,Alto,Público,Negativa,3,No,Universidad,Cercana,Hombre,64,1,1
32,97,Alto,Bajo,Sí,5,97,Bajo,Sí,1,Bajo,Alto,Público,Positiva,5,No,Universidad,Moderada,Mujer,76,3,5
20,84,Medio,Medio,Sí,10,62,Alto,Sí,1,Medio,Medio,Público,Neutral,2,No,Universidad,Moderada,Hombre,67,2,2
19,85,Alto,Alto,No,7,78,Bajo,Sí,2,Bajo,Alto,Privado,Negativa,3,No,Universidad,Cercana,Hombre,69,2,3
18,94,Medio,Bajo,Sí,7,53,Medio,Sí,4,Medio,Alto,Público,Positiva,3,No,Instituto,Lejana,Mujer,68,2,1
19,72,Medio,Medio,Sí,8,96,Bajo,Sí,1,Medio,Alto,Público,Positiva,2,No,Postgrado,Moderada,Mujer,67,2,5
28,74,Medio,Medio,Sí,9,96,Bajo,Sí,0,Alto,Alto,Privado,Neutral,3,No,Instituto,Cercana,Mujer,69,2,5
7,96,Alto,Medio,Sí,6,68,Medio,Sí,2,Bajo,Alto,Público,Neutral,1,No,Instituto,Cercana,Mujer,67,2,2
29,96,Alto,Alto,Sí,9,56,Bajo,Sí,0,Bajo,Alto,Privado,Neutral,4,No,Instituto,Cercana,Hombre,73,2,1
11,99,Medio,Alto,Sí,7,88,Alto,No,4,Medio,Bajo,Privado,Neutral,3,No,Universidad,Cercana,Hombre,71,2,4
18,96,Medio,Bajo,No,9,63,Medio,Sí,4,Bajo,Medio,Privado,Neutral,3,No,Postgrado,Cercana,Hombre,70,2,2
17,65,Alto,Medio,Sí,6,85,Medio,Sí,1,Bajo,Medio,Privado,Neutral,3,No,Instituto,Cercana,Hombre,65,2,4
24,93,Alto,Medio,Sí,8,96,Medio,Sí,0,Medio,Medio,Público,Positiva,1,No,Postgrado,Moderada,Hombre,73,2,5
10,76,Medio,Medio,Sí,7,80,Medio,Sí,1,Bajo,Alto,Público,Positiva,4,No,Postgrado,Cercana,Mujer,65,2,4
23,100,Bajo,Medio,Sí,5,93,Medio,Sí,4,Bajo,Medio,Privado,Neutral,3,No,Postgrado,Moderada,Hombre,73,2,5
32,79,Bajo,Alto,Sí,5,61,Medio,Sí,0,Bajo,Alto,Público,Positiva,3,No,Universidad,Cercana,Hombre,70,2,2
12,82,Alto,Medio,Sí,6,96,Alto,Sí,0,Bajo,Bajo,Privado,Positiva,4,Sí,Universidad,Cercana,Hombre,66,2,5
21,81,Bajo,Medio,Sí,8,61,Alto,Sí,3,Medio,Bajo,Público,Negativa,5,No,Instituto,Moderada,Mujer,66,2,2
16,73,Medio,Medio,Sí,4,61,Bajo,Sí,4,Bajo,Alto,Privado,Neutral,5,No,Instituto,Moderada,Hombre,64,1,2
23,63,Medio,Medio,Sí,8,94,Alto,Sí,2,Medio,Medio,Público,Neutral,5,No,Postgrado,Cercana,Hombre,68,2,5
20,96,Medio,Medio,No,7,78,Medio,Sí,1,Alto,Alto,Público,Neutral,2,No,Instituto,Cercana,Hombre,70,2,3
16,92,Medio,Medio,Sí,4,90,Alto,Sí,6,Alto,Medio,Privado,Neutral,3,No,Instituto,Cercana,Hombre,72,2,5
23,66,Medio,Alto,No,6,90,Medio,Sí,2,Bajo,Medio,Público,Neutral,3,No,Instituto,Cercana,Hombre,66,2,5
31,91,Medio,Medio,Sí,6,82,Medio,Sí,2,Medio,Alto,Público,Positiva,3,No,Instituto,Cercana,Hombre,74,3,4
19,85,Alto,Medio,No,7,59,Bajo,Sí,0,Medio,Alto,Privado,Negativa,4,No,Universidad,Moderada,Hombre,67,2,1
24,76,Alto,Alto,Sí,9,85,Medio,Sí,2,Bajo,Medio,Privado,Positiva,2,No,Postgrado,Cercana,Mujer,71,2,4
12,70,Bajo,Alto,Sí,9,53,Medio,Sí,2,Bajo,Medio,Público,Neutral,2,Sí,Instituto,Cercana,Hombre,60,1,1
14,94,Bajo,Medio,No,6,60,Medio,Sí,3,Alto,Medio,Público,Neutral,3,No,Universidad,Cercana,Mujer,68,2,1
23,88,Medio,Medio,No,6,82,Medio,Sí,0,Medio,Medio,Privado,Negativa,3,No,Universidad,Cercana,Hombre,69,2,4
29,82,Alto,Alto,No,5,95,Medio,Sí,2,Medio,Alto,Público,Neutral,3,No,Universidad,Cercana,Hombre,74,3,5
22,84,Alto,Medio,Sí,6,89,Medio,Sí,2,Medio,Medio,Público,Neutral,3,No,Instituto,Cercana,Hombre,71,2,4
18,64,Alto,Medio,Sí,6,67,Alto,Sí,0,Bajo,Medio,Privado,Negativa,4,No,Universidad,Cercana,Hombre,63,1,2
20,79,Alto,Bajo,Sí,7,91,Alto,No,2,Bajo,Medio,Privado,Negativa,4,Sí,Universidad,Moderada,Hombre,66,2,5
12,68,Medio,Alto,No,7,98,Medio,Sí,1,Medio,Alto,Privado,Neutral,4,No,Instituto,Cercana,Hombre,65,2,5
24,68,Bajo,Bajo,No,6,67,Alto,No,0,Bajo,Alto,Privado,Positiva,3,Sí,Instituto,Lejana,Mujer,60,1,2
25,86,Medio,Bajo,Sí,6,59,Medio,Sí,3,Bajo,Medio,Público,Positiva,3,No,Instituto,Cercana,Mujer,69,2,1
17,96,Alto,Medio,No,6,60,Medio,Sí,1,Bajo,Medio,Público,Neutral,3,No,Universidad,Cercana,Mujer,69,2,1
17,76,Medio,Alto,Sí,6,70,Bajo,Sí,2,Alto,Medio,Público,Neutral,4,No,Postgrado,Moderada,Hombre,67,2,2
22,68,Alto,Medio,Sí,9,53,Alto,Sí,1,Medio,Medio,Público,Neutral,2,No,Instituto,Moderada,Mujer,65,2,1
17,86,Alto,Alto,Sí,8,74,Medio,Sí,1,Bajo,Alto,Privado,Neutral,4,No,Universidad,Cercana,Hombre,70,2,3
20,95,Alto,Medio,Sí,8,87,Bajo,Sí,0,Bajo,Medio,Privado,Positiva,3,No,Postgrado,Moderada,Mujer,71,2,4
33,90,Bajo,Medio,Sí,9,77,Medio,Sí,3,Medio,Alto,Público,Negativa,6,Sí,Postgrado,Moderada,Hombre,73,2,3
19,95,Bajo,Alto,Sí,8,99,Medio,Sí,0,Bajo,Medio,Público,Neutral,2,No,Postgrado,Moderada,Hombre,70,2,5
18,81,Alto,Bajo,Sí,9,73,Alto,Sí,1,Medio,Alto,Público,Neutral,2,No,Instituto,Cercana,Mujer,67,2,3
16,90,Bajo,Alto,Sí,8,51,Medio,Sí,1,Alto,Medio,Público,Neutral,5,No,Instituto,Moderada,Mujer,67,2,1
24,66,Bajo,Alto,No,7,74,Medio,Sí,0,Alto,Alto,Público,Neutral,2,No,Universidad,Moderada,Hombre,65,2,3
19,74,Alto,Alto,Sí,6,96,Medio,Sí,2,Alto,Medio,Público,Neutral,3,No,Universidad,Cercana,Hombre,69,2,5
16,76,Alto,Alto,Sí,6,55,Medio,No,1,Bajo,Medio,Público,Positiva,1,No,Postgrado,Cercana,Hombre,65,2,1
28,80,Medio,Alto,Sí,8,61,Bajo,Sí,1,Bajo,Medio,Privado,Negativa,3,No,Universidad,Lejana,Mujer,68,2,2
29,97,Alto,Medio,No,7,86,Medio,Sí,0,Medio,Medio,Público,Positiva,3,No,Universidad,Cercana,Mujer,74,3,4
16,95,Bajo,Medio,Sí,5,65,Alto,Sí,0,Medio,Medio,Privado,Neutral,3,No,Universidad,Cercana,Mujer,68,2,2
9,65,Medio,Medio,No,4,88,Bajo,Sí,1,Bajo,Medio,Público,Positiva,3,No,Universidad,Cercana,Hombre,61,1,4
26,67,Medio,Bajo,Sí,10,71,Alto,Sí,3,Bajo,Medio,Público,Neutral,3,No,Postgrado,Cercana,Hombre,67,2,3
16,74,Alto,Alto,Sí,6,90,Medio,Sí,1,Bajo,Medio,Privado,Negativa,4,Sí,Instituto,Cercana,Mujer,66,2,5
25,72,Bajo,Bajo,Sí,6,78,Bajo,Sí,8,Medio,Alto,Público,Positiva,4,No,Instituto,Cercana,Hombre,69,2,3
8,85,Medio,Bajo,Sí,9,54,Bajo,Sí,1,Bajo,Alto,Privado,Positiva,3,No,Instituto,Cercana,Hombre,62,1,1
25,96,Medio,Alto,Sí,5,69,Bajo,Sí,0,Bajo,Medio,Público,Neutral,4,No,Instituto,Moderada,Hombre,71,2,2
13,98,Alto,Alto,Sí,8,67,Medio,Sí,1,Medio,Medio,Privado,Positiva,4,No,Postgrado,Moderada,Mujer,71,2,2
24,86,Medio,Alto,Sí,10,91,Bajo,Sí,0,Bajo,Alto,Privado,Positiva,4,No,Universidad,Cercana,Mujer,72,2,5
20,94,Medio,Alto,Sí,10,81,Bajo,Sí,1,Medio,Alto,Público,Neutral,5,Sí,Instituto,Lejana,Mujer,69,2,4
14,81,Bajo,Medio,No,6,89,Medio,No,6,Bajo,Alto,Privado,Neutral,3,No,Universidad,Cercana,Mujer,67,2,4
18,68,Medio,Alto,No,7,69,Medio,Sí,1,Bajo,Alto,Público,Neutral,4,Sí,Instituto,Moderada,Mujer,63,1,2
24,81,Medio,Medio,Sí,6,85,Medio,No,1,Medio,Alto,Público,Neutral,4,No,Universidad,Moderada,Hombre,68,2,4
21,82,Alto,Alto,Sí,7,53,Bajo,Sí,0,Alto,Medio,Público,Positiva,2,No,Postgrado,Cercana,Hombre,69,2,1
24,90,Medio,Bajo,Sí,9,52,Bajo,Sí,0,Bajo,Medio,Público,Negativa,3,Sí,Universidad,Cercana,Mujer,65,2,1
32,69,Alto,Alto,Sí,5,64,Medio,Sí,0,Medio,Medio,Público,Negativa,3,No,Postgrado,Cercana,Mujer,70,2,2
11,75,Medio,Medio,No,8,89,Medio,Sí,2,Alto,Alto,Privado,Positiva,4,No,Universidad,Moderada,Hombre,65,2,4
30,75,Medio,Medio,No,7,77,Medio,Sí,0,Bajo,Medio,Público,Positiva,2,No,Instituto,Moderada,Hombre,67,2,3
21,98,Medio,Alto,Sí,9,70,Medio,Sí,0,Bajo,Alto,Público,Positiva,1,No,Universidad,Cercana,Hombre,72,2,2
15,78,Medio,Alto,Sí,9,95,Alto,Sí,1,Alto,Alto,Público,Positiva,3,No,Instituto,Cercana,Hombre,69,2,5
12,90,Alto,Alto,Sí,6,75,Bajo,No,2,Medio,Medio,Público,Neutral,3,No,Postgrado,Cercana,Hombre,69,2,3
19,90,Alto,Bajo,No,7,81,Medio,Sí,4,Alto,Alto,Público,Neutral,4,Sí,Universidad,Cercana,Mujer,71,2,4
26,71,Medio,Bajo,Sí,8,99,Medio,Sí,1,Medio,Alto,Público,Positiva,3,No,Instituto,Lejana,Hombre,67,2,5
19,83,Bajo,Bajo,No,8,76,Bajo,Sí,3,Bajo,Bajo,Público,Neutral,3,No,Postgrado,Cercana,Mujer,65,2,3
29,96,Bajo,Bajo,No,4,89,Medio,Sí,2,Bajo,Alto,Público,Neutral,2,No,Instituto,Lejana,Mujer,70,2,4
11,79,Medio,Medio,No,8,71,Bajo,Sí,1,Medio,Medio,Privado,Positiva,2,No,Universidad,Moderada,Mujer,63,1,3
20,98,Alto,Alto,Sí,9,52,Medio,Sí,0,Medio,Medio,Privado,Positiva,3,No,Universidad,Lejana,Hombre,71,2,1
12,69,Alto,Medio,Sí,7,92,Bajo,Sí,1,Medio,Medio,Público,Neutral,3,No,Universidad,Cercana,Mujer,64,1,5
22,63,Medio,Alto,Sí,8,97,Alto,Sí,5,Medio,Medio,Privado,Neutral,3,No,Instituto,Cercana,Hombre,69,2,5
25,96,Bajo,Medio,No,9,72,Bajo,Sí,0,Bajo,Medio,Privado,Positiva,3,No,Instituto,Cercana,Hombre,69,2,3
17,94,Medio,Medio,Sí,7,75,Medio,Sí,1,Bajo,Alto,Público,Positiva,3,No,Postgrado,Moderada,Hombre,70,2,3
4,100,Alto,Bajo,No,8,71,Bajo,Sí,2,Bajo,Medio,Privado,Negativa,4,No,Instituto,Moderada,Mujer,64,1,3
21,87,Medio,Alto,No,7,100,Bajo,Sí,1,Bajo,Medio,Público,Positiva,3,No,Instituto,Cercana,Hombre,70,2,5
23,97,Medio,Alto,No,7,95,Medio,Sí,0,Medio,Alto,Privado,Positiva,4,No,Postgrado,Moderada,Mujer,74,3,5
22,93,Medio,Medio,Sí,6,52,Medio,Sí,1,Bajo,Medio,Público,Negativa,3,No,Universidad,Cercana,Mujer,69,2,1
27,94,Bajo,Medio,Sí,7,89,Medio,Sí,3,Bajo,Medio,Privado,Positiva,2,No,Universidad,Cercana,Mujer,73,2,4
14,83,Medio,Medio,Sí,10,80,Medio,Sí,1,Medio,Alto,Privado,Neutral,3,Sí,Universidad,Cercana,Mujer,66,2,4
24,75,Alto,Alto,Sí,6,51,Alto,No,1,Medio,Alto,Público,Negativa,3,No,Instituto,Cercana,Hombre,67,2,1
27,97,Alto,Alto,No,8,72,Medio,Sí,6,Bajo,Medio,Público,Neutral,2,No,Universidad,Cercana,Mujer,76,3,3
9,77,Medio,Medio,No,7,57,Bajo,Sí,2,Medio,Bajo,Público,Negativa,3,No,Instituto,Cercana,Hombre,61,1,1
22,82,Bajo,Medio,Sí,9,94,Alto,Sí,0,Medio,Medio,Público,Positiva,4,No,Instituto,Moderada,Mujer,68,2,5
17,78,Medio,Bajo,Sí,9,51,Alto,Sí,1,Bajo,Medio,Privado,Neutral,3,No,Instituto,Moderada,Hombre,63,1,1
20,83,Alto,Bajo,Sí,6,94,Medio,Sí,1,Bajo,Medio,Público,Neutral,2,No,Instituto,Cercana,Hombre,67,2,5
22,79,Bajo,Bajo,Sí,6,97,Bajo,Sí,3,Alto,Medio,Público,Negativa,3,No,Instituto,Moderada,Hombre,66,2,5
17,62,Alto,Bajo,Sí,6,54,Bajo,Sí,2,Medio,Alto,Público,Neutral,3,No,Universidad,Cercana,Hombre,62,1,1
16,95,Alto,Bajo,Sí,6,86,Medio,Sí,0,Bajo,Alto,Privado,Neutral,3,No,Instituto,Cercana,Hombre,69,2,4
20,78,Medio,Medio,No,6,77,Medio,Sí,3,Medio,Medio,Privado,Positiva,3,No,Instituto,Moderada,Hombre,67,2,3
13,84,Medio,Medio,No,8,98,Bajo,No,2,Medio,Medio,Público,Positiva,2,No,Universidad,Moderada,Mujer,66,2,5
13,66,Alto,Medio,Sí,6,90,Medio,Sí,2,Bajo,Medio,Público,Positiva,3,Sí,Instituto,Moderada,Hombre,63,1,5
24,60,Medio,Medio,No,6,85,Bajo,Sí,1,Alto,Medio,Público,Neutral,2,No,Postgrado,Moderada,Hombre,64,1,4
13,70,Bajo,Medio,Sí,6,96,Alto,Sí,2,Medio,Medio,Privado,Negativa,5,No,Postgrado,Moderada,Hombre,64,1,5
24,88,Bajo,Medio,No,8,58,Medio,Sí,1,Bajo,Alto,Público,Negativa,3,No,Instituto,Cercana,Hombre,67,2,1
23,64,Bajo,Medio,Sí,7,69,Alto,Sí,4,Alto,Medio,Público,Positiva,3,No,Instituto,Moderada,Hombre,66,2,2
10,96,Alto,Alto,Sí,7,92,Medio,Sí,1,Bajo,Bajo,Público,Neutral,1,No,Instituto,Cercana,Mujer,68,2,5
16,69,Medio,Alto,Sí,6,55,Medio,Sí,1,Medio,Alto,Público,Negativa,1,No,Instituto,Moderada,Hombre,62,1,1
27,68,Medio,Medio,Sí,5,97,Bajo,Sí,1,Medio,Medio,Público,Negativa,4,No,Universidad,Cercana,Hombre,68,2,5
14,67,Alto,Bajo,No,9,87,Medio,Sí,1,Medio,Medio,Privado,Positiva,3,No,Instituto,Cercana,Hombre,63,1,4
17,61,Medio,Alto,No,7,72,Bajo,Sí,1,Medio,Alto,Público,Neutral,2,No,Instituto,Moderada,Hombre,62,1,3
23,91,Alto,Alto,No,10,67,Alto,Sí,2,Bajo,Medio,Público,Positiva,2,No,Universidad,Cercana,Hombre,72,2,2
25,95,Medio,Bajo,No,8,57,Bajo,Sí,4,Bajo,Medio,Público,Neutral,3,No,Instituto,Moderada,Mujer,69,2,1
18,85,Medio,Bajo,Sí,10,55,Alto,Sí,3,Medio,Alto,Público,Neutral,3,No,Instituto,Cercana,Hombre,67,2,1
16,68,Medio,Alto,Sí,8,71,Medio,Sí,1,Alto,Alto,Privado,Neutral,3,No,Instituto,Moderada,Hombre,65,2,3
29,71,Alto,Medio,No,7,92,Bajo,Sí,1,Bajo,Medio,Público,Positiva,3,No,Instituto,Cercana,Mujer,69,2,5
30,79,Alto,Alto,Sí,6,77,Medio,Sí,1,Bajo,Medio,Público,Positiva,2,No,Instituto,Cercana,Hombre,72,2,3
26,98,Bajo,Medio,Sí,6,73,Medio,Sí,2,Bajo,Bajo,Público,Negativa,3,No,Instituto,Cercana,Mujer,70,2,3
21,70,Alto,Alto,No,9,66,Medio,Sí,1,Medio,Bajo,Público,Neutral,4,No,Universidad,Moderada,Hombre,91,4,2
15,89,Alto,Bajo,Sí,7,58,Bajo,Sí,2,Bajo,Medio,Público,Negativa,3,No,Instituto,Moderada,Hombre,65,2,1
15,78,Bajo,Medio,Sí,8,100,Bajo,Sí,0,Bajo,Medio,Público,Negativa,3,Sí,Instituto,Cercana,Mujer,62,1,5
23,72,Bajo,Alto,Sí,8,51,Medio,Sí,2,Bajo,Medio,Privado,Positiva,3,No,Universidad,Lejana,Hombre,65,2,1
23,78,Medio,Medio,Sí,8,66,Medio,Sí,1,Medio,Alto,Público,Neutral,1,No,Universidad,Moderada,Mujer,67,2,2
28,63,Medio,Bajo,No,6,88,Alto,Sí,4,Medio,Alto,Público,Neutral,4,No,Instituto,Lejana,Hombre,67,2,4
24,92,Medio,Alto,No,9,76,Medio,Sí,2,Alto,Medio,Público,Positiva,2,No,Instituto,Cercana,Mujer,72,2,3
11,70,Medio,Bajo,Sí,7,66,Bajo,Sí,1,Medio,Alto,Público,Negativa,3,No,Instituto,Cercana,Mujer,60,1,2
26,89,Medio,Bajo,No,7,100,Bajo,Sí,0,Medio,Bajo,Público,Neutral,3,No,Instituto,Cercana,Mujer,69,2,5
14,63,Medio,Medio,No,8,81,Bajo,Sí,0,Medio,Bajo,Privado,Positiva,5,No,Instituto,Cercana,Mujer,61,1,4
18,98,Bajo,Medio,Sí,7,65,Medio,Sí,1,Alto,Medio,Privado,Neutral,4,No,Postgrado,Cercana,Mujer,70,2,2
22,68,Medio,Alto,No,4,92,Alto,Sí,2,Alto,Medio,Público,Neutral,3,No,Instituto,Cercana,Hombre,68,2,5
32,95,Medio,Alto,Sí,9,58,Medio,Sí,2,Medio,Medio,Privado,Positiva,4,No,Instituto,Cercana,Hombre,75,3,1
39,92,Medio,Medio,No,9,73,Medio,Sí,1,Medio,Medio,Público,Negativa,4,No,Postgrado,Moderada,Hombre,75,3,3
24,99,Alto,Medio,No,4,92,Bajo,Sí,2,Alto,Medio,Privado,Neutral,3,No,Instituto,Lejana,Hombre,72,2,5
19,79,Bajo,Medio,Sí,5,99,Alto,Sí,1,Bajo,Medio,Privado,Negativa,4,No,Universidad,Moderada,Mujer,66,2,5
23,89,Bajo,Alto,No,10,69,Bajo,Sí,5,Medio,Medio,Público,Neutral,4,No,Instituto,Cercana,Hombre,71,2,2
25,75,Bajo,Alto,No,7,57,Alto,Sí,4,Bajo,Alto,Público,Positiva,5,No,Universidad,Cercana,Hombre,70,2,1
18,67,Medio,Alto,Sí,7,78,Bajo,Sí,2,Medio,Medio,Público,Negativa,3,Sí,Instituto,Cercana,Mujer,63,1,3
31,78,Alto,Alto,Sí,6,97,Bajo,Sí,0,Medio,Alto,Público,Neutral,3,No,Instituto,Cercana,Hombre,72,2,5
21,67,Medio,Medio,Sí,5,83,Medio,Sí,1,Bajo,Alto,Privado,Neutral,5,No,Instituto,Cercana,Hombre,65,2,4
23,99,Medio,Medio,Sí,7,80,Bajo,Sí,3,Bajo,Bajo,Privado,Neutral,2,No,Instituto,Cercana,Hombre,71,2,4
24,64,Medio,Medio,Sí,8,65,Medio,Sí,0,Medio,Medio,Público,Positiva,3,No,Universidad,Cercana,Mujer,65,2,2
23,84,Medio,Bajo,Sí,7,80,Medio,Sí,1,Medio,Alto,Privado,Positiva,3,No,Universidad,Moderada,Mujer,69,2,4
25,85,Medio,Bajo,Sí,8,94,Medio,Sí,3,Medio,Alto,Público,Positiva,3,No,Instituto,Moderada,Hombre,71,2,5
16,82,Medio,Alto,Sí,10,69,Medio,Sí,2,Bajo,Medio,Público,Positiva,4,No,Universidad,Cercana,Hombre,68,2,2
17,86,Bajo,Medio,No,6,62,Bajo,Sí,2,Medio,Alto,Público,Positiva,4,No,Instituto,Cercana,Mujer,66,2,2
13,65,Alto,Medio,No,7,74,Bajo,Sí,0,Alto,Medio,Público,Neutral,2,Sí,Instituto,Moderada,Hombre,60,1,3
23,82,Medio,Medio,No,9,69,Medio,Sí,0,Alto,Medio,Público,Positiva,3,No,Instituto,Cercana,Mujer,68,2,2
25,71,Medio,Alto,Sí,6,73,Medio,Sí,1,Bajo,Medio,Privado,Neutral,4,No,Instituto,Cercana,Mujer,67,2,3
23,98,Medio,Bajo,No,7,55,Medio,Sí,3,Alto,Alto,Privado,Neutral,4,No,Instituto,Cercana,Hombre,71,2,1
30,90,Alto,Medio,No,10,67,Alto,Sí,2,Medio,Medio,Privado,Neutral,6,No,Instituto,Cercana,Hombre,74,3,2
20,99,Bajo,Medio,No,6,91,Medio,Sí,2,Medio,Bajo,Público,Negativa,4,No,Instituto,Cercana,Hombre,70,2,5
24,62,Bajo,Alto,No,9,70,Bajo,Sí,2,Bajo,Medio,Público,Positiva,2,No,Universidad,Moderada,Mujer,63,1,2
13,71,Medio,Medio,No,7,98,Medio,Sí,0,Medio,Medio,Público,Positiva,3,No,Universidad,Cercana,Hombre,64,1,5
18,68,Medio,Alto,Sí,10,85,Alto,Sí,3,Bajo,Medio,Público,Neutral,3,No,Instituto,Cercana,Hombre,66,2,4
24,60,Medio,Medio,Sí,5,68,Medio,Sí,0,Medio,Bajo,Público,Neutral,3,No,Postgrado,Cercana,Mujer,64,1,2
25,70,Alto,Alto,Sí,7,63,Medio,Sí,1,Medio,Alto,Privado,Positiva,3,No,Universidad,Moderada,Hombre,69,2,2
18,87,Medio,Alto,Sí,5,84,Medio,Sí,2,Medio,Bajo,Privado,Positiva,4,No,Postgrado,Cercana,Hombre,71,2,4
20,69,Alto,Medio,No,6,65,Medio,Sí,1,Bajo,Medio,Público,Neutral,2,No,Instituto,Cercana,Mujer,64,1,2
11,80,Medio,Medio,Sí,6,96,Bajo,Sí,1,Bajo,Alto,Público,Neutral,3,No,Instituto,Cercana,Hombre,65,2,5
18,96,Alto,Medio,No,7,56,Bajo,Sí,2,Medio,Medio,Privado,Neutral,1,No,Universidad,Cercana,Mujer,69,2,1
25,88,Medio,Alto,No,5,51,Medio,Sí,1,Medio,Bajo,Público,Neutral,1,No,Instituto,Cercana,Mujer,68,2,1
23,76,Medio,Medio,Sí,7,61,Medio,Sí,3,Medio,Bajo,Público,Positiva,4,No,Instituto,Cercana,Hombre,68,2,2
23,75,Alto,Medio,Sí,8,80,Alto,Sí,0,Bajo,Alto,Privado,Neutral,4,No,Instituto,Moderada,Mujer,68,2,4
20,78,Bajo,Medio,Sí,5,92,Bajo,Sí,1,Medio,Medio,Público,Positiva,3,No,Instituto,Lejana,Hombre,65,2,5
20,67,Alto,Alto,No,6,59,Bajo,Sí,1,Medio,Medio,Privado,Negativa,4,No,Universidad,Cercana,Mujer,65,2,1
16,85,Medio,Bajo,No,10,79,Bajo,Sí,1,Alto,Medio,Privado,Neutral,3,No,Universidad,Cercana,Hombre,66,2,3
24,75,Alto,Bajo,No,7,57,Medio,Sí,0,Medio,Medio,Público,Neutral,1,No,Postgrado,Cercana,Hombre,66,2,1
23,94,Medio,Bajo,Sí,4,78,Medio,Sí,2,Alto,Alto,Público,Neutral,4,No,Instituto,Moderada,Hombre,71,2,3
23,90,Alto,Medio,Sí,5,51,Medio,Sí,0,Bajo,Alto,Público,Negativa,1,No,Instituto,Cercana,Hombre,68,2,1
17,84,Bajo,Medio,Sí,7,78,Bajo,Sí,0,Alto,Alto,Público,Neutral,5,Sí,Universidad,Moderada,Mujer,65,2,3
7,75,Medio,Alto,Sí,7,76,Medio,Sí,0,Medio,Bajo,Privado,Positiva,4,No,Universidad,Moderada,Mujer,63,1,3
27,68,Alto,Medio,No,6,52,Medio,Sí,1,Medio,Bajo,Privado,Neutral,5,No,Postgrado,Lejana,Mujer,66,2,1
17,91,Alto,Bajo,Sí,10,84,Medio,Sí,7,Bajo,Alto,Público,Neutral,4,Sí,Universidad,Moderada,Hombre,71,2,4
15,79,Bajo,Medio,Sí,10,79,Medio,Sí,2,Bajo,Medio,Privado,Neutral,4,No,Universidad,Moderada,Hombre,65,2,3
24,69,Medio,Alto,Sí,7,81,Bajo,Sí,3,Medio,Medio,Privado,Neutral,4,No,Instituto,Cercana,Mujer,68,2,4
18,68,Medio,Medio,Sí,8,76,Alto,Sí,2,Alto,Medio,Público,Neutral,3,No,Postgrado,Cercana,Hombre,66,2,3
26,67,Bajo,Alto,No,8,86,Medio,Sí,2,Bajo,Medio,Público,Negativa,2,Sí,Instituto,Cercana,Mujer,64,1,4
24,91,Medio,Bajo,Sí,9,76,Alto,Sí,1,Bajo,Bajo,Público,Positiva,4,No,Universidad,Cercana,Mujer,70,2,3
24,69,Alto,Bajo,Sí,6,96,Medio,Sí,4,Alto,Medio,Público,Positiva,4,No,Universidad,Moderada,Hombre,70,2,5
12,81,Medio,Alto,No,10,97,Bajo,Sí,1,Bajo,Medio,Privado,Positiva,5,No,Instituto,Cercana,Mujer,66,2,5
27,78,Medio,Medio,Sí,7,86,Medio,Sí,3,Medio,Medio,Público,Positiva,2,No,Instituto,Moderada,Mujer,70,2,4
22,83,Alto,Alto,No,8,96,Medio,No,2,Medio,Alto,Público,Positiva,0,No,Universidad,Cercana,Mujer,71,2,5
18,95,Bajo,Alto,No,7,96,Medio,Sí,2,Medio,Alto,Privado,Positiva,4,Sí,Instituto,Moderada,Hombre,70,2,5
21,95,Medio,Medio,No,7,63,Medio,Sí,1,Bajo,Medio,Privado,Positiva,4,No,Postgrado,Cercana,Hombre,70,2,2
9,78,Alto,Medio,Sí,7,100,Bajo,Sí,2,Medio,Medio,Público,Positiva,2,No,Instituto,Cercana,Hombre,66,2,5
22,61,Alto,Medio,No,5,63,Bajo,Sí,1,Bajo,Medio,Público,Positiva,3,No,Postgrado,Cercana,Hombre,64,1,2
14,77,Alto,Alto,No,4,51,Bajo,Sí,5,Bajo,Medio,Público,Positiva,3,No,Universidad,Moderada,Hombre,66,2,1
12,84,Alto,Medio,Sí,7,98,Alto,Sí,1,Bajo,Medio,Público,Positiva,3,No,Instituto,Cercana,Mujer,68,2,5
11,82,Bajo,Bajo,No,6,61,Bajo,Sí,2,Medio,Medio,Público,Neutral,2,No,Instituto,Cercana,Mujer,61,1,2
27,86,Medio,Medio,Sí,8,79,Medio,Sí,2,Bajo,Alto,Privado,Positiva,4,No,Universidad,Cercana,Hombre,72,2,3
16,66,Alto,Alto,No,8,99,Medio,Sí,1,Bajo,Alto,Privado,Positiva,3,No,Instituto,Moderada,Hombre,66,2,5
29,86,Bajo,Bajo,Sí,7,52,Medio,Sí,1,Bajo,Medio,Público,Positiva,3,No,Universidad,Cercana,Mujer,68,2,1
17,67,Bajo,Medio,No,9,63,Alto,Sí,1,Bajo,Alto,Público,Negativa,4,No,Universidad,Lejana,Hombre,61,1,2
10,90,Alto,Medio,Sí,7,80,Bajo,Sí,0,Medio,Medio,Público,Neutral,5,No,Instituto,Cercana,Mujer,67,2,4
13,74,Alto,Alto,Sí,5,88,Bajo,Sí,3,Bajo,Medio,Privado,Neutral,3,Sí,Universidad,Cercana,Mujer,66,2,4
27,88,Medio,Medio,Sí,7,90,Medio,Sí,3,Medio,Medio,Público,Positiva,4,No,Postgrado,Moderada,Mujer,74,3,5
19,62,Alto,Medio,Sí,9,94,Medio,Sí,0,Alto,Bajo,Público,Neutral,4,No,Postgrado,Cercana,Mujer,66,2,5
17,76,Alto,Medio,Sí,4,58,Medio,Sí,4,Medio,Medio,Privado,Neutral,2,No,Postgrado,Moderada,Mujer,67,2,1
21,88,Alto,Bajo,Sí,7,69,Medio,Sí,4,Medio,Medio,Privado,Neutral,3,No,Universidad,Cercana,Hombre,71,2,2
23,69,Alto,Bajo,Sí,8,86,Alto,Sí,0,Medio,Alto,Público,Neutral,4,No,Universidad,Lejana,Hombre,66,2,4
27,92,Medio,Medio,Sí,10,86,Alto,Sí,0,Bajo,Bajo,Privado,Positiva,3,No,Instituto,Moderada,Hombre,71,2,4
29,85,Alto,Medio,Sí,9,65,Alto,No,4,Bajo,Medio,Privado,Neutral,4,No,Postgrado,Moderada,Hombre,72,2,2
18,84,Medio,Medio,Sí,7,65,Medio,Sí,2,Medio,Medio,Público,Negativa,3,No,Instituto,Cercana,Mujer,66,2,2
12,74,Alto,Bajo,Sí,8,66,Bajo,Sí,1,Bajo,Medio,Público,Positiva,2,No,Instituto,Cercana,Hombre,62,1,2
18,79,Alto,Medio,Sí,4,95,Bajo,Sí,1,Bajo,Alto,Público,Negativa,2,No,Instituto,Moderada,Mujer,66,2,5
22,84,Bajo,Alto,Sí,5,95,Medio,Sí,2,Bajo,Alto,Público,Neutral,3,No,Instituto,Moderada,Hombre,69,2,5
14,79,Medio,Medio,Sí,8,51,Medio,Sí,0,Medio,Alto,Público,Negativa,4,No,Instituto,Cercana,Hombre,64,1,1
14,88,Medio,Medio,Sí,7,66,Medio,Sí,4,Medio,Alto,Público,Positiva,3,No,Instituto,Cercana,Mujer,69,2,2
22,77,Alto,Bajo,Sí,7,70,Medio,Sí,2,Medio,Medio,Privado,Positiva,4,No,Postgrado,Cercana,Hombre,69,2,2
20,68,Alto,Bajo,Sí,7,99,Alto,Sí,0,Bajo,Medio,Público,Positiva,2,Sí,Universidad,Moderada,Mujer,64,1,5
20,69,Medio,Alto,Sí,7,97,Medio,Sí,3,Medio,Alto,Público,Positiva,3,Sí,Universidad,Cercana,Mujer,68,2,5
15,60,Medio,Medio,Sí,7,81,Bajo,Sí,4,Bajo,Alto,Público,Positiva,2,No,Instituto,Cercana,Hombre,63,1,4
19,72,Alto,Medio,Sí,5,52,Bajo,Sí,1,Bajo,Medio,Público,Positiva,2,No,Instituto,Cercana,Hombre,64,1,1
14,90,Medio,Alto,Sí,7,60,Medio,Sí,2,Medio,Medio,Público,Neutral,4,No,Postgrado,Cercana,Hombre,69,2,1
25,92,Bajo,Alto,No,5,72,Medio,Sí,1,Medio,Medio,Público,Positiva,4,No,Instituto,Cercana,Mujer,71,2,3
26,68,Medio,Alto,No,6,98,Bajo,Sí,2,Medio,Medio,Privado,Neutral,3,No,Universidad,Lejana,Mujer,67,2,5
9,98,Alto,Medio,No,9,55,Bajo,Sí,3,Bajo,Medio,Público,Positiva,2,No,Instituto,Cercana,Hombre,67,2,1
14,80,Alto,Bajo,Sí,7,90,Alto,Sí,2,Bajo,Alto,Público,Negativa,2,No,Universidad,Lejana,Mujer,66,2,5
11,97,Medio,Alto,Sí,8,60,Medio,Sí,0,Medio,Bajo,Privado,Positiva,3,No,Instituto,Cercana,Hombre,67,2,1
16,88,Bajo,Alto,No,7,75,Bajo,Sí,2,Medio,Medio,Público,Neutral,4,No,Postgrado,Cercana,Mujer,68,2,3
19,89,Medio,Medio,Sí,6,88,Bajo,Sí,1,Medio,Alto,Público,Positiva,2,No,Instituto,Cercana,Mujer,69,2,4
11,63,Alto,Alto,Sí,5,85,Alto,No,0,Bajo,Alto,Público,Positiva,4,Sí,Instituto,Moderada,Mujer,62,1,4
14,69,Medio,Medio,Sí,6,89,Alto,Sí,2,Alto,Alto,Privado,Positiva,5,No,Instituto,Moderada,Mujer,66,2,4
14,60,Medio,Medio,Sí,7,91,Medio,Sí,1,Bajo,Alto,Privado,Negativa,3,No,Postgrado,Cercana,Hombre,63,1,5
21,89,Bajo,Bajo,Sí,8,65,Medio,Sí,2,Bajo,Bajo,Público,Neutral,3,No,Universidad,Cercana,Mujer,67,2,2
20,74,Alto,Medio,No,7,68,Alto,Sí,3,Medio,Medio,Público,Positiva,4,No,Instituto,Lejana,Hombre,68,2,2
16,91,Medio,Bajo,No,8,91,Bajo,Sí,2,Medio,Medio,Público,Neutral,2,No,Instituto,Lejana,Mujer,66,2,5
21,74,Medio,Medio,Sí,5,52,Medio,Sí,3,Medio,Medio,Privado,Positiva,1,No,Instituto,Cercana,Hombre,66,2,1
17,93,Alto,Medio,No,8,76,Bajo,Sí,0,Bajo,Medio,Privado,Negativa,3,No,Instituto,Moderada,Mujer,67,2,3
18,65,Alto,Medio,Sí,5,96,Medio,Sí,1,Alto,Medio,Privado,Neutral,2,No,Instituto,Cercana,Mujer,66,2,5
30,67,Medio,Medio,Sí,8,94,Medio,Sí,1,Medio,Medio,Público,Neutral,2,No,Universidad,Cercana,Mujer,69,2,5
28,74,Medio,Alto,No,8,90,Alto,Sí,2,Medio,Medio,Público,Positiva,3,No,Postgrado,Cercana,Hombre,72,2,5
12,76,Medio,Bajo,Sí,4,51,Medio,Sí,0,Bajo,Medio,Privado,Neutral,1,No,Instituto,Cercana,Mujer,60,1,1
25,74,Bajo,Alto,Sí,8,94,Alto,Sí,0,Bajo,Medio,Público,Positiva,4,No,Instituto,Moderada,Mujer,68,2,5
25,91,Bajo,Medio,Sí,8,96,Medio,Sí,3,Medio,Medio,Público,Neutral,3,No,Instituto,Cercana,Mujer,72,2,5
13,64,Medio,Alto,Sí,9,83,Bajo,Sí,1,Alto,Medio,Público,Positiva,4,No,Instituto,Cercana,Hombre,64,1,4
25,74,Bajo,Medio,Sí,6,65,Alto,Sí,0,Alto,Medio,Público,Neutral,1,No,Instituto,Moderada,Hombre,65,2,2
29,93,Alto,Alto,No,7,74,Medio,Sí,3,Medio,Alto,Privado,Positiva,3,No,Instituto,Cercana,Hombre,76,3,3
13,63,Bajo,Medio,No,8,88,Medio,Sí,0,Bajo,Medio,Privado,Negativa,2,No,Instituto,Cercana,Hombre,59,1,4
14,98,Medio,Medio,Sí,8,91,Bajo,Sí,0,Bajo,Medio,Público,Negativa,4,No,Instituto,Moderada,Hombre,67,2,5
26,99,Medio,Medio,Sí,8,67,Medio,Sí,4,Medio,Medio,Privado,Positiva,4,Sí,Instituto,Cercana,Hombre,73,2,2
22,64,Medio,Alto,No,6,66,Bajo,Sí,1,Medio,Medio,Público,Neutral,4,No,Universidad,Cercana,Hombre,64,1,2
23,72,Medio,Alto,No,8,87,Bajo,Sí,3,Medio,Bajo,Público,Neutral,3,No,Instituto,Cercana,Hombre,67,2,4
22,75,Alto,Medio,Sí,8,84,Bajo,Sí,3,Alto,Medio,Público,Negativa,3,No,Universidad,Cercana,Hombre,69,2,4
22,91,Medio,Bajo,Sí,7,76,Medio,Sí,1,Bajo,Alto,Público,Neutral,3,No,Universidad,Moderada,Mujer,69,2,3
12,84,Alto,Alto,Sí,6,71,Medio,No,2,Medio,Medio,Público,Positiva,3,No,Universidad,Moderada,Hombre,67,2,3
26,86,Medio,Alto,Sí,6,83,Medio,Sí,2,Bajo,Medio,Público,Positiva,4,No,Instituto,Cercana,Hombre,72,2,4
27,90,Bajo,Medio,No,9,52,Bajo,No,2,Bajo,Alto,Público,Positiva,2,Sí,Universidad,Cercana,Hombre,86,4,1
19,65,Medio,Alto,Sí,8,54,Medio,Sí,0,Bajo,Alto,Privado,Neutral,3,No,Instituto,Lejana,Mujer,62,1,1
20,93,Medio,Bajo,No,7,79,Medio,Sí,1,Medio,Bajo,Público,Neutral,3,No,Postgrado,Cercana,Mujer,69,2,3
11,88,Alto,Alto,Sí,7,61,Bajo,Sí,2,Medio,Medio,Público,Neutral,3,No,Postgrado,Cercana,Hombre,68,2,2
23,83,Alto,Alto,Sí,4,89,Bajo,Sí,1,Medio,Medio,Público,Negativa,3,No,Instituto,Lejana,Hombre,99,5,4
23,96,Bajo,Medio,Sí,7,89,Medio,Sí,1,Bajo,Medio,Privado,Positiva,3,No,Universidad,Lejana,Mujer,70,2,4
20,88,Bajo,Medio,Sí,5,85,Medio,Sí,2,Medio,Medio,Público,Negativa,3,No,Instituto,Cercana,Hombre,68,2,4
27,68,Medio,Medio,Sí,7,95,Bajo,Sí,0,Medio,Medio,Público,Positiva,4,No,Instituto,Cercana,Hombre,67,2,5
18,77,Alto,Medio,Sí,9,57,Bajo,Sí,1,Bajo,Alto,Público,Negativa,2,No,Postgrado,Cercana,Hombre,66,2,1
23,80,Bajo,Alto,No,6,63,Bajo,Sí,0,Alto,Medio,Privado,Positiva,2,No,Instituto,Cercana,Hombre,66,2,2
14,62,Medio,Alto,Sí,7,63,Medio,Sí,2,Bajo,Medio,Público,Positiva,2,No,Universidad,Moderada,Mujer,62,1,2
20,98,Medio,Medio,Sí,8,89,Alto,Sí,3,Alto,Medio,Público,Negativa,2,Sí,Universidad,Cercana,Hombre,72,2,4
19,65,Medio,Alto,Sí,7,76,Medio,No,0,Medio,Medio,Público,Neutral,3,No,Postgrado,Cercana,Mujer,64,1,3
21,88,Medio,Medio,Sí,6,63,Bajo,Sí,1,Medio,Medio,Público,Neutral,3,No,Instituto,Cercana,Mujer,68,2,2
18,80,Medio,Alto,Sí,7,57,Medio,Sí,2,Bajo,Bajo,Público,Positiva,3,No,Postgrado,Lejana,Mujer,66,2,1
19,61,Medio,Alto,Sí,8,95,Alto,Sí,4,Medio,Medio,Privado,Positiva,3,No,Universidad,Cercana,Hombre,68,2,5
25,97,Bajo,Alto,Sí,7,85,Alto,Sí,3,Alto,Medio,Público,Neutral,1,No,Postgrado,Cercana,Hombre,75,3,4
17,94,Bajo,Bajo,No,7,76,Alto,Sí,3,Bajo,Alto,Público,Neutral,3,Sí,Universidad,Lejana,Hombre,67,2,3
10,81,Bajo,Medio,Sí,9,98,Medio,Sí,2,Bajo,Medio,Público,Neutral,2,No,Universidad,Cercana,Hombre,65,2,5
30,69,Medio,Medio,No,8,92,Medio,Sí,2,Medio,Bajo,Público,Neutral,3,No,Instituto,Cercana,Mujer,68,2,5
28,65,Medio,Medio,Sí,5,59,Alto,Sí,2,Bajo,Medio,Privado,Neutral,5,No,Instituto,Cercana,Hombre,67,2,1
12,75,Medio,Medio,Sí,8,75,Alto,Sí,1,Bajo,Medio,Privado,Negativa,2,No,Universidad,Cercana,Mujer,63,1,3
24,70,Medio,Alto,Sí,8,74,Bajo,Sí,2,Medio,Alto,Público,Negativa,3,No,Instituto,Cercana,Hombre,67,2,3
17,80,Medio,Medio,Sí,5,92,Medio,Sí,0,Bajo,Medio,Privado,Negativa,4,No,Postgrado,Cercana,Mujer,67,2,5
22,99,Medio,Medio,Sí,4,57,Alto,Sí,2,Medio,Alto,Público,Positiva,3,No,Universidad,Cercana,Mujer,73,2,1
22,83,Medio,Medio,Sí,5,73,Alto,No,0,Bajo,Medio,Público,Positiva,3,No,Instituto,Cercana,Hombre,67,2,3
19,96,Medio,Medio,No,7,82,Medio,Sí,1,Alto,Medio,Público,Neutral,4,No,Postgrado,Cercana,Hombre,71,2,4
15,86,Bajo,Medio,No,9,97,Medio,Sí,2,Medio,Medio,Público,Negativa,4,No,Instituto,Cercana,Hombre,67,2,5
16,79,Alto,Bajo,Sí,6,95,Medio,Sí,0,Alto,Medio,Público,Neutral,5,No,Universidad,Cercana,Hombre,68,2,5
15,94,Bajo,Bajo,Sí,8,77,Medio,Sí,1,Alto,Alto,Privado,Positiva,1,No,Universidad,Cercana,Hombre,68,2,3
15,79,Alto,Medio,Sí,4,80,Medio,Sí,1,Alto,Medio,Privado,Negativa,4,No,Instituto,Lejana,Hombre,66,2,4
20,95,Alto,Bajo,Sí,7,93,Bajo,No,0,Bajo,Alto,Público,Neutral,2,No,Instituto,Cercana,Hombre,68,2,5
16,72,Medio,Bajo,No,6,87,Medio,No,2,Medio,Bajo,Privado,Positiva,4,No,Instituto,Cercana,Mujer,63,1,4
24,65,Alto,Alto,No,10,94,Medio,Sí,2,Medio,Medio,Público,Neutral,2,No,Postgrado,Moderada,Hombre,68,2,5
29,94,Bajo,Alto,Sí,4,95,Medio,Sí,1,Medio,Medio,Público,Positiva,5,No,Instituto,Cercana,Hombre,74,3,5
17,83,Bajo,Medio,Sí,7,92,Bajo,Sí,3,Bajo,Medio,Público,Neutral,2,Sí,Instituto,Moderada,Hombre,65,2,5
21,96,Medio,Medio,Sí,4,50,Medio,Sí,1,Bajo,Bajo,Privado,Positiva,2,No,Postgrado,Moderada,Hombre,69,2,1
23,98,Medio,Alto,No,6,66,Medio,Sí,1,Bajo,Medio,Público,Neutral,1,No,Instituto,Moderada,Hombre,70,2,2
23,62,Medio,Bajo,Sí,4,70,Alto,Sí,3,Medio,Alto,Público,Positiva,2,No,Universidad,Moderada,Mujer,65,2,2
20,80,Medio,Medio,No,10,84,Medio,Sí,1,Medio,Medio,Público,Positiva,4,No,Universidad,Cercana,Hombre,68,2,4
24,75,Bajo,Medio,No,6,65,Medio,No,0,Medio,Medio,Público,Positiva,5,No,Universidad,Moderada,Hombre,65,2,2
23,85,Medio,Alto,No,7,66,Bajo,No,0,Alto,Alto,Público,Neutral,2,No,Universidad,Cercana,Hombre,68,2,2
13,92,Medio,Alto,Sí,7,70,Bajo,Sí,4,Bajo,Medio,Público,Neutral,3,No,Instituto,Cercana,Hombre,68,2,2
25,71,Medio,Medio,Sí,5,98,Bajo,Sí,0,Bajo,Medio,Público,Positiva,1,No,Postgrado,Lejana,Hombre,66,2,5
25,82,Alto,Medio,No,9,72,Alto,Sí,0,Alto,Medio,Público,Positiva,0,No,Universidad,Cercana,Mujer,70,2,3
15,88,Medio,Medio,No,8,57,Medio,Sí,1,Alto,Medio,Privado,Positiva,2,No,Instituto,Lejana,Hombre,66,2,1
20,65,Medio,Alto,Sí,8,50,Medio,Sí,0,Bajo,Medio,Público,Positiva,5,No,Instituto,Cercana,Hombre,64,1,1
24,93,Medio,Alto,No,5,62,Medio,Sí,1,Bajo,Medio,Público,Neutral,1,No,Universidad,Cercana,Mujer,70,2,2
19,84,Alto,Medio,No,9,97,Bajo,Sí,1,Alto,Medio,Público,Negativa,3,Sí,Instituto,Cercana,Hombre,68,2,5
26,98,Bajo,Alto,Sí,9,98,Bajo,Sí,4,Bajo,Bajo,Público,Positiva,2,No,Universidad,Moderada,Hombre,74,3,5
34,74,Alto,Bajo,Sí,7,76,Medio,Sí,2,Bajo,Alto,Público,Positiva,2,No,Universidad,Cercana,Mujer,71,2,3
15,64,Medio,Medio,Sí,8,82,Bajo,Sí,0,Bajo,Medio,Público,Negativa,3,No,Instituto,Cercana,Hombre,61,1,4
12,80,Medio,Bajo,No,7,90,Medio,Sí,3,Bajo,Medio,Público,Neutral,3,No,Instituto,Cercana,Mujer,64,1,5
22,63,Alto,Bajo,No,5,53,Alto,Sí,2,Alto,Medio,Público,Neutral,1,No,Postgrado,Moderada,Hombre,64,1,1
24,99,Alto,Medio,Sí,7,69,Medio,Sí,0,Medio,Medio,Privado,Positiva,3,No,Instituto,Cercana,Hombre,73,2,2
19,62,Medio,Alto,Sí,6,82,Medio,Sí,0,Bajo,Alto,Público,Negativa,3,Sí,Universidad,Moderada,Hombre,62,1,4
29,90,Bajo,Medio,Sí,7,95,Medio,Sí,0,Alto,Alto,Público,Neutral,2,Sí,Instituto,Cercana,Hombre,71,2,5
12,81,Alto,Medio,Sí,9,86,Medio,Sí,2,Medio,Alto,Público,Negativa,2,No,Postgrado,Cercana,Hombre,68,2,4
24,75,Medio,Bajo,Sí,5,68,Alto,Sí,2,Medio,Medio,Público,Neutral,2,No,Postgrado,Cercana,Hombre,67,2,2
16,63,Medio,Medio,No,6,95,Alto,Sí,1,Medio,Medio,Público,Negativa,4,No,Universidad,Lejana,Mujer,63,1,5
30,85,Bajo,Medio,No,6,83,Medio,Sí,2,Medio,Medio,Público,Positiva,3,No,Universidad,Cercana,Mujer,71,2,4
32,83,Medio,Medio,Sí,6,92,Bajo,Sí,1,Alto,Medio,Público,Neutral,3,No,Instituto,Cercana,Hombre,72,2,5
15,71,Alto,Medio,No,6,69,Alto,No,3,Medio,Alto,Público,Positiva,3,No,Postgrado,Moderada,Mujer,66,2,2
17,96,Medio,Medio,Sí,7,50,Bajo,Sí,1,Medio,Medio,Privado,Negativa,4,No,Instituto,Cercana,Mujer,67,2,1
25,72,Alto,Medio,Sí,8,58,Medio,Sí,0,Bajo,Medio,Público,Negativa,4,No,Universidad,Moderada,Mujer,66,2,1
18,78,Bajo,Medio,No,8,96,Medio,Sí,4,Alto,Medio,Público,Positiva,4,Sí,Universidad,Cercana,Hombre,68,2,5
20,82,Bajo,Bajo,Sí,7,52,Bajo,Sí,0,Medio,Medio,Privado,Neutral,3,No,Universidad,Cercana,Mujer,64,1,1
20,64,Medio,Medio,Sí,8,80,Alto,Sí,1,Medio,Medio,Privado,Positiva,3,No,Instituto,Cercana,Hombre,65,2,4
8,97,Alto,Medio,Sí,10,70,Alto,Sí,0,Bajo,Bajo,Público,Neutral,1,No,Instituto,Cercana,Hombre,66,2,2
20,75,Alto,Alto,Sí,7,71,Alto,Sí,1,Medio,Alto,Público,Positiva,4,No,Universidad,Moderada,Hombre,69,2,3
16,63,Alto,Alto,No,9,70,Bajo,Sí,2,Medio,Alto,Privado,Negativa,5,No,Universidad,Moderada,Mujer,64,1,2
17,75,Bajo,Alto,Sí,8,53,Medio,Sí,1,Bajo,Alto,Público,Positiva,3,No,Universidad,Cercana,Mujer,65,2,1
29,84,Alto,Medio,Sí,10,56,Alto,Sí,3,Bajo,Alto,Público,Neutral,4,No,Postgrado,Lejana,Mujer,72,2,1
12,81,Alto,Medio,No,8,53,Bajo,Sí,1,Medio,Alto,Privado,Positiva,3,No,Universidad,Cercana,Hombre,65,2,1
25,88,Bajo,Alto,Sí,6,53,Medio,Sí,2,Medio,Alto,Público,Negativa,4,No,Universidad,Cercana,Mujer,70,2,1
18,62,Medio,Medio,Sí,7,54,Medio,Sí,2,Medio,Alto,Privado,Positiva,3,No,Postgrado,Moderada,Hombre,64,1,1
18,71,Medio,Bajo,Sí,7,85,Bajo,Sí,1,Bajo,Bajo,Público,Neutral,2,No,Instituto,Moderada,Hombre,62,1,4
25,93,Medio,Alto,No,8,56,Alto,Sí,0,Bajo,Bajo,Privado,Neutral,3,No,Instituto,Cercana,Hombre,69,2,1
22,63,Alto,Bajo,No,6,63,Bajo,Sí,1,Medio,Bajo,Público,Negativa,2,No,Postgrado,Moderada,Hombre,62,1,2
23,94,Bajo,Bajo,Sí,9,83,Medio,Sí,2,Bajo,Medio,Privado,Positiva,2,No,Instituto,Cercana,Mujer,69,2,4
26,64,Medio,Alto,No,7,56,Medio,Sí,3,Medio,Medio,Público,Positiva,3,No,Instituto,Cercana,Hombre,66,2,1
18,93,Medio,Alto,Sí,8,96,Medio,Sí,2,Medio,Bajo,Público,Positiva,2,No,Instituto,Moderada,Mujer,71,2,5
16,74,Medio,Alto,Sí,7,74,Bajo,Sí,4,Bajo,Bajo,Privado,Positiva,3,No,Instituto,Cercana,Hombre,66,2,3
13,84,Alto,Medio,No,7,98,Medio,No,0,Bajo,Bajo,Público,Neutral,4,Sí,Instituto,Cercana,Hombre,64,1,5
15,66,Medio,Alto,Sí,7,60,Alto,Sí,2,Alto,Medio,Privado,Negativa,3,No,Instituto,Moderada,Mujer,63,1,1
38,63,Medio,Alto,No,8,52,Alto,Sí,1,Medio,Medio,Privado,Positiva,3,No,Universidad,Moderada,Hombre,69,2,1
27,69,Alto,Alto,Sí,10,80,Medio,No,1,Medio,Alto,Público,Positiva,4,Sí,Instituto,Cercana,Mujer,68,2,4
12,65,Alto,Alto,Sí,4,66,Medio,Sí,0,Medio,Alto,Público,Neutral,2,No,Instituto,Cercana,Mujer,63,1,2
12,72,Medio,Medio,Sí,8,79,Alto,Sí,1,Alto,Medio,Público,Positiva,3,No,Universidad,Lejana,Hombre,64,1,3
23,81,Medio,Bajo,Sí,7,74,Medio,Sí,0,Bajo,Medio,Público,Neutral,0,No,Postgrado,Cercana,Mujer,66,2,3
23,84,Medio,Alto,Sí,7,73,Medio,Sí,1,Alto,Medio,Público,Positiva,4,No,Instituto,Cercana,Hombre,71,2,3
23,92,Alto,Medio,Sí,4,93,Alto,Sí,0,Alto,Medio,Público,Negativa,4,No,Instituto,Cercana,Mujer,72,2,5
18,86,Alto,Medio,No,8,60,Medio,Sí,2,Bajo,Alto,Privado,Neutral,1,No,Universidad,Cercana,Hombre,88,4,1
19,84,Medio,Alto,Sí,7,75,Bajo,Sí,1,Bajo,Medio,Público,Negativa,2,No,Universidad,Lejana,Hombre,66,2,3
22,76,Medio,Medio,Sí,6,71,Medio,Sí,0,Bajo,Alto,Privado,Neutral,2,No,Instituto,Moderada,Hombre,65,2,3
21,79,Bajo,Medio,Sí,7,84,Bajo,Sí,2,Medio,Medio,Privado,Neutral,3,No,Instituto,Cercana,Hombre,66,2,4
7,77,Bajo,Medio,Sí,7,53,Alto,Sí,4,Bajo,Medio,Privado,Positiva,2,No,Universidad,Moderada,Mujer,62,1,1
19,94,Medio,Bajo,No,4,76,Medio,Sí,4,Bajo,Alto,Privado,Negativa,3,No,Instituto,Moderada,Mujer,68,2,3
15,69,Medio,Medio,Sí,7,74,Alto,Sí,2,Bajo,Medio,Privado,Neutral,5,No,Postgrado,Cercana,Mujer,65,2,3
21,60,Bajo,Alto,No,8,99,Bajo,Sí,0,Bajo,Bajo,Privado,Positiva,3,No,Instituto,Cercana,Hombre,62,1,5
38,86,Alto,Medio,No,6,88,Alto,Sí,1,Bajo,Alto,Público,Negativa,4,No,Instituto,Moderada,Mujer,74,3,4
22,68,Medio,Bajo,Sí,7,58,Medio,Sí,0,Medio,Medio,Público,Neutral,3,No,Postgrado,Cercana,Hombre,64,1,1
18,96,Alto,Alto,No,7,75,Alto,Sí,2,Medio,Alto,Público,Negativa,2,No,Instituto,Cercana,Hombre,72,2,3
26,94,Medio,Medio,No,9,89,Medio,Sí,0,Bajo,Medio,Público,Neutral,3,Sí,Instituto,Cercana,Mujer,70,2,4
23,63,Alto,Medio,No,7,76,Medio,Sí,2,Medio,Alto,Público,Positiva,1,No,Instituto,Lejana,Hombre,65,2,3
23,64,Medio,Alto,Sí,8,68,Bajo,Sí,3,Bajo,Alto,Público,Neutral,3,No,Instituto,Cercana,Mujer,66,2,2
24,80,Medio,Medio,Sí,7,69,Bajo,Sí,0,Medio,Alto,Privado,Positiva,3,No,Universidad,Lejana,Hombre,67,2,2
32,84,Medio,Alto,Sí,10,68,Medio,Sí,1,Bajo,Medio,Público,Positiva,5,No,Instituto,Cercana,Hombre,73,2,2
13,71,Medio,Alto,Sí,6,51,Bajo,Sí,4,Alto,Medio,Público,Positiva,4,No,Universidad,Moderada,Mujer,65,2,1
23,89,Alto,Alto,No,6,87,Medio,Sí,4,Medio,Alto,Privado,Neutral,3,No,Universidad,Cercana,Mujer,74,3,4
14,84,Medio,Medio,No,7,81,Medio,Sí,0,Alto,Medio,Público,Neutral,2,No,Universidad,Cercana,Mujer,66,2,4
23,73,Medio,Medio,No,6,63,Medio,Sí,1,Alto,Medio,Público,Positiva,3,No,Instituto,Cercana,Hombre,67,2,2
14,61,Medio,Medio,No,5,82,Bajo,No,0,Bajo,Medio,Público,Neutral,0,No,Instituto,Cercana,Mujer,58,1,4
17,90,Alto,Alto,No,8,65,Medio,Sí,2,Bajo,Alto,Público,Positiva,3,No,Postgrado,Moderada,Hombre,71,2,2
18,69,Bajo,Alto,Sí,4,62,Alto,Sí,1,Medio,Bajo,Público,Neutral,3,No,Instituto,Moderada,Hombre,63,1,2
26,93,Bajo,Alto,No,6,87,Medio,Sí,1,Medio,Alto,Público,Positiva,3,No,Universidad,Cercana,Mujer,73,2,4
26,77,Alto,Medio,Sí,5,90,Medio,Sí,1,Medio,Medio,Privado,Neutral,2,No,Instituto,Lejana,Mujer,68,2,5
13,83,Bajo,Medio,Sí,7,81,Medio,Sí,4,Bajo,Medio,Público,Negativa,5,No,Universidad,Cercana,Mujer,66,2,4
20,95,Bajo,Medio,No,4,89,Medio,Sí,3,Bajo,Medio,Público,Negativa,3,Sí,Instituto,Cercana,Hombre,68,2,4
16,95,Medio,Bajo,No,8,68,Bajo,No,2,Medio,Alto,Público,Neutral,4,No,Instituto,Cercana,Mujer,66,2,2
12,75,Medio,Alto,No,8,54,Bajo,Sí,1,Medio,Alto,Público,Negativa,3,No,Instituto,Cercana,Mujer,62,1,1
19,68,Medio,Medio,Sí,5,80,Medio,Sí,0,Medio,Medio,Público,Neutral,3,Sí,Instituto,Moderada,Hombre,78,3,4
18,91,Medio,Medio,No,7,63,Medio,Sí,1,Medio,Medio,Público,Negativa,4,No,Universidad,Cercana,Hombre,68,2,2
35,77,Alto,Alto,Sí,8,89,Medio,Sí,5,Alto,Medio,Público,Positiva,4,No,Universidad,Cercana,Mujer,77,3,4
23,68,Alto,Bajo,Sí,8,68,Medio,Sí,1,Medio,Medio,Público,Neutral,2,No,Universidad,Cercana,Hombre,65,2,2
12,96,Alto,Alto,Sí,5,84,Bajo,Sí,3,Alto,Medio,Público,Positiva,4,No,Postgrado,Cercana,Mujer,73,2,4
17,68,Medio,Bajo,Sí,5,78,Medio,Sí,4,Bajo,Bajo,Público,Positiva,2,No,Universidad,Cercana,Hombre,64,1,3
26,61,Bajo,Alto,Sí,9,91,Medio,No,0,Alto,Alto,Privado,Positiva,4,No,Universidad,Cercana,Mujer,67,2,5
33,61,Alto,Medio,No,6,92,Medio,Sí,1,Medio,Medio,Público,Positiva,4,No,Instituto,Cercana,Mujer,69,2,5
10,85,Bajo,Bajo,Sí,6,53,Alto,Sí,1,Bajo,Medio,Privado,Neutral,3,Sí,Instituto,Moderada,Hombre,60,1,1
9,86,Alto,Medio,No,8,65,Alto,Sí,0,Medio,Medio,Público,Positiva,3,No,Universidad,Cercana,Mujer,66,2,2
31,72,Bajo,Alto,Sí,5,94,Alto,Sí,2,Bajo,Bajo,Público,Positiva,2,No,Instituto,Cercana,Hombre,70,2,5
22,73,Alto,Medio,Sí,7,70,Bajo,No,2,Bajo,Medio,Público,Positiva,3,No,Universidad,Cercana,Hombre,66,2,2
15,74,Alto,Medio,Sí,8,76,Medio,Sí,1,Medio,Bajo,Público,Neutral,4,No,Instituto,Lejana,Hombre,64,1,3
23,87,Medio,Alto,No,5,59,Medio,Sí,1,Alto,Bajo,Público,Neutral,4,No,Universidad,Cercana,Hombre,70,2,1
4,62,Medio,Medio,No,6,78,Alto,Sí,3,Alto,Medio,Público,Neutral,2,No,Instituto,Lejana,Mujer,58,1,3
20,97,Medio,Alto,Sí,5,63,Medio,Sí,0,Bajo,Medio,Público,Negativa,3,No,Universidad,Lejana,Mujer,69,2,2
22,69,Medio,Medio,Sí,6,91,Bajo,Sí,0,Alto,Alto,Privado,Neutral,1,Sí,Instituto,Moderada,Hombre,64,1,5
26,100,Bajo,Medio,No,9,60,Medio,Sí,2,Medio,Medio,Público,Positiva,4,No,Instituto,Cercana,Hombre,72,2,1
14,67,Medio,Medio,Sí,9,68,Bajo,Sí,1,Bajo,Medio,Público,Neutral,3,Sí,Instituto,Cercana,Hombre,60,1,2
21,91,Medio,Medio,Sí,7,55,Alto,Sí,2,Alto,Medio,Privado,Neutral,3,No,Instituto,Cercana,Mujer,70,2,1
14,69,Medio,Bajo,Sí,8,79,Medio,Sí,1,Alto,Medio,Público,Negativa,1,No,Postgrado,Moderada,Mujer,62,1,3
22,63,Medio,Medio,Sí,8,97,Medio,Sí,1,Alto,Alto,Público,Neutral,3,No,Instituto,Moderada,Mujer,66,2,5
15,95,Medio,Medio,Sí,6,59,Bajo,Sí,0,Medio,Medio,Privado,Positiva,5,No,Instituto,Lejana,Mujer,66,2,1
18,94,Bajo,Medio,Sí,7,51,Medio,Sí,1,Bajo,Medio,Público,Neutral,3,Sí,Universidad,Moderada,Hombre,65,2,1
14,76,Alto,Medio,Sí,5,71,Medio,Sí,1,Bajo,Medio,Público,Negativa,3,No,Instituto,Cercana,Hombre,64,1,3
24,88,Alto,Medio,Sí,6,87,Medio,Sí,1,Alto,Bajo,Privado,Positiva,3,No,Instituto,Cercana,Mujer,72,2,4
25,82,Medio,Medio,Sí,7,99,Alto,Sí,3,Bajo,Alto,Público,Neutral,2,No,Instituto,Cercana,Mujer,71,2,5
19,94,Bajo,Alto,No,5,53,Medio,Sí,1,Medio,Medio,Público,Neutral,3,No,Instituto,Cercana,Mujer,68,2,1
20,73,Alto,Medio,Sí,5,89,Medio,Sí,2,Medio,Alto,Público,Positiva,5,Sí,Instituto,Moderada,Mujer,68,2,4
11,81,Bajo,Medio,Sí,6,68,Alto,Sí,2,Alto,Medio,Privado,Negativa,3,No,Postgrado,Lejana,Mujer,64,1,2
18,79,Bajo,Medio,Sí,9,58,Medio,Sí,3,Medio,Alto,Público,Negativa,3,No,Instituto,Cercana,Mujer,65,2,1
20,74,Medio,Alto,Sí,9,60,Medio,No,1,Bajo,Medio,Público,Positiva,3,No,Instituto,Moderada,Mujer,64,1,1
36,96,Medio,Bajo,No,7,96,Medio,Sí,1,Bajo,Alto,Público,Positiva,3,No,Universidad,Moderada,Mujer,75,3,5
13,67,Bajo,Medio,Sí,8,90,Medio,Sí,2,Bajo,Medio,Privado,Negativa,2,No,Instituto,Cercana,Hombre,61,1,5
29,66,Alto,Alto,No,6,66,Medio,Sí,0,Medio,Medio,Privado,Negativa,3,No,Postgrado,Cercana,Hombre,68,2,2
26,83,Medio,Medio,No,4,97,Bajo,Sí,2,Bajo,Alto,Público,Negativa,4,No,Universidad,Moderada,Hombre,70,2,5
22,86,Alto,Medio,No,6,55,Medio,Sí,5,Alto,Bajo,Privado,Negativa,3,No,Postgrado,Cercana,Mujer,71,2,1
31,68,Bajo,Alto,Sí,7,66,Bajo,Sí,0,Bajo,Medio,Público,Positiva,3,No,Instituto,Cercana,Hombre,66,2,2
22,76,Alto,Bajo,Sí,7,83,Bajo,Sí,0,Bajo,Medio,Público,Positiva,1,No,Universidad,Cercana,Hombre,66,2,4
22,98,Medio,Medio,Sí,7,100,Bajo,Sí,0,Bajo,Medio,Público,Neutral,3,No,Instituto,Lejana,Hombre,70,2,5
20,70,Bajo,Medio,No,7,73,Medio,Sí,0,Bajo,Medio,Público,Negativa,5,No,Instituto,Cercana,Mujer,62,1,3
27,87,Alto,Bajo,Sí,6,91,Bajo,Sí,4,Alto,Medio,Público,Neutral,4,No,Instituto,Moderada,Hombre,72,2,5
27,90,Alto,Medio,No,8,96,Alto,Sí,0,Medio,Medio,Público,Negativa,4,No,Instituto,Moderada,Hombre,72,2,5
16,78,Bajo,Medio,Sí,5,50,Medio,Sí,2,Bajo,Medio,Privado,Positiva,2,No,Universidad,Moderada,Hombre,63,1,1
12,98,Alto,Bajo,Sí,8,64,Medio,No,5,Bajo,Medio,Público,Neutral,5,No,Universidad,Cercana,Mujer,69,2,2
19,89,Medio,Medio,Sí,6,55,Medio,Sí,0,Medio,Alto,Público,Positiva,2,No,Postgrado,Moderada,Hombre,68,2,1
15,78,Alto,Alto,Sí,10,89,Bajo,Sí,0,Medio,Medio,Público,Neutral,3,No,Instituto,Cercana,Hombre,67,2,4
20,83,Alto,Alto,Sí,7,78,Alto,Sí,3,Bajo,Medio,Privado,Neutral,2,No,Universidad,Cercana,Mujer,71,2,3
27,88,Bajo,Medio,Sí,6,55,Bajo,No,2,Bajo,Medio,Público,Positiva,5,No,Instituto,Lejana,Hombre,67,2,1
17,84,Bajo,Bajo,Sí,6,71,Bajo,Sí,0,Medio,Medio,Privado,Negativa,4,Sí,Instituto,Cercana,Hombre,62,1,3
20,95,Medio,Medio,No,6,76,Medio,Sí,0,Bajo,Alto,Privado,Positiva,4,No,Instituto,Moderada,Mujer,69,2,3
20,74,Alto,Medio,Sí,8,85,Medio,Sí,2,Bajo,Medio,Público,Positiva,0,No,Instituto,Cercana,Hombre,67,2,4
25,72,Medio,Alto,Sí,7,89,Medio,Sí,2,Bajo,Alto,Público,Positiva,3,No,Postgrado,Cercana,Mujer,71,2,4
7,69,Medio,Alto,Sí,8,54,Alto,Sí,1,Medio,Alto,Público,Positiva,2,No,Instituto,Lejana,Hombre,87,4,1
16,62,Bajo,Medio,No,8,74,Medio,Sí,2,Alto,Alto,Privado,Neutral,3,No,Instituto,Moderada,Hombre,62,1,3
21,62,Alto,Bajo,Sí,7,58,Medio,Sí,2,Bajo,Alto,Público,Positiva,1,No,Universidad,Cercana,Mujer,64,1,1
27,95,Medio,Alto,No,8,88,Alto,Sí,3,Medio,Medio,Privado,Positiva,2,No,Instituto,Lejana,Mujer,74,3,4
17,87,Alto,Alto,Sí,9,83,Medio,Sí,0,Bajo,Alto,Público,Neutral,2,No,Universidad,Moderada,Hombre,69,2,4
9,86,Alto,Medio,No,8,86,Medio,Sí,1,Bajo,Alto,Público,Neutral,1,No,Instituto,Cercana,Hombre,65,2,4
24,85,Bajo,Medio,Sí,7,54,Medio,No,2,Medio,Bajo,Público,Neutral,3,No,Universidad,Moderada,Mujer,66,2,1
16,94,Medio,Medio,Sí,8,76,Bajo,Sí,3,Medio,Medio,Público,Negativa,4,No,Postgrado,Cercana,Mujer,70,2,3
13,79,Alto,Alto,No,5,92,Medio,Sí,3,Medio,Medio,Público,Neutral,3,No,Instituto,Cercana,Hombre,68,2,5
16,95,Bajo,Bajo,No,10,86,Medio,Sí,4,Alto,Medio,Público,Positiva,2,No,Universidad,Cercana,Mujer,70,2,4
19,74,Alto,Alto,No,8,93,Alto,Sí,1,Medio,Medio,Público,Negativa,3,No,Instituto,Cercana,Hombre,68,2,5
16,97,Alto,Bajo,Sí,8,60,Medio,Sí,0,Bajo,Alto,Público,Positiva,3,No,Instituto,Cercana,Hombre,69,2,1
7,88,Medio,Alto,Sí,7,64,Bajo,Sí,2,Medio,Alto,Público,Neutral,4,No,Postgrado,Moderada,Hombre,66,2,2
25,70,Medio,Medio,Sí,4,72,Medio,Sí,0,Bajo,Bajo,Público,Neutral,4,No,Universidad,Moderada,Hombre,65,2,3
28,83,Medio,Medio,Sí,7,76,Medio,Sí,1,Medio,Medio,Público,Positiva,3,No,Universidad,Cercana,Hombre,71,2,3
24,81,Medio,Bajo,Sí,7,63,Medio,Sí,1,Bajo,Medio,Público,Positiva,3,No,Instituto,Moderada,Hombre,66,2,2
13,66,Bajo,Medio,Sí,6,69,Bajo,Sí,2,Bajo,Medio,Privado,Positiva,4,No,Instituto,Cercana,Hombre,61,1,2
19,84,Medio,Medio,Sí,6,84,Medio,Sí,3,Medio,Alto,Público,Neutral,2,No,Postgrado,Moderada,Hombre,69,2,4
20,73,Medio,Medio,No,6,82,Bajo,Sí,1,Medio,Alto,Privado,Negativa,3,No,Universidad,Cercana,Hombre,65,2,4
24,62,Medio,Medio,Sí,8,56,Medio,Sí,0,Medio,Medio,Privado,Positiva,2,No,Universidad,Moderada,Hombre,63,1,1
24,98,Medio,Bajo,Sí,9,99,Alto,Sí,2,Bajo,Alto,Público,Neutral,2,No,Postgrado,Lejana,Mujer,73,2,5
16,86,Alto,Medio,Sí,7,78,Bajo,Sí,1,Bajo,Medio,Privado,Positiva,4,No,Postgrado,Moderada,Hombre,68,2,3
20,95,Medio,Medio,Sí,6,74,Medio,Sí,1,Alto,Bajo,Público,Positiva,4,No,Instituto,Lejana,Mujer,70,2,3
23,87,Medio,Medio,Sí,6,98,Medio,Sí,3,Medio,Medio,Público,Neutral,3,No,Universidad,Cercana,Hombre,72,2,5
29,74,Alto,Medio,Sí,7,57,Medio,No,3,Medio,Medio,Privado,Positiva,2,No,Instituto,Moderada,Hombre,68,2,1
24,81,Medio,Medio,No,7,77,Medio,Sí,0,Alto,Medio,Privado,Positiva,3,No,Instituto,Cercana,Hombre,68,2,3
25,87,Alto,Medio,Sí,8,90,Medio,Sí,1,Bajo,Medio,Público,Negativa,4,No,Instituto,Cercana,Mujer,71,2,5
21,98,Bajo,Bajo,Sí,6,70,Medio,Sí,1,Medio,Medio,Público,Positiva,3,No,Instituto,Moderada,Hombre,68,2,2
28,70,Alto,Bajo,Sí,8,87,Alto,Sí,3,Bajo,Medio,Público,Neutral,3,No,Postgrado,Moderada,Hombre,70,2,4
22,95,Medio,Bajo,Sí,8,95,Medio,No,2,Bajo,Alto,Privado,Neutral,4,No,Instituto,Cercana,Mujer,70,2,5
15,97,Alto,Medio,Sí,6,63,Bajo,Sí,2,Medio,Medio,Público,Neutral,3,No,Instituto,Cercana,Mujer,69,2,2
28,87,Alto,Medio,Sí,4,62,Alto,Sí,2,Bajo,Alto,Público,Positiva,4,No,Instituto,Cercana,Mujer,73,2,2
24,97,Medio,Medio,Sí,6,68,Bajo,Sí,1,Medio,Alto,Público,Neutral,4,No,Universidad,Cercana,Hombre,72,2,2
17,76,Medio,Alto,No,9,71,Medio,Sí,0,Medio,Alto,Público,Neutral,3,No,Postgrado,Cercana,Hombre,67,2,3
17,98,Alto,Medio,No,4,56,Medio,Sí,2,Bajo,Bajo,Privado,Positiva,3,No,Instituto,Cercana,Mujer,69,2,1
22,88,Bajo,Medio,Sí,9,62,Medio,Sí,1,Alto,Medio,Privado,Negativa,3,No,Universidad,Cercana,Hombre,68,2,2
23,62,Alto,Bajo,No,4,94,Medio,Sí,0,Medio,Bajo,Privado,Positiva,3,No,Postgrado,Lejana,Mujer,64,1,5
21,96,Bajo,Alto,Sí,6,78,Bajo,Sí,2,Medio,Alto,Privado,Neutral,3,No,Instituto,Moderada,Mujer,71,2,3
22,79,Alto,Medio,Sí,6,63,Medio,Sí,1,Medio,Alto,Público,Neutral,4,No,Instituto,Cercana,Mujer,68,2,2
30,78,Medio,Alto,Sí,10,97,Medio,Sí,1,Bajo,Bajo,Privado,Positiva,2,No,Instituto,Lejana,Hombre,70,2,5
26,83,Medio,Alto,Sí,7,89,Medio,Sí,3,Bajo,Medio,Privado,Positiva,3,No,Instituto,Moderada,Hombre,72,2,4
21,66,Bajo,Alto,Sí,7,68,Alto,Sí,2,Bajo,Medio,Público,Positiva,1,No,Instituto,Cercana,Mujer,65,2,2
26,79,Medio,Alto,No,6,88,Medio,Sí,1,Bajo,Alto,Público,Positiva,3,Sí,Universidad,Cercana,Hombre,70,2,4
14,93,Medio,Medio,No,8,80,Bajo,Sí,2,Bajo,Medio,Privado,Positiva,4,No,Postgrado,Cercana,Hombre,69,2,4
22,61,Medio,Medio,No,6,84,Bajo,Sí,0,Medio,Medio,Público,Positiva,2,No,Postgrado,Cercana,Hombre,64,1,4
31,71,Bajo,Alto,Sí,7,66,Medio,Sí,3,Bajo,Medio,Privado,Negativa,1,No,Instituto,Cercana,Hombre,67,2,2
19,60,Alto,Alto,Sí,6,60,Alto,Sí,1,Bajo,Medio,Público,Positiva,2,No,Universidad,Cercana,Hombre,65,2,1
15,77,Bajo,Medio,Sí,8,63,Medio,Sí,0,Medio,Medio,Público,Neutral,1,No,Instituto,Cercana,Mujer,62,1,2
16,89,Alto,Medio,No,8,54,Medio,Sí,2,Bajo,Alto,Privado,Positiva,2,No,Universidad,Moderada,Hombre,68,2,1
13,92,Medio,Alto,No,6,74,Alto,Sí,2,Bajo,Medio,Privado,Neutral,2,No,Universidad,Cercana,Hombre,68,2,3
15,98,Medio,Medio,No,6,70,Bajo,Sí,1,Medio,Alto,Privado,Positiva,3,No,Instituto,Moderada,Hombre,68,2,2
18,84,Medio,Bajo,Sí,6,50,Medio,Sí,4,Alto,Alto,Privado,Negativa,3,No,Postgrado,Cercana,Hombre,68,2,1
12,70,Medio,Medio,Sí,7,93,Medio,Sí,1,Bajo,Alto,Público,Neutral,4,No,Instituto,Lejana,Mujer,62,1,5
20,97,Medio,Bajo,Sí,8,84,Bajo,Sí,4,Medio,Medio,Público,Positiva,5,No,Instituto,Cercana,Mujer,72,2,4
25,91,Bajo,Medio,No,7,72,Medio,Sí,1,Medio,Alto,Privado,Neutral,3,No,Universidad,Lejana,Hombre,69,2,3
15,83,Medio,Alto,No,4,98,Bajo,Sí,3,Bajo,Alto,Público,Positiva,3,No,Instituto,Moderada,Mujer,68,2,5
29,88,Bajo,Medio,Sí,8,97,Medio,Sí,4,Bajo,Alto,Público,Negativa,3,Sí,Universidad,Moderada,Hombre,71,2,5
23,97,Bajo,Alto,Sí,5,55,Medio,Sí,0,Medio,Bajo,Público,Neutral,3,No,Instituto,Moderada,Mujer,69,2,1
26,88,Bajo,Alto,No,6,81,Medio,Sí,1,Alto,Medio,Público,Positiva,2,No,Instituto,Cercana,Hombre,71,2,4
16,75,Medio,Alto,Sí,7,91,Bajo,Sí,2,Bajo,Bajo,Público,Positiva,5,No,Instituto,Lejana,Hombre,65,2,5
25,89,Medio,Alto,No,7,59,Medio,Sí,1,Bajo,Medio,Público,Neutral,4,Sí,Instituto,Cercana,Hombre,68,2,1
13,62,Medio,Medio,Sí,8,56,Bajo,Sí,1,Bajo,Alto,Público,Positiva,4,Sí,Instituto,Cercana,Mujer,60,1,1
25,75,Medio,Medio,Sí,6,63,Bajo,Sí,3,Alto,Medio,Privado,Neutral,4,No,Instituto,Cercana,Hombre,68,2,2
21,76,Bajo,Alto,No,6,64,Medio,Sí,1,Medio,Medio,Público,Neutral,4,No,Instituto,Cercana,Mujer,66,2,2
23,67,Medio,Medio,No,7,98,Bajo,Sí,4,Bajo,Medio,Privado,Neutral,3,No,Instituto,Moderada,Hombre,66,2,5
13,61,Medio,Medio,Sí,8,89,Bajo,Sí,4,Bajo,Medio,Privado,Neutral,4,No,Instituto,Lejana,Mujer,62,1,4
15,65,Medio,Medio,No,8,53,Medio,Sí,2,Bajo,Medio,Público,Negativa,3,No,Universidad,Cercana,Hombre,61,1,1
24,86,Alto,Medio,No,7,89,Bajo,Sí,2,Bajo,Medio,Público,Negativa,3,No,Postgrado,Lejana,Mujer,69,2,4
14,92,Medio,Alto,Sí,9,58,Alto,Sí,1,Alto,Bajo,Público,Positiva,2,No,Instituto,Cercana,Hombre,69,2,1
23,100,Medio,Medio,Sí,9,68,Medio,Sí,4,Alto,Alto,Privado,Negativa,3,No,Postgrado,Cercana,Hombre,74,3,2
12,74,Medio,Alto,Sí,8,66,Bajo,Sí,1,Bajo,Medio,Público,Negativa,4,No,Instituto,Cercana,Mujer,62,1,2
25,84,Medio,Medio,Sí,5,64,Medio,Sí,0,Bajo,Medio,Público,Negativa,3,No,Universidad,Moderada,Mujer,67,2,2
13,97,Alto,Medio,No,8,65,Alto,Sí,1,Bajo,Medio,Privado,Positiva,2,No,Instituto,Cercana,Mujer,69,2,2
23,67,Alto,Bajo,Sí,7,88,Medio,Sí,1,Bajo,Medio,Privado,Positiva,4,No,Instituto,Cercana,Hombre,66,2,4
24,89,Medio,Alto,Sí,6,63,Medio,Sí,2,Alto,Medio,Privado,Positiva,3,No,Universidad,Cercana,Hombre,72,2,2
16,90,Alto,Bajo,No,6,90,Medio,Sí,2,Alto,Medio,Público,Neutral,3,No,Instituto,Cercana,Hombre,69,2,5
23,64,Medio,Alto,Sí,7,55,Medio,Sí,0,Medio,Medio,Público,Positiva,4,No,Instituto,Moderada,Hombre,65,2,1
22,94,Medio,Alto,No,6,80,Bajo,Sí,0,Alto,Medio,Privado,Positiva,2,No,Postgrado,Cercana,Hombre,72,2,4
17,93,Bajo,Medio,Sí,7,93,Bajo,Sí,2,Medio,Medio,Privado,Positiva,4,No,Instituto,Cercana,Hombre,69,2,5
14,61,Medio,Alto,No,7,54,Medio,Sí,3,Bajo,Medio,Público,Positiva,2,Sí,Instituto,Cercana,Mujer,60,1,1
8,64,Alto,Medio,No,7,82,Alto,Sí,0,Alto,Medio,Público,Neutral,1,Sí,Postgrado,Cercana,Mujer,61,1,4
22,62,Alto,Bajo,No,8,76,Medio,Sí,1,Medio,Bajo,Público,Neutral,3,No,Instituto,Cercana,Hombre,63,1,3
11,73,Medio,Medio,No,7,67,Medio,No,3,Medio,Alto,Privado,Positiva,5,Sí,Postgrado,Cercana,Hombre,63,1,2
21,80,Medio,Medio,Sí,6,55,Alto,Sí,1,Alto,Alto,Público,Negativa,3,No,Postgrado,Moderada,Hombre,68,2,1
18,81,Medio,Medio,Sí,4,84,Bajo,Sí,1,Medio,Medio,Privado,Positiva,4,No,Universidad,Cercana,Mujer,68,2,4
24,71,Alto,Medio,No,8,65,Medio,Sí,1,Bajo,Medio,Privado,Negativa,2,No,Instituto,Cercana,Hombre,65,2,2
18,96,Medio,Alto,No,7,67,Medio,Sí,1,Alto,Medio,Público,Positiva,2,No,Instituto,Cercana,Mujer,71,2,2
18,75,Medio,Medio,Sí,7,86,Bajo,Sí,1,Bajo,Medio,Privado,Negativa,3,No,Instituto,Cercana,Hombre,64,1,4
24,62,Medio,Medio,No,9,97,Medio,Sí,1,Medio,Medio,Privado,Negativa,2,No,Postgrado,Cercana,Hombre,65,2,5
22,72,Alto,Medio,Sí,5,67,Bajo,Sí,2,Medio,Medio,Público,Neutral,4,No,Universidad,Cercana,Mujer,67,2,2
22,81,Alto,Medio,No,7,87,Bajo,Sí,0,Bajo,Medio,Público,Neutral,2,No,Instituto,Cercana,Mujer,67,2,4
23,76,Bajo,Medio,Sí,6,98,Medio,Sí,1,Bajo,Alto,Público,Neutral,3,No,Universidad,Moderada,Hombre,67,2,5
11,71,Bajo,Medio,Sí,8,55,Medio,Sí,1,Bajo,Medio,Público,Negativa,3,No,Universidad,Cercana,Mujer,87,4,1
25,65,Alto,Alto,Sí,4,76,Alto,Sí,1,Alto,Medio,Privado,Neutral,1,No,Instituto,Moderada,Mujer,67,2,3
24,93,Alto,Medio,Sí,8,51,Alto,Sí,4,Medio,Medio,Privado,Positiva,2,Sí,Instituto,Cercana,Hombre,72,2,1
14,100,Medio,Bajo,Sí,8,91,Alto,Sí,0,Bajo,Alto,Público,Neutral,3,No,Instituto,Cercana,Mujer,69,2,5
19,73,Medio,Medio,Sí,6,64,Bajo,Sí,1,Alto,Medio,Público,Positiva,3,No,Universidad,Moderada,Mujer,65,2,2
20,75,Alto,Medio,Sí,7,67,Bajo,Sí,1,Bajo,Medio,Privado,Positiva,4,No,Instituto,Cercana,Mujer,66,2,2
19,85,Alto,Alto,No,6,84,Bajo,Sí,3,Medio,Medio,Privado,Negativa,3,No,Postgrado,Cercana,Hombre,70,2,4
22,89,Alto,Alto,Sí,8,89,Medio,Sí,0,Medio,Medio,Privado,Neutral,3,No,Instituto,Moderada,Hombre,71,2,4
29,76,Medio,Alto,Sí,8,70,Bajo,No,1,Bajo,Bajo,Público,Neutral,4,No,Universidad,Moderada,Mujer,67,2,2
26,96,Alto,Medio,No,5,83,Medio,Sí,0,Medio,Alto,Público,Positiva,2,No,Instituto,Lejana,Hombre,72,2,4
12,82,Bajo,Medio,No,5,98,Medio,Sí,0,Bajo,Alto,Público,Neutral,1,No,Instituto,Moderada,Hombre,63,1,5
24,78,Alto,Bajo,Sí,9,94,Bajo,Sí,0,Bajo,Alto,Público,Neutral,4,No,Instituto,Moderada,Mujer,67,2,5
28,86,Bajo,Medio,No,10,85,Medio,Sí,6,Bajo,Alto,Público,Neutral,2,No,Instituto,Cercana,Hombre,72,2,4
22,98,Medio,Medio,No,8,97,Bajo,Sí,1,Alto,Medio,Privado,Positiva,1,Sí,Postgrado,Cercana,Mujer,72,2,5
27,92,Medio,Medio,No,8,94,Medio,No,1,Bajo,Medio,Privado,Negativa,4,No,Universidad,Cercana,Mujer,70,2,5
32,62,Alto,Medio,No,7,86,Bajo,Sí,0,Bajo,Medio,Público,Positiva,2,No,Instituto,Cercana,Mujer,67,2,4
26,73,Medio,Medio,No,7,96,Alto,Sí,0,Medio,Alto,Privado,Neutral,3,No,Instituto,Cercana,Mujer,68,2,5
21,79,Bajo,Medio,Sí,8,91,Alto,Sí,1,Bajo,Medio,Público,Positiva,3,No,Instituto,Moderada,Hombre,67,2,5
26,73,Alto,Alto,No,7,75,Bajo,Sí,3,Bajo,Medio,Público,Positiva,5,No,Universidad,Cercana,Hombre,70,2,3
21,88,Medio,Bajo,No,9,75,Alto,No,1,Medio,Alto,Privado,Neutral,2,No,Postgrado,Moderada,Mujer,67,2,3
20,93,Medio,Medio,Sí,7,50,Medio,Sí,1,Alto,Alto,Público,Positiva,4,No,Universidad,Cercana,Hombre,71,2,1
18,89,Alto,Bajo,Sí,7,52,Medio,Sí,1,Alto,Alto,Público,Positiva,3,No,Postgrado,Cercana,Mujer,69,2,1
29,100,Medio,Medio,Sí,7,87,Medio,No,3,Bajo,Medio,Público,Negativa,5,No,Universidad,Cercana,Mujer,74,3,4
15,71,Alto,Bajo,No,7,78,Medio,Sí,0,Medio,Medio,Privado,Positiva,3,No,Instituto,Cercana,Hombre,63,1,3
29,95,Medio,Bajo,Sí,9,88,Medio,Sí,0,Medio,Alto,Público,Neutral,2,No,Instituto,Cercana,Mujer,72,2,4
23,91,Alto,Bajo,Sí,7,97,Bajo,Sí,2,Bajo,Medio,Público,Neutral,3,No,Universidad,Moderada,Hombre,71,2,5
12,74,Alto,Medio,No,7,73,Medio,Sí,1,Bajo,Medio,Público,Neutral,5,No,Instituto,Cercana,Hombre,64,1,3
22,89,Medio,Medio,Sí,7,54,Medio,Sí,1,Alto,Medio,Público,Positiva,3,No,Instituto,Cercana,Mujer,69,2,1
7,64,Alto,Alto,No,6,81,Medio,Sí,2,Bajo,Bajo,Privado,Positiva,3,No,Postgrado,Moderada,Mujer,62,1,4
24,92,Medio,Medio,Sí,5,55,Medio,No,1,Medio,Medio,Público,Neutral,4,No,Universidad,Cercana,Hombre,69,2,1
25,81,Alto,Bajo,Sí,9,81,Bajo,Sí,2,Bajo,Medio,Público,Neutral,3,No,Instituto,Cercana,Hombre,68,2,4
16,72,Alto,Medio,Sí,9,76,Alto,Sí,6,Bajo,Bajo,Público,Negativa,3,No,Instituto,Cercana,Hombre,67,2,3
21,86,Medio,Medio,Sí,9,86,Alto,Sí,2,Medio,Medio,Público,Neutral,3,No,Postgrado,Cercana,Hombre,71,2,4
32,86,Medio,Medio,Sí,5,68,Bajo,Sí,1,Medio,Medio,Público,Negativa,4,No,Instituto,Moderada,Hombre,70,2,2
17,68,Alto,Medio,No,9,57,Medio,Sí,2,Medio,Bajo,Público,Neutral,3,No,Instituto,Moderada,Hombre,63,1,1
14,61,Bajo,Alto,No,10,62,Medio,Sí,0,Alto,Medio,Público,Negativa,4,No,Universidad,Moderada,Mujer,60,1,2
29,77,Medio,Medio,No,9,84,Medio,Sí,0,Bajo,Alto,Público,Neutral,3,No,Universidad,Cercana,Mujer,69,2,4
32,83,Medio,Medio,Sí,9,74,Medio,Sí,3,Bajo,Medio,Público,Neutral,3,No,Universidad,Moderada,Hombre,71,2,3
20,95,Bajo,Bajo,Sí,8,77,Medio,Sí,1,Alto,Alto,Público,Positiva,2,No,Instituto,Cercana,Hombre,69,2,3
26,97,Alto,Bajo,Sí,6,66,Medio,Sí,2,Medio,Medio,Público,Positiva,1,No,Universidad,Cercana,Mujer,73,2,2
28,81,Medio,Alto,Sí,8,92,Medio,Sí,1,Alto,Medio,Público,Positiva,3,No,Universidad,Cercana,Mujer,73,2,5
16,90,Medio,Medio,No,5,100,Medio,Sí,1,Bajo,Medio,Público,Positiva,3,No,Instituto,Moderada,Mujer,68,2,5
17,78,Alto,Medio,Sí,6,66,Medio,Sí,2,Bajo,Medio,Público,Positiva,4,No,Universidad,Moderada,Hombre,67,2,2
27,90,Medio,Alto,No,7,86,Alto,Sí,2,Medio,Medio,Público,Positiva,3,No,Universidad,Moderada,Hombre,74,3,4
30,68,Medio,Alto,No,7,59,Medio,Sí,3,Bajo,Medio,Público,Positiva,3,No,Universidad,Moderada,Hombre,68,2,1
23,75,Alto,Medio,No,8,87,Bajo,Sí,1,Medio,Alto,Público,Positiva,2,No,Universidad,Cercana,Mujer,69,2,4
15,85,Alto,Medio,No,4,72,Medio,Sí,4,Bajo,Alto,Privado,Neutral,4,No,Universidad,Cercana,Hombre,69,2,3
32,61,Alto,Alto,Sí,7,80,Medio,Sí,0,Bajo,Medio,Público,Positiva,4,Sí,Universidad,Moderada,Mujer,68,2,4
17,89,Bajo,Alto,No,8,62,Medio,Sí,1,Bajo,Alto,Público,Positiva,1,No,Instituto,Moderada,Hombre,66,2,2
18,93,Bajo,Bajo,Sí,8,93,Medio,Sí,3,Bajo,Alto,Público,Negativa,3,No,Postgrado,Moderada,Hombre,69,2,5
22,76,Medio,Medio,Sí,8,59,Medio,Sí,1,Bajo,Medio,Público,Positiva,2,No,Universidad,Cercana,Mujer,66,2,1
29,78,Bajo,Medio,Sí,7,96,Alto,Sí,5,Bajo,Medio,Público,Positiva,4,No,Universidad,Moderada,Hombre,72,2,5
25,94,Medio,Bajo,Sí,6,53,Bajo,Sí,1,Medio,Medio,Público,Negativa,3,No,Instituto,Cercana,Mujer,69,2,1
22,91,Medio,Medio,Sí,8,64,Medio,Sí,1,Bajo,Alto,Público,Positiva,3,Sí,Instituto,Moderada,Hombre,68,2,2
23,72,Medio,Medio,Sí,7,78,Medio,Sí,1,Bajo,Medio,Privado,Neutral,3,No,Instituto,Cercana,Hombre,66,2,3
20,73,Medio,Bajo,Sí,8,93,Alto,Sí,1,Bajo,Alto,Público,Negativa,4,No,Instituto,Lejana,Hombre,65,2,5
23,87,Medio,Medio,No,8,79,Alto,Sí,2,Bajo,Alto,Público,Neutral,2,No,Postgrado,Cercana,Hombre,71,2,3
5,83,Medio,Medio,Sí,7,61,Medio,Sí,2,Bajo,Medio,Público,Negativa,4,No,Instituto,Moderada,Hombre,61,1,2
18,66,Bajo,Medio,Sí,6,93,Medio,Sí,1,Bajo,Medio,Público,Neutral,3,Sí,Universidad,Cercana,Mujer,63,1,5
21,72,Medio,Alto,Sí,9,80,Bajo,Sí,1,Medio,Medio,Público,Neutral,3,No,Instituto,Cercana,Mujer,66,2,4
13,96,Medio,Alto,No,8,62,Medio,Sí,0,Alto,Medio,Privado,Neutral,2,No,Postgrado,Cercana,Hombre,69,2,2
22,88,Alto,Alto,Sí,10,78,Medio,Sí,0,Medio,Alto,Privado,Positiva,2,No,Instituto,Moderada,Hombre,71,2,3
19,99,Alto,Medio,Sí,8,84,Alto,Sí,0,Alto,Medio,Público,Positiva,4,No,Instituto,Cercana,Mujer,73,2,4
31,91,Alto,Medio,Sí,8,84,Bajo,Sí,2,Bajo,Medio,Público,Negativa,2,No,Instituto,Cercana,Hombre,72,2,4
29,98,Medio,Alto,No,5,86,Bajo,Sí,2,Medio,Medio,Privado,Negativa,4,No,Instituto,Lejana,Hombre,73,2,4
17,69,Bajo,Alto,Sí,7,95,Medio,Sí,1,Bajo,Alto,Privado,Positiva,2,No,Instituto,Moderada,Hombre,65,2,5
19,91,Bajo,Alto,Sí,7,91,Medio,Sí,1,Alto,Alto,Público,Neutral,3,No,Instituto,Cercana,Mujer,71,2,5
20,61,Alto,Medio,Sí,8,80,Medio,Sí,1,Bajo,Alto,Público,Positiva,3,No,Instituto,Cercana,Hombre,65,2,4
17,87,Medio,Medio,No,8,52,Bajo,Sí,1,Medio,Medio,Público,Positiva,5,No,Universidad,Cercana,Hombre,67,2,1
21,79,Medio,Alto,Sí,8,87,Medio,Sí,1,Bajo,Alto,Público,Neutral,2,No,Postgrado,Moderada,Hombre,69,2,4
15,74,Bajo,Alto,No,10,99,Bajo,No,0,Bajo,Medio,Privado,Neutral,3,No,Universidad,Moderada,Hombre,63,1,5
13,94,Bajo,Alto,Sí,6,65,Alto,Sí,2,Medio,Medio,Público,Neutral,2,No,Postgrado,Moderada,Hombre,68,2,2
24,94,Alto,Bajo,Sí,8,80,Alto,No,1,Bajo,Medio,Público,Neutral,4,No,Instituto,Cercana,Mujer,70,2,4
24,61,Medio,Medio,Sí,8,88,Bajo,Sí,1,Bajo,Medio,Privado,Positiva,4,No,Instituto,Moderada,Mujer,64,1,4
15,84,Medio,Medio,No,10,82,Medio,Sí,1,Alto,Bajo,Privado,Negativa,2,Sí,Instituto,Cercana,Hombre,64,1,4
25,75,Bajo,Alto,Sí,8,96,Alto,Sí,1,Bajo,Medio,Privado,Neutral,0,No,Universidad,Cercana,Hombre,68,2,5
16,77,Medio,Alto,Sí,8,74,Medio,Sí,0,Alto,Bajo,Privado,Neutral,2,No,Universidad,Moderada,Mujer,65,2,3
22,93,Alto,Medio,No,8,77,Medio,Sí,0,Alto,Medio,Público,Neutral,1,No,Instituto,Cercana,Mujer,70,2,3
25,72,Medio,Medio,Sí,8,52,Bajo,Sí,0,Medio,Medio,Privado,Positiva,2,No,Postgrado,Cercana,Hombre,66,2,1
20,98,Alto,Bajo,Sí,9,95,Bajo,Sí,1,Bajo,Medio,Público,Positiva,2,No,Instituto,Moderada,Mujer,70,2,5
23,67,Medio,Medio,Sí,6,63,Alto,Sí,3,Bajo,Alto,Privado,Neutral,3,No,Instituto,Cercana,Hombre,66,2,2
17,87,Medio,Medio,No,6,99,Medio,Sí,2,Bajo,Medio,Privado,Neutral,2,No,Postgrado,Cercana,Hombre,69,2,5
19,87,Alto,Alto,No,10,60,Alto,Sí,2,Medio,Bajo,Privado,Positiva,3,No,Instituto,Moderada,Hombre,69,2,1
19,70,Alto,Alto,No,4,63,Medio,Sí,1,Bajo,Medio,Privado,Neutral,3,No,Universidad,Lejana,Mujer,64,1,2
16,73,Medio,Medio,Sí,7,74,Bajo,Sí,1,Bajo,Alto,Público,Positiva,3,No,Instituto,Moderada,Hombre,64,1,3
19,93,Bajo,Medio,Sí,7,83,Medio,Sí,1,Medio,Medio,Público,Positiva,3,No,Instituto,Cercana,Mujer,69,2,4
11,90,Medio,Medio,Sí,7,72,Alto,Sí,3,Medio,Medio,Público,Negativa,3,No,Instituto,Cercana,Mujer,67,2,3
17,73,Bajo,Medio,Sí,9,68,Bajo,Sí,2,Medio,Medio,Público,Positiva,3,Sí,Universidad,Cercana,Mujer,63,1,2
18,81,Bajo,Alto,Sí,8,77,Bajo,Sí,1,Medio,Alto,Público,Positiva,3,No,Universidad,Moderada,Hombre,67,2,3
18,62,Medio,Alto,No,6,98,Bajo,Sí,3,Medio,Medio,Privado,Neutral,1,No,Universidad,Cercana,Hombre,65,2,5
19,68,Medio,Medio,Sí,6,98,Bajo,Sí,2,Bajo,Medio,Público,Positiva,1,No,Instituto,Moderada,Mujer,64,1,5
20,79,Alto,Medio,No,7,66,Bajo,Sí,3,Alto,Medio,Público,Negativa,3,No,Universidad,Cercana,Mujer,68,2,2
23,63,Bajo,Medio,Sí,9,84,Alto,Sí,0,Alto,Medio,Público,Neutral,3,No,Instituto,Cercana,Mujer,64,1,4
25,94,Alto,Medio,No,7,86,Bajo,No,2,Bajo,Medio,Privado,Negativa,4,No,Universidad,Moderada,Hombre,70,2,4
16,89,Alto,Medio,Sí,7,83,Alto,Sí,0,Bajo,Alto,Público,Positiva,4,No,Postgrado,Moderada,Hombre,70,2,4
13,98,Alto,Bajo,Sí,6,56,Medio,Sí,1,Alto,Bajo,Público,Negativa,3,No,Universidad,Moderada,Mujer,67,2,1
14,88,Alto,Alto,Sí,8,77,Medio,Sí,2,Medio,Medio,Público,Positiva,3,No,Universidad,Lejana,Hombre,69,2,3
17,98,Alto,Medio,No,7,88,Medio,Sí,2,Bajo,Alto,Privado,Negativa,4,No,Instituto,Lejana,Hombre,70,2,4
18,82,Alto,Alto,No,6,60,Medio,Sí,5,Medio,Alto,Público,Negativa,3,No,Universidad,Cercana,Hombre,69,2,1
15,84,Medio,Bajo,Sí,9,67,Medio,Sí,1,Medio,Alto,Privado,Negativa,3,No,Universidad,Moderada,Hombre,65,2,2
12,99,Medio,Alto,Sí,10,60,Medio,Sí,0,Bajo,Bajo,Público,Negativa,1,No,Instituto,Moderada,Hombre,66,2,1
17,86,Alto,Alto,Sí,7,94,Medio,Sí,2,Medio,Medio,Público,Neutral,3,No,Instituto,Moderada,Hombre,70,2,5
21,61,Medio,Bajo,Sí,7,93,Bajo,Sí,1,Bajo,Alto,Privado,Negativa,5,No,Instituto,Cercana,Hombre,63,1,5
24,89,Bajo,Medio,No,5,58,Medio,Sí,3,Alto,Medio,Público,Positiva,3,No,Instituto,Cercana,Mujer,69,2,1
17,96,Alto,Alto,Sí,8,88,Medio,Sí,4,Bajo,Bajo,Privado,Positiva,4,No,Postgrado,Cercana,Hombre,74,3,4
18,92,Medio,Medio,Sí,8,68,Bajo,Sí,2,Alto,Alto,Privado,Positiva,3,No,Instituto,Cercana,Hombre,70,2,2
14,83,Alto,Medio,No,7,84,Medio,Sí,1,Bajo,Medio,Público,Neutral,3,No,Instituto,Cercana,Mujer,66,2,4
20,87,Bajo,Alto,Sí,6,75,Medio,Sí,0,Bajo,Medio,Público,Positiva,3,Sí,Postgrado,Cercana,Hombre,68,2,3
15,100,Medio,Bajo,No,10,74,Medio,Sí,2,Medio,Medio,Público,Negativa,5,No,Instituto,Lejana,Hombre,67,2,3
23,64,Medio,Medio,Sí,8,94,Bajo,Sí,2,Medio,Medio,Privado,Positiva,5,No,Instituto,Moderada,Mujer,66,2,5
9,87,Alto,Medio,No,6,82,Medio,Sí,0,Bajo,Medio,Público,Negativa,3,No,Universidad,Cercana,Mujer,65,2,4
18,71,Bajo,Medio,Sí,8,62,Medio,Sí,3,Alto,Alto,Público,Positiva,2,No,Universidad,Cercana,Hombre,66,2,2
22,86,Alto,Medio,Sí,7,56,Medio,Sí,1,Alto,Medio,Privado,Positiva,4,No,Instituto,Moderada,Hombre,69,2,1
21,84,Bajo,Medio,No,7,97,Medio,Sí,2,Bajo,Bajo,Público,Neutral,4,No,Instituto,Moderada,Mujer,67,2,5
36,66,Bajo,Alto,Sí,8,58,Alto,Sí,1,Medio,Medio,Público,Positiva,3,No,Universidad,Lejana,Hombre,69,2,1
22,68,Medio,Medio,No,4,87,Alto,Sí,2,Medio,Medio,Público,Neutral,3,No,Postgrado,Lejana,Mujer,66,2,4
14,85,Medio,Medio,No,4,75,Alto,Sí,2,Alto,Medio,Público,Negativa,1,Sí,Instituto,Lejana,Mujer,64,1,3
19,65,Medio,Medio,No,9,57,Bajo,Sí,1,Medio,Medio,Público,Positiva,2,Sí,Instituto,Cercana,Mujer,61,1,1
9,71,Bajo,Alto,Sí,7,89,Medio,Sí,0,Bajo,Medio,Público,Negativa,2,No,Instituto,Cercana,Hombre,61,1,4
20,93,Medio,Medio,Sí,6,95,Bajo,Sí,1,Medio,Alto,Público,Negativa,4,No,Universidad,Moderada,Hombre,70,2,5
15,73,Medio,Alto,No,5,56,Medio,Sí,1,Medio,Medio,Público,Positiva,2,No,Postgrado,Cercana,Mujer,65,2,1
25,80,Alto,Bajo,No,7,53,Medio,Sí,1,Medio,Medio,Privado,Neutral,3,No,Universidad,Moderada,Hombre,67,2,1
17,98,Bajo,Medio,No,7,92,Medio,Sí,0,Alto,Medio,Privado,Positiva,0,No,Universidad,Cercana,Hombre,69,2,5
19,69,Medio,Bajo,Sí,9,75,Medio,Sí,2,Medio,Bajo,Público,Negativa,5,No,Instituto,Moderada,Mujer,63,1,3
16,76,Medio,Medio,No,8,84,Alto,Sí,1,Alto,Alto,Público,Neutral,4,No,Instituto,Cercana,Hombre,66,2,4
30,84,Alto,Medio,Sí,7,72,Medio,Sí,3,Medio,Medio,Público,Positiva,2,No,Instituto,Cercana,Hombre,73,2,3
18,90,Alto,Alto,No,8,71,Alto,No,0,Bajo,Medio,Público,Neutral,3,No,Instituto,Cercana,Mujer,68,2,3
31,96,Alto,Alto,Sí,9,65,Alto,Sí,0,Bajo,Medio,Privado,Positiva,2,No,Instituto,Lejana,Hombre,74,3,2
25,97,Bajo,Medio,Sí,8,78,Medio,Sí,0,Medio,Medio,Público,Neutral,3,No,Instituto,Cercana,Hombre,70,2,3
23,91,Alto,Bajo,Sí,8,58,Medio,Sí,0,Medio,Medio,Público,Positiva,2,No,Instituto,Lejana,Hombre,68,2,1
22,69,Alto,Alto,No,7,86,Bajo,Sí,1,Alto,Medio,Público,Positiva,4,Sí,Instituto,Moderada,Mujer,67,2,4
22,61,Alto,Medio,No,6,77,Bajo,Sí,1,Medio,Medio,Público,Positiva,4,No,Postgrado,Moderada,Hombre,65,2,3
8,75,Medio,Medio,No,5,92,Medio,Sí,5,Alto,Alto,Público,Positiva,4,No,Instituto,Moderada,Hombre,66,2,5
18,66,Alto,Medio,Sí,5,96,Medio,Sí,0,Bajo,Medio,Público,Neutral,5,No,Instituto,Moderada,Mujer,64,1,5
25,88,Medio,Medio,Sí,8,95,Bajo,Sí,1,Alto,Alto,Público,Neutral,4,No,Instituto,Cercana,Mujer,72,2,5
20,86,Medio,Medio,Sí,8,80,Alto,Sí,2,Medio,Medio,Público,Neutral,2,No,Universidad,Cercana,Hombre,70,2,4
12,62,Medio,Medio,Sí,9,66,Medio,Sí,1,Bajo,Medio,Privado,Neutral,2,No,Universidad,Moderada,Mujer,60,1,2
20,93,Medio,Medio,Sí,8,68,Medio,Sí,1,Bajo,Bajo,Público,Neutral,3,No,Instituto,Moderada,Hombre,68,2,2
30,70,Medio,Alto,Sí,9,83,Medio,Sí,1,Alto,Medio,Privado,Neutral,2,No,Postgrado,Cercana,Mujer,71,2,4
27,77,Medio,Medio,Sí,7,86,Bajo,Sí,1,Alto,Medio,Público,Neutral,3,No,Instituto,Moderada,Hombre,68,2,4
20,87,Alto,Medio,Sí,8,58,Bajo,Sí,2,Bajo,Medio,Público,Negativa,2,Sí,Postgrado,Cercana,Hombre,67,2,1
26,77,Medio,Medio,Sí,5,100,Bajo,Sí,1,Bajo,Alto,Privado,Positiva,5,No,Instituto,Cercana,Mujer,70,2,5
18,78,Medio,Alto,No,7,55,Alto,Sí,0,Alto,Medio,Público,Negativa,3,No,Instituto,Cercana,Hombre,65,2,1
10,63,Medio,Medio,No,4,80,Medio,Sí,0,Bajo,Medio,Público,Positiva,3,No,Universidad,Cercana,Hombre,60,1,4
14,76,Alto,Bajo,No,7,77,Bajo,No,2,Alto,Medio,Público,Positiva,4,No,Universidad,Cercana,Hombre,65,2,3
29,91,Medio,Medio,No,9,80,Bajo,Sí,0,Bajo,Alto,Público,Negativa,4,No,Instituto,Cercana,Mujer,70,2,4
18,97,Bajo,Bajo,Sí,7,77,Medio,Sí,4,Bajo,Bajo,Privado,Neutral,4,No,Postgrado,Cercana,Hombre,69,2,3
19,77,Alto,Bajo,No,8,53,Medio,Sí,1,Bajo,Medio,Privado,Positiva,3,No,Instituto,Cercana,Hombre,64,1,1
18,77,Bajo,Medio,No,7,100,Medio,Sí,2,Alto,Alto,Privado,Positiva,3,Sí,Instituto,Cercana,Hombre,67,2,5
31,88,Bajo,Medio,Sí,6,99,Bajo,Sí,2,Alto,Bajo,Público,Negativa,3,No,Postgrado,Cercana,Hombre,73,2,5
30,98,Medio,Alto,No,7,76,Alto,Sí,1,Bajo,Medio,Público,Neutral,3,No,Universidad,Cercana,Hombre,74,3,3
33,71,Medio,Bajo,Sí,9,60,Medio,Sí,0,Medio,Medio,Público,Positiva,4,Sí,Instituto,Cercana,Hombre,67,2,1
19,78,Bajo,Alto,Sí,8,59,Medio,Sí,2,Alto,Medio,Público,Positiva,1,No,Instituto,Cercana,Hombre,66,2,1
22,92,Medio,Medio,No,6,53,Medio,Sí,4,Alto,Medio,Público,Neutral,4,Sí,Instituto,Cercana,Hombre,69,2,1
11,84,Alto,Medio,No,5,81,Bajo,Sí,1,Bajo,Medio,Privado,Negativa,3,No,Instituto,Moderada,Mujer,64,1,4
29,64,Medio,Alto,Sí,7,74,Medio,Sí,0,Alto,Medio,Público,Positiva,2,No,Postgrado,Cercana,Mujer,69,2,3
13,85,Bajo,Alto,Sí,6,71,Medio,Sí,1,Bajo,Medio,Público,Positiva,3,No,Instituto,Cercana,Mujer,66,2,3
21,67,Alto,Medio,Sí,7,76,Medio,Sí,1,Medio,Alto,Privado,Neutral,2,Sí,Instituto,Cercana,Hombre,65,2,3
13,80,Medio,Medio,Sí,5,94,Alto,Sí,1,Medio,Medio,Privado,Positiva,3,No,Instituto,Cercana,Mujer,67,2,5
16,81,Medio,Alto,No,9,54,Medio,Sí,3,Medio,Alto,Público,Negativa,3,No,Postgrado,Moderada,Hombre,67,2,1
15,95,Medio,Medio,No,7,77,Alto,Sí,0,Bajo,Medio,Privado,Neutral,3,No,Instituto,Cercana,Mujer,68,2,3
16,78,Medio,Bajo,No,7,85,Medio,Sí,4,Medio,Medio,Público,Neutral,2,Sí,Instituto,Cercana,Hombre,65,2,4
17,71,Medio,Bajo,Sí,6,99,Bajo,Sí,4,Medio,Medio,Público,Positiva,3,Sí,Postgrado,Cercana,Hombre,66,2,5
17,69,Alto,Medio,Sí,7,87,Bajo,Sí,2,Bajo,Medio,Público,Neutral,3,No,Universidad,Cercana,Hombre,65,2,4
25,95,Medio,Medio,Sí,7,77,Alto,No,0,Bajo,Alto,Público,Neutral,3,No,Postgrado,Cercana,Hombre,71,2,3
13,67,Medio,Alto,Sí,6,88,Medio,Sí,0,Bajo,Medio,Público,Neutral,3,No,Universidad,Moderada,Mujer,63,1,4
21,77,Alto,Bajo,Sí,7,100,Bajo,Sí,2,Alto,Alto,Público,Positiva,4,No,Universidad,Cercana,Mujer,70,2,5
27,67,Alto,Alto,Sí,9,94,Alto,Sí,0,Alto,Bajo,Público,Positiva,2,No,Universidad,Cercana,Mujer,70,2,5
17,91,Bajo,Medio,Sí,4,54,Alto,Sí,3,Bajo,Medio,Público,Neutral,4,No,Universidad,Moderada,Mujer,67,2,1
16,79,Alto,Medio,Sí,7,79,Alto,Sí,2,Alto,Alto,Público,Positiva,2,No,Instituto,Moderada,Hombre,68,2,3
19,74,Medio,Bajo,Sí,6,89,Medio,No,0,Alto,Medio,Público,Neutral,2,No,Instituto,Moderada,Hombre,63,1,4
27,74,Medio,Alto,Sí,9,84,Bajo,Sí,3,Alto,Medio,Privado,Negativa,3,No,Universidad,Cercana,Mujer,70,2,4
21,94,Medio,Medio,No,7,71,Bajo,No,1,Bajo,Alto,Privado,Neutral,2,No,Postgrado,Cercana,Hombre,69,2,3
17,82,Medio,Medio,Sí,5,66,Medio,Sí,1,Medio,Bajo,Público,Positiva,3,No,Instituto,Cercana,Mujer,66,2,2
23,89,Bajo,Alto,No,7,81,Medio,Sí,2,Bajo,Alto,Público,Neutral,2,No,Postgrado,Moderada,Hombre,70,2,4
13,96,Medio,Alto,No,8,71,Bajo,Sí,1,Medio,Bajo,Público,Positiva,3,No,Instituto,Cercana,Hombre,68,2,3
24,96,Medio,Medio,No,10,70,Medio,Sí,0,Alto,Medio,Público,Negativa,4,No,Instituto,Cercana,Mujer,70,2,2
22,73,Bajo,Alto,Sí,4,92,Medio,Sí,0,Bajo,Medio,Público,Positiva,4,No,Postgrado,Moderada,Hombre,67,2,5
18,98,Medio,Alto,Sí,5,66,Medio,Sí,0,Medio,Medio,Privado,Negativa,0,No,Postgrado,Cercana,Hombre,69,2,2
15,61,Alto,Bajo,Sí,9,82,Medio,Sí,2,Medio,Alto,Público,Positiva,2,No,Postgrado,Cercana,Hombre,64,1,4
15,75,Alto,Medio,No,5,94,Bajo,No,1,Bajo,Medio,Público,Negativa,3,Sí,Instituto,Moderada,Mujer,62,1,5
23,96,Medio,Medio,No,7,81,Medio,Sí,1,Bajo,Medio,Privado,Positiva,2,No,Postgrado,Moderada,Hombre,71,2,4
27,71,Alto,Medio,Sí,6,75,Medio,Sí,2,Medio,Alto,Privado,Neutral,4,No,Instituto,Cercana,Hombre,69,2,3
16,71,Medio,Alto,Sí,6,52,Bajo,Sí,0,Alto,Alto,Público,Neutral,1,No,Instituto,Lejana,Hombre,62,1,1
23,72,Bajo,Medio,Sí,7,84,Alto,Sí,0,Medio,Medio,Público,Positiva,4,No,Instituto,Cercana,Hombre,66,2,4
7,84,Medio,Alto,Sí,7,100,Bajo,Sí,3,Bajo,Medio,Privado,Negativa,4,Sí,Instituto,Moderada,Hombre,64,1,5
16,78,Bajo,Alto,No,9,90,Medio,Sí,3,Bajo,Medio,Público,Negativa,3,No,Postgrado,Moderada,Hombre,66,2,5
20,89,Alto,Medio,Sí,9,82,Medio,Sí,2,Alto,Alto,Público,Neutral,3,No,Universidad,Cercana,Mujer,72,2,4
15,96,Alto,Alto,Sí,8,73,Medio,Sí,3,Medio,Medio,Privado,Negativa,3,No,Universidad,Cercana,Mujer,71,2,3
14,87,Medio,Alto,Sí,7,61,Medio,Sí,0,Bajo,Medio,Público,Neutral,3,No,Instituto,Lejana,Hombre,65,2,2
16,68,Medio,Medio,Sí,7,85,Medio,Sí,1,Medio,Medio,Público,Positiva,2,No,Universidad,Cercana,Mujer,65,2,4
22,97,Medio,Alto,Sí,8,59,Medio,Sí,1,Bajo,Medio,Público,Negativa,3,No,Instituto,Cercana,Hombre,70,2,1
19,71,Medio,Alto,Sí,9,94,Alto,Sí,1,Alto,Medio,Privado,Positiva,4,No,Instituto,Cercana,Hombre,68,2,5
7,66,Alto,Bajo,Sí,8,68,Alto,Sí,0,Bajo,Medio,Público,Negativa,2,Sí,Universidad,Moderada,Hombre,57,1,2
7,64,Medio,Alto,No,9,70,Alto,Sí,4,Bajo,Bajo,Público,Neutral,4,Sí,Instituto,Lejana,Hombre,59,1,2
16,83,Bajo,Bajo,Sí,6,61,Medio,Sí,0,Medio,Alto,Público,Neutral,4,No,Universidad,Cercana,Hombre,64,1,2
23,65,Alto,Medio,Sí,9,74,Medio,Sí,2,Medio,Alto,Privado,Neutral,3,No,Universidad,Moderada,Hombre,67,2,3
4,66,Bajo,Alto,No,8,84,Bajo,Sí,2,Bajo,Alto,Público,Neutral,3,No,Postgrado,Cercana,Mujer,60,1,4
17,72,Alto,Alto,Sí,6,65,Bajo,Sí,3,Bajo,Alto,Público,Positiva,2,No,Postgrado,Lejana,Hombre,67,2,2
17,71,Medio,Alto,Sí,7,85,Bajo,Sí,2,Bajo,Bajo,Privado,Negativa,2,No,Universidad,Cercana,Mujer,65,2,4
28,84,Medio,Medio,Sí,7,81,Medio,Sí,1,Medio,Alto,Público,Negativa,3,No,Universidad,Cercana,Hombre,71,2,4
18,93,Bajo,Medio,Sí,7,69,Medio,Sí,0,Bajo,Medio,Público,Neutral,2,No,Universidad,Cercana,Hombre,67,2,2
22,90,Medio,Medio,Sí,7,66,Bajo,Sí,0,Bajo,Medio,Público,Positiva,1,No,Postgrado,Cercana,Hombre,69,2,2
21,70,Alto,Medio,Sí,5,93,Alto,Sí,1,Bajo,Medio,Público,Neutral,3,No,Universidad,Cercana,Hombre,68,2,5
7,70,Medio,Medio,Sí,6,51,Medio,Sí,0,Alto,Medio,Privado,Neutral,1,No,Instituto,Moderada,Mujer,59,1,1
25,99,Alto,Alto,No,7,86,Bajo,No,3,Medio,Medio,Público,Positiva,3,No,Universidad,Cercana,Mujer,75,3,4
21,60,Medio,Medio,Sí,6,71,Bajo,Sí,0,Medio,Bajo,Público,Negativa,4,Sí,Instituto,Lejana,Hombre,59,1,3
23,95,Alto,Medio,No,6,86,Bajo,Sí,0,Medio,Alto,Público,Neutral,3,No,Instituto,Moderada,Mujer,71,2,4
44,68,Alto,Bajo,No,9,75,Bajo,Sí,3,Medio,Alto,Privado,Negativa,2,No,Instituto,Moderada,Mujer,71,2,3
7,98,Medio,Medio,No,7,54,Alto,Sí,0,Medio,Alto,Privado,Neutral,2,No,Instituto,Cercana,Mujer,66,2,1
30,74,Medio,Bajo,No,10,99,Medio,Sí,1,Alto,Medio,Privado,Positiva,2,No,Instituto,Moderada,Hombre,69,2,5
18,78,Alto,Medio,Sí,7,54,Bajo,No,4,Bajo,Alto,Público,Neutral,4,Sí,Universidad,Moderada,Mujer,65,2,1
22,88,Medio,Medio,Sí,9,58,Bajo,Sí,3,Bajo,Medio,Privado,Negativa,2,No,Universidad,Moderada,Hombre,68,2,1
20,84,Alto,Bajo,No,7,71,Medio,Sí,5,Bajo,Alto,Privado,Positiva,2,No,Instituto,Lejana,Mujer,68,2,3
17,73,Medio,Medio,Sí,6,97,Alto,Sí,1,Medio,Alto,Público,Positiva,3,No,Instituto,Cercana,Hombre,67,2,5
17,82,Alto,Medio,Sí,7,65,Medio,Sí,1,Medio,Medio,Público,Positiva,5,No,Instituto,Cercana,Hombre,68,2,2
22,89,Bajo,Medio,Sí,9,78,Medio,Sí,0,Medio,Medio,Público,Positiva,3,No,Instituto,Moderada,Hombre,68,2,3
11,62,Alto,Medio,Sí,7,76,Alto,Sí,3,Alto,Medio,Privado,Neutral,3,Sí,Instituto,Moderada,Hombre,88,4,3
25,60,Medio,Alto,Sí,8,67,Medio,Sí,1,Medio,Alto,Público,Neutral,2,No,Universidad,Cercana,Mujer,66,2,2
18,78,Alto,Bajo,Sí,7,85,Alto,Sí,3,Bajo,Bajo,Público,Negativa,2,No,Universidad,Cercana,Hombre,67,2,4
13,65,Medio,Alto,No,7,75,Bajo,Sí,2,Medio,Alto,Privado,Neutral,4,No,Instituto,Moderada,Hombre,63,1,3
17,87,Medio,Alto,Sí,7,79,Medio,Sí,3,Bajo,Medio,Público,Neutral,4,Sí,Instituto,Cercana,Mujer,68,2,3
28,69,Alto,Bajo,No,6,61,Bajo,Sí,2,Medio,Alto,Público,Positiva,1,Sí,Instituto,Cercana,Hombre,65,2,2
17,77,Alto,Medio,Sí,7,96,Medio,Sí,1,Bajo,Bajo,Privado,Positiva,3,No,Universidad,Cercana,Hombre,67,2,5
22,68,Alto,Alto,Sí,8,56,Medio,No,3,Medio,Medio,Privado,Positiva,1,No,Postgrado,Cercana,Hombre,67,2,1
16,82,Medio,Medio,Sí,7,85,Medio,Sí,1,Alto,Medio,Público,Neutral,4,No,Instituto,Cercana,Hombre,67,2,4
25,65,Medio,Bajo,No,7,94,Bajo,Sí,1,Bajo,Alto,Público,Positiva,3,No,Instituto,Lejana,Hombre,64,1,5
24,61,Medio,Medio,No,8,54,Medio,Sí,1,Bajo,Medio,Público,Neutral,2,Sí,Instituto,Moderada,Hombre,61,1,1
31,62,Medio,Medio,Sí,7,51,Medio,Sí,2,Medio,Medio,Público,Neutral,1,No,Universidad,Lejana,Mujer,65,2,1
19,98,Bajo,Alto,Sí,7,67,Alto,Sí,1,Medio,Medio,Privado,Negativa,4,No,Instituto,Moderada,Mujer,70,2,2
24,66,Medio,Alto,No,8,89,Medio,Sí,0,Medio,Alto,Público,Positiva,2,No,Universidad,Cercana,Hombre,67,2,4
21,88,Alto,Bajo,No,7,86,Medio,Sí,1,Bajo,Medio,Privado,Positiva,2,No,Instituto,Moderada,Hombre,68,2,4
28,63,Medio,Medio,Sí,7,91,Medio,Sí,1,Bajo,Medio,Privado,Positiva,1,No,Instituto,Lejana,Hombre,65,2,5
16,64,Alto,Medio,Sí,8,70,Bajo,Sí,3,Alto,Alto,Privado,Negativa,3,No,Instituto,Lejana,Mujer,63,1,2
24,80,Medio,Alto,No,7,100,Medio,Sí,1,Alto,Alto,Público,Neutral,3,No,Postgrado,Moderada,Hombre,72,2,5
19,79,Alto,Medio,Sí,7,68,Medio,Sí,2,Alto,Alto,Público,Negativa,1,No,Universidad,Cercana,Mujer,68,2,2
20,98,Medio,Alto,Sí,7,90,Medio,Sí,2,Medio,Medio,Público,Positiva,4,No,Instituto,Cercana,Hombre,73,2,5
21,98,Alto,Medio,Sí,7,68,Alto,Sí,0,Medio,Medio,Público,Positiva,3,Sí,Universidad,Cercana,Mujer,71,2,2
22,91,Medio,Alto,No,5,61,Medio,Sí,3,Bajo,Alto,Público,Neutral,2,No,Postgrado,Lejana,Hombre,70,2,2
19,84,Alto,Medio,Sí,7,67,Bajo,Sí,0,Medio,Bajo,Público,Positiva,3,No,Postgrado,Cercana,Mujer,68,2,2
21,78,Medio,Alto,No,10,60,Medio,Sí,3,Alto,Medio,Público,Negativa,5,No,Instituto,Moderada,Hombre,68,2,1
29,74,Medio,Medio,No,6,56,Bajo,Sí,2,Bajo,Alto,Público,Neutral,3,No,Postgrado,Cercana,Mujer,68,2,1
26,98,Bajo,Alto,Sí,6,68,Medio,Sí,1,Bajo,Medio,Privado,Neutral,1,No,Postgrado,Moderada,Hombre,71,2,2
25,84,Medio,Medio,Sí,10,57,Bajo,Sí,4,Medio,Medio,Público,Positiva,2,No,Universidad,Cercana,Hombre,70,2,1
17,83,Alto,Medio,No,6,75,Medio,Sí,2,Medio,Medio,Público,Positiva,3,Sí,Instituto,Cercana,Hombre,67,2,3
15,69,Bajo,Medio,Sí,9,52,Medio,Sí,0,Alto,Medio,Público,Neutral,3,No,Universidad,Cercana,Mujer,61,1,1
26,62,Alto,Bajo,Sí,7,72,Bajo,Sí,1,Medio,Medio,Público,Neutral,3,No,Universidad,Moderada,Mujer,64,1,3
25,98,Bajo,Medio,No,7,98,Medio,Sí,1,Medio,Medio,Público,Negativa,4,No,Postgrado,Cercana,Hombre,72,2,5
29,73,Alto,Medio,No,7,68,Bajo,Sí,1,Bajo,Alto,Privado,Positiva,4,Sí,Instituto,Moderada,Hombre,67,2,2
16,78,Alto,Bajo,Sí,8,57,Alto,Sí,1,Medio,Medio,Público,Negativa,3,No,Universidad,Cercana,Hombre,65,2,1
19,65,Medio,Bajo,Sí,5,65,Alto,Sí,1,Alto,Medio,Público,Positiva,6,No,Universidad,Moderada,Mujer,64,1,2
10,93,Bajo,Medio,Sí,7,90,Medio,Sí,0,Bajo,Medio,Privado,Positiva,2,No,Instituto,Cercana,Mujer,66,2,5
18,61,Medio,Medio,No,6,66,Medio,Sí,1,Medio,Alto,Público,Positiva,2,No,Instituto,Moderada,Mujer,62,1,2
26,93,Bajo,Medio,No,4,69,Medio,Sí,2,Bajo,Medio,Público,Neutral,3,No,Instituto,Cercana,Hombre,70,2,2
17,66,Medio,Medio,Sí,9,89,Medio,No,1,Medio,Alto,Público,Positiva,4,No,Instituto,Moderada,Mujer,64,1,4
24,95,Medio,Bajo,No,4,63,Bajo,Sí,3,Bajo,Medio,Público,Positiva,3,No,Instituto,Cercana,Mujer,70,2,2
19,89,Medio,Bajo,No,10,74,Medio,Sí,1,Bajo,Medio,Público,Positiva,2,No,Instituto,Moderada,Mujer,66,2,3
22,67,Bajo,Alto,Sí,8,53,Medio,Sí,0,Medio,Alto,Público,Negativa,3,No,Instituto,Lejana,Hombre,62,1,1
13,83,Bajo,Bajo,No,5,59,Alto,Sí,4,Bajo,Medio,Privado,Neutral,2,No,Instituto,Cercana,Mujer,63,1,1
21,73,Bajo,Medio,Sí,9,60,Alto,Sí,2,Medio,Medio,Público,Positiva,3,No,Universidad,Cercana,Hombre,66,2,1
2,67,Medio,Medio,No,6,73,Bajo,Sí,1,Bajo,Medio,Privado,Positiva,2,No,Universidad,Moderada,Hombre,58,1,3
19,94,Medio,Alto,Sí,6,91,Medio,Sí,1,Bajo,Medio,Público,Negativa,3,No,Instituto,Moderada,Hombre,70,2,5
10,76,Medio,Bajo,No,4,68,Medio,Sí,1,Alto,Bajo,Privado,Neutral,6,No,Universidad,Cercana,Hombre,63,1,2
27,76,Medio,Alto,Sí,6,69,Alto,Sí,0,Medio,Alto,Público,Neutral,1,No,Instituto,Cercana,Hombre,70,2,2
25,67,Alto,Medio,Sí,6,65,Medio,Sí,1,Bajo,Medio,Público,Negativa,3,No,Instituto,Cercana,Hombre,65,2,2
23,75,Medio,Bajo,Sí,8,66,Medio,Sí,5,Medio,Bajo,Público,Neutral,3,No,Instituto,Cercana,Hombre,67,2,2
29,95,Alto,Medio,No,9,70,Medio,No,1,Bajo,Medio,Privado,Positiva,2,No,Postgrado,Cercana,Mujer,73,2,2
14,75,Medio,Medio,Sí,5,95,Medio,Sí,0,Medio,Medio,Público,Positiva,3,No,Universidad,Moderada,Hombre,82,3,5
30,98,Bajo,Medio,No,7,51,Alto,Sí,0,Bajo,Medio,Público,Positiva,2,No,Instituto,Cercana,Hombre,71,2,1
26,98,Medio,Medio,Sí,4,81,Bajo,Sí,1,Bajo,Medio,Público,Positiva,4,No,Postgrado,Cercana,Hombre,73,2,4
19,66,Medio,Alto,No,7,94,Bajo,Sí,1,Alto,Medio,Público,Positiva,4,No,Instituto,Moderada,Mujer,65,2,5
27,67,Alto,Medio,Sí,10,71,Medio,Sí,1,Bajo,Alto,Público,Neutral,3,No,Instituto,Cercana,Mujer,67,2,3
13,95,Medio,Medio,Sí,4,83,Bajo,No,1,Bajo,Alto,Público,Neutral,4,No,Universidad,Moderada,Hombre,67,2,4
15,76,Alto,Alto,Sí,5,79,Medio,Sí,4,Medio,Medio,Público,Neutral,4,No,Postgrado,Moderada,Mujer,69,2,3
16,60,Medio,Alto,Sí,8,67,Bajo,Sí,0,Bajo,Medio,Público,Neutral,3,No,Instituto,Cercana,Hombre,61,1,2
17,71,Medio,Bajo,No,8,57,Medio,Sí,3,Medio,Alto,Privado,Positiva,4,No,Instituto,Cercana,Mujer,64,1,1
14,84,Bajo,Alto,No,6,61,Bajo,Sí,1,Alto,Medio,Público,Positiva,2,No,Universidad,Lejana,Hombre,64,1,2
27,92,Bajo,Medio,Sí,9,53,Bajo,Sí,2,Bajo,Medio,Público,Negativa,2,No,Universidad,Lejana,Hombre,68,2,1
18,65,Medio,Bajo,No,6,88,Medio,Sí,1,Medio,Medio,Privado,Positiva,1,Sí,Universidad,Cercana,Hombre,62,1,4
22,64,Medio,Medio,Sí,10,77,Alto,Sí,5,Medio,Medio,Público,Neutral,3,Sí,Instituto,Cercana,Hombre,66,2,3
17,97,Alto,Bajo,Sí,8,89,Medio,Sí,1,Bajo,Medio,Público,Neutral,4,No,Universidad,Cercana,Hombre,70,2,4
9,90,Alto,Medio,Sí,9,65,Bajo,Sí,3,Medio,Medio,Público,Positiva,3,No,Instituto,Cercana,Mujer,67,2,2
22,84,Medio,Medio,Sí,8,90,Medio,Sí,2,Medio,Medio,Público,Positiva,2,No,Universidad,Cercana,Mujer,70,2,5
9,91,Medio,Medio,No,8,65,Alto,Sí,0,Medio,Medio,Público,Positiva,4,No,Instituto,Moderada,Hombre,65,2,2
20,77,Bajo,Medio,No,8,56,Medio,Sí,1,Medio,Alto,Público,Positiva,4,No,Universidad,Moderada,Hombre,65,2,1
12,90,Medio,Alto,Sí,9,77,Medio,Sí,3,Medio,Medio,Público,Positiva,3,No,Postgrado,Cercana,Hombre,70,2,3
32,75,Alto,Medio,Sí,7,97,Alto,Sí,1,Medio,Medio,Privado,Neutral,3,No,Universidad,Moderada,Hombre,72,2,5
25,70,Medio,Medio,No,6,71,Bajo,Sí,0,Bajo,Medio,Público,Neutral,2,No,Universidad,Cercana,Mujer,65,2,3
21,89,Alto,Alto,Sí,7,76,Medio,Sí,1,Medio,Medio,Público,Positiva,2,No,Instituto,Cercana,Hombre,71,2,3
28,77,Alto,Alto,Sí,6,73,Bajo,Sí,3,Medio,Alto,Privado,Negativa,3,No,Universidad,Cercana,Mujer,71,2,3
15,99,Medio,Alto,Sí,6,73,Alto,Sí,1,Alto,Alto,Público,Negativa,5,No,Postgrado,Cercana,Hombre,72,2,3
23,74,Bajo,Bajo,No,9,61,Bajo,Sí,0,Medio,Bajo,Público,Positiva,4,No,Postgrado,Cercana,Hombre,64,1,2
21,97,Medio,Medio,No,8,71,Alto,Sí,2,Alto,Alto,Público,Neutral,1,No,Universidad,Moderada,Hombre,72,2,3
22,97,Bajo,Medio,No,8,75,Medio,Sí,1,Medio,Medio,Privado,Positiva,4,No,Postgrado,Cercana,Hombre,71,2,3
28,70,Medio,Medio,Sí,9,87,Bajo,Sí,0,Bajo,Medio,Público,Neutral,3,No,Instituto,Moderada,Hombre,66,2,4
24,92,Alto,Bajo,No,8,57,Medio,Sí,3,Medio,Medio,Privado,Positiva,3,No,Universidad,Cercana,Mujer,71,2,1
22,77,Medio,Medio,Sí,10,79,Alto,Sí,2,Medio,Bajo,Público,Neutral,2,No,Instituto,Cercana,Hombre,67,2,3
10,97,Alto,Alto,No,4,83,Bajo,Sí,1,Bajo,Alto,Público,Neutral,2,No,Postgrado,Cercana,Hombre,69,2,4
14,78,Alto,Medio,Sí,6,69,Alto,Sí,0,Medio,Medio,Público,Positiva,5,No,Universidad,Moderada,Mujer,67,2,2
19,90,Alto,Medio,Sí,6,77,Medio,Sí,0,Alto,Medio,Público,Neutral,4,No,Postgrado,Cercana,Hombre,71,2,3
21,79,Medio,Bajo,No,5,86,Bajo,Sí,1,Alto,Medio,Privado,Positiva,2,No,Instituto,Moderada,Mujer,66,2,4
13,69,Alto,Alto,No,7,73,Bajo,Sí,1,Medio,Bajo,Privado,Positiva,2,No,Instituto,Lejana,Hombre,62,1,3
34,68,Medio,Medio,No,7,67,Alto,Sí,0,Medio,Medio,Privado,Neutral,2,No,Instituto,Moderada,Hombre,67,2,2
29,77,Medio,Bajo,Sí,10,91,Alto,Sí,2,Bajo,Medio,Público,Negativa,4,No,Postgrado,Cercana,Mujer,70,2,5
24,90,Alto,Alto,No,8,99,Alto,Sí,0,Bajo,Medio,Público,Neutral,3,No,Universidad,Moderada,Mujer,72,2,5
20,84,Alto,Alto,No,6,61,Medio,Sí,3,Medio,Medio,Privado,Neutral,2,No,Instituto,Cercana,Hombre,69,2,2
19,88,Medio,Alto,No,8,94,Alto,Sí,1,Medio,Medio,Público,Neutral,3,No,Instituto,Moderada,Hombre,70,2,5
14,71,Alto,Alto,No,4,77,Medio,Sí,0,Medio,Medio,Público,Negativa,3,No,Instituto,Cercana,Mujer,64,1,3
20,79,Medio,Medio,Sí,7,72,Bajo,No,1,Medio,Medio,Público,Negativa,3,No,Instituto,Cercana,Hombre,65,2,3
22,62,Medio,Alto,Sí,7,95,Medio,Sí,2,Medio,Medio,Público,Negativa,2,No,Instituto,Cercana,Hombre,66,2,5
13,93,Bajo,Medio,No,6,96,Alto,Sí,2,Alto,Medio,Privado,Negativa,3,No,Instituto,Cercana,Mujer,68,2,5
22,100,Medio,Medio,Sí,7,64,Medio,Sí,2,Bajo,Medio,Privado,Positiva,3,No,Universidad,Cercana,Mujer,72,2,2
19,76,Medio,Bajo,Sí,6,68,Medio,Sí,2,Alto,Medio,Público,Positiva,3,No,Instituto,Moderada,Mujer,65,2,2
9,60,Medio,Bajo,Sí,6,93,Medio,Sí,3,Bajo,Alto,Privado,Neutral,2,No,Instituto,Moderada,Mujer,60,1,5
15,67,Medio,Medio,No,8,75,Medio,Sí,0,Alto,Alto,Público,Negativa,4,No,Postgrado,Cercana,Mujer,63,1,3
18,86,Bajo,Bajo,Sí,9,64,Bajo,Sí,3,Bajo,Alto,Público,Positiva,3,No,Instituto,Cercana,Mujer,66,2,2
31,84,Bajo,Medio,Sí,8,98,Bajo,Sí,1,Medio,Medio,Público,Positiva,4,No,Postgrado,Cercana,Mujer,73,2,5
23,92,Medio,Medio,Sí,6,61,Bajo,Sí,4,Bajo,Medio,Público,Positiva,4,No,Universidad,Cercana,Hombre,71,2,2
12,70,Medio,Medio,Sí,6,81,Bajo,Sí,1,Bajo,Medio,Público,Negativa,2,Sí,Instituto,Lejana,Hombre,59,1,4
23,91,Medio,Bajo,Sí,6,71,Medio,Sí,5,Bajo,Alto,Público,Neutral,3,No,Instituto,Moderada,Mujer,70,2,3
11,88,Medio,Bajo,Sí,7,73,Bajo,Sí,1,Medio,Bajo,Privado,Neutral,3,Sí,Universidad,Cercana,Mujer,63,1,3
26,73,Medio,Medio,No,6,55,Medio,Sí,1,Medio,Bajo,Público,Positiva,4,No,Postgrado,Cercana,Hombre,67,2,1
17,82,Bajo,Medio,Sí,9,63,Medio,Sí,2,Bajo,Medio,Privado,Neutral,2,No,Universidad,Moderada,Hombre,65,2,2
19,66,Medio,Bajo,No,7,58,Medio,Sí,5,Medio,Bajo,Público,Positiva,4,No,Universidad,Moderada,Mujer,64,1,1
28,78,Alto,Medio,No,8,87,Bajo,Sí,2,Bajo,Medio,Público,Positiva,2,No,Postgrado,Cercana,Hombre,71,2,4
12,95,Medio,Alto,Sí,5,85,Medio,Sí,2,Alto,Medio,Público,Negativa,2,No,Universidad,Cercana,Hombre,70,2,4
12,77,Medio,Bajo,Sí,6,90,Medio,Sí,2,Medio,Bajo,Público,Neutral,2,No,Instituto,Cercana,Mujer,63,1,5
16,94,Bajo,Medio,No,8,85,Medio,Sí,3,Bajo,Alto,Público,Neutral,2,No,Instituto,Cercana,Mujer,68,2,4
26,84,Medio,Medio,Sí,8,56,Medio,No,1,Medio,Medio,Público,Negativa,2,No,Universidad,Cercana,Mujer,67,2,1
11,68,Medio,Alto,Sí,5,99,Medio,Sí,1,Alto,Medio,Público,Neutral,4,No,Postgrado,Cercana,Mujer,66,2,5
3,83,Alto,Bajo,Sí,7,59,Bajo,Sí,2,Medio,Alto,Público,Positiva,5,No,Instituto,Moderada,Hombre,63,1,1
17,80,Medio,Medio,Sí,7,68,Medio,Sí,0,Medio,Medio,Privado,Negativa,5,Sí,Universidad,Cercana,Mujer,65,2,2
23,76,Medio,Alto,Sí,6,85,Bajo,Sí,2,Bajo,Medio,Público,Positiva,3,Sí,Instituto,Lejana,Hombre,66,2,4
27,65,Medio,Medio,Sí,8,57,Medio,Sí,2,Bajo,Bajo,Público,Negativa,4,No,Postgrado,Cercana,Mujer,65,2,1
17,77,Bajo,Medio,Sí,5,59,Medio,Sí,2,Medio,Alto,Privado,Neutral,4,No,Instituto,Cercana,Hombre,65,2,1
18,63,Alto,Bajo,No,6,94,Medio,Sí,2,Medio,Alto,Público,Neutral,2,Sí,Instituto,Cercana,Hombre,63,1,5
27,64,Medio,Alto,No,8,67,Medio,Sí,0,Bajo,Medio,Público,Positiva,3,No,Instituto,Cercana,Hombre,65,2,2
9,77,Bajo,Alto,Sí,7,83,Medio,Sí,1,Bajo,Alto,Privado,Neutral,4,Sí,Instituto,Lejana,Hombre,62,1,4
18,72,Medio,Medio,Sí,7,93,Medio,Sí,1,Medio,Medio,Público,Positiva,3,No,Universidad,Cercana,Mujer,66,2,5
21,97,Medio,Bajo,No,7,99,Medio,Sí,1,Alto,Medio,Público,Negativa,3,No,Postgrado,Cercana,Mujer,71,2,5
23,75,Bajo,Bajo,Sí,8,61,Alto,Sí,2,Bajo,Medio,Público,Positiva,2,No,Instituto,Lejana,Mujer,64,1,2
17,90,Medio,Medio,Sí,8,56,Bajo,Sí,0,Medio,Medio,Privado,Neutral,4,No,Universidad,Cercana,Mujer,67,2,1
20,81,Medio,Medio,No,8,87,Medio,Sí,1,Alto,Medio,Privado,Neutral,3,No,Instituto,Cercana,Hombre,68,2,4
5,88,Medio,Medio,No,7,59,Medio,Sí,3,Bajo,Medio,Público,Negativa,3,No,Universidad,Cercana,Mujer,63,1,1
16,70,Bajo,Medio,Sí,6,79,Alto,Sí,0,Alto,Alto,Público,Negativa,3,No,Universidad,Cercana,Mujer,64,1,3
23,98,Alto,Alto,Sí,6,77,Medio,Sí,1,Bajo,Alto,Público,Neutral,1,No,Postgrado,Cercana,Mujer,74,3,3
14,81,Bajo,Medio,Sí,5,78,Medio,Sí,2,Alto,Alto,Público,Positiva,4,No,Postgrado,Cercana,Hombre,68,2,3
20,93,Medio,Medio,Sí,6,82,Bajo,No,1,Medio,Alto,Público,Positiva,3,Sí,Instituto,Moderada,Mujer,68,2,4
23,75,Alto,Alto,Sí,6,93,Medio,No,2,Medio,Bajo,Público,Neutral,3,No,Postgrado,Moderada,Mujer,69,2,5
18,64,Bajo,Medio,Sí,9,64,Medio,Sí,4,Bajo,Medio,Público,Negativa,4,Sí,Instituto,Cercana,Hombre,61,1,2
21,87,Bajo,Alto,Sí,5,78,Alto,Sí,1,Bajo,Medio,Privado,Positiva,2,No,Instituto,Cercana,Mujer,69,2,3
14,60,Bajo,Bajo,Sí,9,67,Bajo,Sí,3,Alto,Alto,Público,Positiva,3,No,Instituto,Cercana,Mujer,61,1,2
19,79,Medio,Alto,Sí,7,66,Bajo,Sí,3,Alto,Medio,Público,Positiva,3,Sí,Instituto,Cercana,Hombre,67,2,2
24,68,Bajo,Alto,No,7,51,Medio,Sí,0,Bajo,Bajo,Privado,Neutral,4,No,Instituto,Cercana,Mujer,63,1,1
21,85,Medio,Medio,No,8,80,Medio,Sí,3,Bajo,Alto,Público,Positiva,3,Sí,Universidad,Moderada,Mujer,68,2,4
16,99,Medio,Medio,No,5,99,Bajo,No,0,Bajo,Medio,Privado,Neutral,5,No,Universidad,Moderada,Mujer,68,2,5
21,79,Medio,Bajo,Sí,6,88,Bajo,Sí,2,Alto,Medio,Público,Neutral,1,No,Instituto,Cercana,Hombre,67,2,4
24,93,Bajo,Medio,Sí,5,62,Alto,Sí,1,Alto,Medio,Privado,Negativa,3,No,Universidad,Moderada,Mujer,69,2,2
8,80,Alto,Medio,No,6,86,Medio,Sí,2,Bajo,Medio,Público,Neutral,3,No,Instituto,Cercana,Hombre,64,1,4
27,80,Bajo,Bajo,No,6,65,Bajo,Sí,1,Bajo,Medio,Público,Positiva,4,No,Postgrado,Cercana,Hombre,67,2,2
18,97,Medio,Alto,No,9,88,Bajo,Sí,1,Alto,Medio,Público,Neutral,3,Sí,Instituto,Cercana,Mujer,70,2,4
23,96,Bajo,Alto,Sí,6,93,Bajo,Sí,5,Bajo,Medio,Público,Negativa,4,No,Instituto,Cercana,Mujer,72,2,5
27,91,Bajo,Alto,No,4,67,Medio,Sí,1,Alto,Alto,Privado,Neutral,2,No,Instituto,Moderada,Mujer,71,2,2
12,72,Medio,Medio,No,6,50,Alto,Sí,1,Bajo,Medio,Público,Positiva,3,No,Universidad,Cercana,Hombre,62,1,1
16,82,Medio,Medio,Sí,8,65,Alto,Sí,2,Bajo,Medio,Privado,Positiva,5,Sí,Postgrado,Cercana,Hombre,67,2,2
18,69,Medio,Alto,Sí,9,60,Medio,Sí,3,Bajo,Medio,Público,Negativa,2,No,Universidad,Lejana,Mujer,64,1,1
15,78,Medio,Medio,Sí,7,81,Medio,Sí,0,Medio,Bajo,Público,Neutral,2,No,Instituto,Cercana,Hombre,64,1,4
30,79,Alto,Medio,No,6,65,Medio,Sí,1,Bajo,Medio,Público,Negativa,4,No,Postgrado,Cercana,Mujer,70,2,2
15,93,Medio,Medio,Sí,7,52,Medio,Sí,3,Bajo,Medio,Público,Negativa,5,No,Universidad,Cercana,Mujer,68,2,1
17,96,Medio,Medio,No,8,77,Medio,Sí,1,Medio,Medio,Público,Neutral,3,No,Postgrado,Cercana,Mujer,70,2,3
21,77,Medio,Bajo,Sí,5,94,Bajo,Sí,1,Medio,Alto,Público,Negativa,3,No,Instituto,Lejana,Hombre,65,2,5
13,61,Bajo,Bajo,No,7,73,Bajo,Sí,2,Alto,Medio,Público,Positiva,2,No,Instituto,Cercana,Mujer,59,1,3
18,94,Medio,Medio,Sí,7,69,Medio,Sí,1,Medio,Alto,Público,Positiva,2,No,Instituto,Lejana,Mujer,69,2,2
22,67,Medio,Medio,Sí,7,59,Alto,Sí,2,Bajo,Alto,Público,Positiva,3,No,Postgrado,Cercana,Hombre,67,2,1
18,85,Medio,Alto,No,7,69,Medio,Sí,2,Bajo,Medio,Privado,Positiva,4,No,Instituto,Cercana,Hombre,68,2,2
19,61,Medio,Medio,No,6,67,Bajo,Sí,1,Medio,Medio,Público,Positiva,1,No,Universidad,Cercana,Hombre,62,1,2
17,76,Alto,Medio,No,8,100,Bajo,No,0,Alto,Medio,Privado,Neutral,4,No,Instituto,Moderada,Hombre,65,2,5
11,99,Alto,Medio,Sí,7,52,Medio,Sí,0,Alto,Alto,Privado,Neutral,5,No,Universidad,Cercana,Mujer,69,2,1
22,64,Medio,Medio,Sí,7,62,Medio,Sí,3,Bajo,Medio,Privado,Neutral,4,No,Postgrado,Moderada,Mujer,65,2,2
31,77,Alto,Bajo,Sí,5,53,Alto,Sí,1,Medio,Medio,Público,Neutral,2,No,Instituto,Cercana,Mujer,68,2,1
20,72,Alto,Bajo,Sí,8,93,Medio,Sí,4,Bajo,Alto,Público,Positiva,2,No,Instituto,Cercana,Hombre,68,2,5
21,96,Alto,Medio,Sí,6,71,Alto,No,3,Medio,Medio,Público,Negativa,3,No,Instituto,Cercana,Mujer,71,2,3
24,95,Medio,Bajo,Sí,9,90,Medio,Sí,3,Bajo,Bajo,Público,Positiva,4,No,Instituto,Moderada,Hombre,71,2,5
12,70,Alto,Medio,No,5,85,Alto,Sí,1,Alto,Medio,Público,Positiva,3,No,Postgrado,Cercana,Mujer,66,2,4
30,63,Medio,Alto,Sí,8,96,Medio,Sí,4,Bajo,Medio,Privado,Positiva,3,No,Postgrado,Cercana,Mujer,71,2,5
21,85,Medio,Medio,No,4,51,Bajo,Sí,2,Bajo,Medio,Público,Neutral,3,No,Universidad,Cercana,Mujer,66,2,1
30,73,Alto,Bajo,No,4,60,Medio,Sí,0,Bajo,Bajo,Privado,Positiva,4,No,Instituto,Moderada,Mujer,66,2,1
16,87,Alto,Alto,Sí,6,85,Medio,Sí,2,Medio,Alto,Público,Neutral,1,No,Instituto,Cercana,Mujer,69,2,4
31,61,Medio,Medio,No,4,79,Medio,Sí,0,Bajo,Bajo,Público,Positiva,3,No,Instituto,Moderada,Mujer,65,2,3
25,65,Alto,Bajo,Sí,8,85,Medio,Sí,2,Bajo,Medio,Público,Negativa,3,No,Postgrado,Cercana,Mujer,66,2,4
23,87,Medio,Bajo,No,7,79,Medio,Sí,2,Medio,Medio,Público,Neutral,2,No,Instituto,Lejana,Hombre,67,2,3
21,68,Medio,Medio,No,9,79,Bajo,Sí,1,Alto,Alto,Privado,Negativa,4,No,Postgrado,Moderada,Mujer,66,2,3
19,94,Medio,Medio,No,7,97,Medio,Sí,0,Medio,Medio,Público,Neutral,3,No,Instituto,Cercana,Mujer,69,2,5
27,62,Alto,Bajo,No,7,96,Medio,Sí,2,Bajo,Medio,Público,Neutral,4,No,Instituto,Cercana,Hombre,66,2,5
21,69,Alto,Medio,Sí,7,52,Bajo,Sí,0,Bajo,Medio,Público,Negativa,3,No,Postgrado,Cercana,Hombre,64,1,1
8,100,Alto,Alto,Sí,6,71,Medio,Sí,0,Bajo,Alto,Público,Positiva,2,No,Postgrado,Cercana,Mujer,70,2,3
13,77,Bajo,Medio,Sí,6,76,Bajo,No,1,Medio,Bajo,Privado,Neutral,4,No,Universidad,Moderada,Hombre,62,1,3
19,88,Bajo,Medio,Sí,5,68,Alto,Sí,1,Bajo,Bajo,Público,Positiva,5,No,Instituto,Moderada,Hombre,67,2,2
22,67,Bajo,Medio,No,8,52,Medio,Sí,1,Medio,Bajo,Público,Negativa,2,Sí,Universidad,Moderada,Mujer,60,1,1
20,84,Bajo,Bajo,No,7,74,Bajo,Sí,1,Alto,Medio,Público,Neutral,3,No,Postgrado,Cercana,Mujer,66,2,3
27,89,Medio,Medio,Sí,7,99,Medio,Sí,0,Medio,Alto,Público,Positiva,2,No,Instituto,Cercana,Mujer,72,2,5
8,73,Medio,Alto,Sí,10,54,Medio,Sí,2,Medio,Medio,Público,Positiva,3,No,Instituto,Cercana,Hombre,63,1,1
21,93,Bajo,Bajo,Sí,6,91,Bajo,Sí,1,Alto,Medio,Público,Negativa,3,No,Postgrado,Cercana,Hombre,69,2,5
9,84,Alto,Alto,Sí,7,60,Alto,Sí,1,Bajo,Medio,Privado,Positiva,3,No,Universidad,Moderada,Hombre,66,2,1
25,76,Medio,Medio,Sí,7,79,Medio,Sí,2,Medio,Medio,Público,Positiva,2,No,Universidad,Cercana,Hombre,69,2,3
19,82,Alto,Medio,No,9,69,Bajo,Sí,2,Medio,Medio,Privado,Neutral,3,No,Universidad,Moderada,Hombre,68,2,2
23,83,Medio,Bajo,No,7,67,Medio,Sí,3,Bajo,Bajo,Público,Negativa,4,No,Instituto,Moderada,Mujer,66,2,2
15,67,Medio,Medio,Sí,7,94,Bajo,Sí,0,Alto,Bajo,Privado,Positiva,2,No,Postgrado,Moderada,Hombre,63,1,5
28,76,Medio,Medio,Sí,10,99,Alto,Sí,1,Medio,Medio,Público,Neutral,3,No,Instituto,Cercana,Hombre,70,2,5
26,74,Medio,Medio,No,6,69,Medio,Sí,2,Bajo,Alto,Público,Positiva,4,No,Postgrado,Moderada,Hombre,68,2,2
24,76,Medio,Medio,Sí,7,82,Medio,Sí,2,Medio,Medio,Público,Positiva,4,No,Universidad,Lejana,Hombre,68,2,4
19,90,Medio,Medio,No,8,78,Medio,Sí,1,Bajo,Medio,Privado,Neutral,3,No,Instituto,Moderada,Hombre,67,2,3
23,79,Alto,Alto,Sí,6,54,Bajo,Sí,1,Bajo,Medio,Público,Neutral,1,No,Instituto,Moderada,Hombre,67,2,1
16,98,Alto,Bajo,Sí,8,52,Medio,Sí,3,Bajo,Alto,Público,Neutral,3,No,Universidad,Moderada,Mujer,69,2,1
25,72,Medio,Medio,No,6,89,Bajo,Sí,3,Bajo,Alto,Público,Neutral,5,No,Instituto,Cercana,Hombre,68,2,4
30,77,Medio,Bajo,Sí,9,70,Medio,Sí,0,Medio,Alto,Público,Neutral,1,No,Instituto,Moderada,Hombre,67,2,2
26,91,Alto,Medio,Sí,8,65,Bajo,Sí,0,Medio,Alto,Público,Neutral,2,No,Instituto,Moderada,Hombre,70,2,2
16,82,Alto,Alto,No,7,99,Bajo,Sí,3,Medio,Medio,Público,Positiva,3,No,Postgrado,Moderada,Hombre,70,2,5
22,82,Medio,Bajo,No,5,54,Medio,Sí,2,Medio,Medio,Público,Neutral,2,No,Universidad,Moderada,Hombre,66,2,1
12,62,Alto,Alto,Sí,6,63,Alto,Sí,0,Bajo,Medio,Privado,Negativa,2,No,Instituto,Cercana,Hombre,61,1,2
23,76,Bajo,Alto,Sí,7,93,Medio,Sí,2,Bajo,Medio,Público,Negativa,2,No,Universidad,Cercana,Hombre,68,2,5
23,71,Bajo,Medio,Sí,8,71,Bajo,Sí,1,Bajo,Bajo,Público,Neutral,2,No,Postgrado,Cercana,Mujer,64,1,3
9,100,Bajo,Bajo,No,7,79,Medio,Sí,1,Bajo,Medio,Público,Positiva,2,No,Postgrado,Cercana,Hombre,66,2,3
13,72,Bajo,Alto,Sí,8,52,Medio,Sí,3,Alto,Alto,Privado,Positiva,4,No,Instituto,Cercana,Hombre,65,2,1
18,95,Medio,Alto,No,8,96,Medio,Sí,3,Medio,Bajo,Público,Negativa,6,No,Postgrado,Cercana,Hombre,73,2,5
18,87,Bajo,Bajo,No,8,57,Medio,No,3,Alto,Alto,Público,Positiva,4,No,Instituto,Cercana,Hombre,66,2,1
13,74,Alto,Alto,Sí,7,61,Medio,Sí,2,Bajo,Medio,Público,Positiva,3,No,Instituto,Moderada,Hombre,65,2,2
22,82,Medio,Alto,Sí,7,58,Medio,Sí,0,Medio,Medio,Público,Negativa,4,No,Universidad,Cercana,Hombre,68,2,1
22,94,Medio,Medio,Sí,7,75,Bajo,Sí,0,Bajo,Alto,Público,Neutral,3,No,Instituto,Cercana,Hombre,69,2,3
19,95,Bajo,Alto,Sí,6,91,Alto,Sí,1,Medio,Alto,Público,Neutral,4,No,Universidad,Cercana,Hombre,72,2,5
15,66,Medio,Medio,No,9,63,Medio,Sí,3,Medio,Medio,Privado,Neutral,3,No,Instituto,Cercana,Hombre,63,1,2
26,74,Bajo,Medio,No,8,57,Medio,Sí,0,Medio,Medio,Privado,Positiva,1,No,Instituto,Cercana,Hombre,65,2,1
30,73,Alto,Medio,Sí,9,70,Bajo,Sí,0,Medio,Medio,Público,Negativa,4,No,Universidad,Cercana,Hombre,69,2,2
17,62,Alto,Bajo,No,6,99,Medio,Sí,2,Medio,Medio,Privado,Negativa,3,No,Instituto,Lejana,Mujer,62,1,5
16,84,Medio,Alto,Sí,8,51,Bajo,Sí,0,Medio,Medio,Público,Negativa,3,No,Postgrado,Cercana,Mujer,66,2,1
23,94,Bajo,Bajo,Sí,9,75,Medio,Sí,3,Bajo,Medio,Privado,Neutral,2,No,Postgrado,Moderada,Mujer,69,2,3
18,75,Alto,Medio,Sí,9,83,Medio,Sí,2,Bajo,Medio,Público,Positiva,4,Sí,Postgrado,Moderada,Mujer,67,2,4
19,90,Medio,Alto,Sí,5,90,Bajo,Sí,0,Bajo,Medio,Público,Neutral,2,No,Universidad,Lejana,Mujer,94,5,5
24,85,Medio,Medio,Sí,7,87,Alto,Sí,2,Medio,Medio,Privado,Neutral,2,No,Instituto,Cercana,Mujer,71,2,4
9,75,Medio,Medio,No,7,54,Bajo,Sí,2,Bajo,Medio,Público,Positiva,4,No,Instituto,Cercana,Mujer,61,1,1
28,66,Alto,Medio,Sí,9,73,Medio,Sí,2,Bajo,Medio,Público,Positiva,2,No,Universidad,Cercana,Hombre,68,2,3
20,88,Medio,Medio,No,4,54,Bajo,Sí,0,Alto,Bajo,Público,Negativa,4,No,Instituto,Cercana,Hombre,66,2,1
18,94,Alto,Alto,Sí,5,81,Medio,Sí,0,Alto,Bajo,Público,Negativa,5,No,Instituto,Cercana,Mujer,71,2,4
19,87,Bajo,Medio,No,9,54,Bajo,Sí,3,Bajo,Alto,Público,Positiva,4,No,Instituto,Moderada,Mujer,66,2,1
20,61,Bajo,Medio,No,6,52,Medio,Sí,2,Bajo,Bajo,Privado,Negativa,2,No,Postgrado,Cercana,Hombre,60,1,1
10,69,Medio,Medio,Sí,5,65,Bajo,Sí,0,Medio,Medio,Privado,Positiva,3,No,Instituto,Cercana,Mujer,60,1,2
29,63,Bajo,Bajo,Sí,9,97,Alto,No,3,Medio,Alto,Público,Negativa,3,No,Instituto,Cercana,Hombre,66,2,5
20,83,Medio,Bajo,Sí,5,85,Medio,Sí,1,Alto,Alto,Público,Neutral,2,No,Universidad,Lejana,Hombre,67,2,4
23,90,Bajo,Bajo,No,9,50,Bajo,Sí,4,Medio,Medio,Privado,Neutral,3,No,Instituto,Moderada,Hombre,67,2,1
26,64,Medio,Medio,No,5,64,Medio,Sí,2,Alto,Medio,Público,Negativa,1,No,Instituto,Cercana,Hombre,64,1,2
14,94,Medio,Medio,No,5,51,Medio,Sí,0,Medio,Alto,Público,Neutral,3,No,Universidad,Cercana,Hombre,66,2,1
23,82,Alto,Bajo,No,7,65,Alto,Sí,1,Medio,Alto,Público,Negativa,3,No,Instituto,Cercana,Mujer,68,2,2
18,88,Alto,Bajo,Sí,6,84,Medio,Sí,1,Medio,Alto,Público,Positiva,3,No,Postgrado,Moderada,Mujer,70,2,4
25,99,Alto,Medio,Sí,7,88,Medio,Sí,3,Bajo,Medio,Privado,Positiva,4,No,Universidad,Moderada,Mujer,75,3,4
7,63,Alto,Alto,Sí,10,90,Medio,Sí,0,Bajo,Medio,Privado,Positiva,2,Sí,Instituto,Moderada,Hombre,86,4,5
19,96,Medio,Medio,Sí,7,95,Alto,Sí,3,Medio,Alto,Privado,Negativa,3,No,Universidad,Cercana,Mujer,73,2,5
16,65,Medio,Bajo,No,9,68,Medio,Sí,1,Alto,Medio,Público,Neutral,3,No,Instituto,Moderada,Hombre,61,1,2
23,76,Alto,Alto,No,7,93,Medio,Sí,0,Medio,Medio,Privado,Negativa,6,No,Instituto,Moderada,Hombre,68,2,5
23,94,Medio,Alto,No,8,86,Medio,Sí,1,Bajo,Alto,Público,Neutral,0,No,Universidad,Lejana,Mujer,70,2,4
16,96,Medio,Medio,Sí,4,77,Alto,Sí,1,Alto,Alto,Público,Positiva,2,No,Instituto,Cercana,Hombre,71,2,3
16,80,Alto,Medio,Sí,8,98,Alto,Sí,2,Medio,Alto,Privado,Positiva,4,No,Postgrado,Cercana,Hombre,71,2,5
19,84,Medio,Medio,No,8,97,Alto,Sí,2,Medio,Medio,Público,Neutral,1,Sí,Universidad,Cercana,Hombre,68,2,5
15,88,Alto,Alto,Sí,6,95,Medio,Sí,2,Bajo,Medio,Público,Negativa,4,No,Instituto,Cercana,Mujer,70,2,5
25,93,Medio,Medio,Sí,10,60,Bajo,Sí,1,Medio,Medio,Público,Positiva,3,No,Universidad,Moderada,Hombre,70,2,1
18,65,Medio,Alto,Sí,6,60,Bajo,Sí,0,Medio,Alto,Privado,Neutral,3,No,Instituto,Moderada,Mujer,62,1,1
3,92,Alto,Bajo,Sí,5,95,Alto,Sí,3,Medio,Medio,Público,Neutral,1,No,Postgrado,Cercana,Mujer,67,2,5
18,79,Medio,Medio,No,8,70,Alto,Sí,3,Medio,Medio,Público,Positiva,3,No,Universidad,Cercana,Mujer,68,2,2
14,78,Alto,Alto,Sí,5,90,Medio,Sí,1,Medio,Medio,Público,Neutral,3,No,Postgrado,Cercana,Mujer,68,2,5
10,77,Alto,Alto,No,7,84,Bajo,Sí,2,Bajo,Alto,Privado,Neutral,1,No,Instituto,Lejana,Hombre,64,1,4
13,80,Medio,Alto,No,9,88,Medio,Sí,1,Alto,Alto,Público,Positiva,3,No,Postgrado,Cercana,Hombre,68,2,4
21,98,Bajo,Alto,Sí,8,51,Medio,Sí,0,Medio,Medio,Público,Neutral,3,No,Instituto,Cercana,Hombre,69,2,1
28,82,Medio,Alto,No,7,71,Bajo,Sí,1,Medio,Alto,Público,Neutral,3,No,Instituto,Cercana,Hombre,70,2,3
22,98,Medio,Medio,Sí,6,93,Medio,Sí,4,Bajo,Medio,Público,Neutral,4,No,Instituto,Cercana,Mujer,73,2,5
16,67,Alto,Medio,Sí,9,74,Medio,Sí,1,Alto,Alto,Público,Positiva,3,No,Postgrado,Moderada,Hombre,66,2,3
23,89,Bajo,Medio,No,5,85,Bajo,Sí,0,Bajo,Medio,Público,Positiva,3,No,Postgrado,Moderada,Hombre,68,2,4
17,92,Bajo,Medio,Sí,8,88,Alto,No,1,Alto,Medio,Público,Neutral,3,No,Instituto,Cercana,Mujer,68,2,4
16,87,Bajo,Medio,Sí,10,56,Bajo,Sí,2,Medio,Alto,Privado,Neutral,0,No,Postgrado,Moderada,Mujer,65,2,1
13,84,Medio,Medio,Sí,8,58,Alto,Sí,2,Bajo,Bajo,Público,Neutral,3,No,Postgrado,Cercana,Mujer,66,2,1
9,83,Alto,Bajo,Sí,7,86,Medio,Sí,0,Bajo,Medio,Público,Negativa,1,No,Universidad,Lejana,Mujer,62,1,4
18,94,Bajo,Bajo,Sí,7,53,Bajo,Sí,3,Medio,Alto,Privado,Neutral,2,No,Instituto,Cercana,Mujer,67,2,1
21,93,Medio,Alto,Sí,6,67,Alto,Sí,1,Medio,Alto,Público,Positiva,3,No,Postgrado,Cercana,Mujer,73,2,2
19,65,Medio,Bajo,Sí,6,96,Medio,Sí,2,Medio,Alto,Privado,Neutral,2,No,Postgrado,Cercana,Hombre,65,2,5
18,94,Alto,Bajo,No,7,79,Alto,Sí,2,Alto,Medio,Privado,Neutral,4,No,Instituto,Cercana,Mujer,70,2,3
14,77,Alto,Medio,Sí,8,96,Medio,Sí,3,Medio,Medio,Público,Neutral,2,No,Postgrado,Cercana,Hombre,68,2,5
24,70,Alto,Medio,Sí,9,65,Medio,Sí,3,Medio,Bajo,Privado,Positiva,3,No,Instituto,Moderada,Hombre,67,2,2
12,95,Bajo,Medio,Sí,4,82,Alto,Sí,2,Bajo,Medio,Público,Negativa,3,No,Instituto,Moderada,Hombre,66,2,4
25,77,Medio,Bajo,No,4,64,Bajo,Sí,3,Bajo,Medio,Público,Neutral,4,Sí,Universidad,Cercana,Mujer,65,2,2
14,92,Alto,Bajo,Sí,9,56,Bajo,Sí,1,Medio,Medio,Público,Neutral,4,No,Instituto,Moderada,Mujer,66,2,1
15,71,Alto,Alto,No,7,100,Bajo,Sí,2,Bajo,Bajo,Público,Neutral,4,No,Instituto,Cercana,Hombre,66,2,5
11,60,Medio,Alto,No,7,59,Alto,Sí,2,Bajo,Medio,Público,Positiva,1,No,Universidad,Moderada,Hombre,60,1,1
17,80,Alto,Bajo,Sí,8,59,Medio,Sí,0,Alto,Alto,Público,Negativa,4,No,Universidad,Cercana,Mujer,66,2,1
26,64,Alto,Medio,Sí,7,92,Bajo,Sí,2,Bajo,Alto,Privado,Positiva,4,No,Universidad,Moderada,Mujer,68,2,5
23,90,Medio,Medio,Sí,10,90,Bajo,Sí,3,Bajo,Medio,Público,Positiva,5,No,Instituto,Cercana,Hombre,72,2,5
26,71,Bajo,Alto,No,8,99,Medio,No,1,Medio,Medio,Público,Positiva,3,No,Universidad,Cercana,Hombre,68,2,5
23,78,Medio,Medio,Sí,6,54,Alto,Sí,0,Bajo,Medio,Público,Neutral,3,No,Postgrado,Cercana,Mujer,67,2,1
13,63,Alto,Medio,No,6,55,Alto,Sí,0,Medio,Bajo,Público,Positiva,4,No,Postgrado,Cercana,Hombre,62,1,1
18,71,Medio,Medio,No,7,72,Alto,Sí,0,Alto,Alto,Público,Positiva,5,No,Universidad,Moderada,Mujer,66,2,3
15,91,Alto,Medio,No,6,80,Medio,Sí,0,Bajo,Medio,Privado,Positiva,3,No,Postgrado,Cercana,Hombre,69,2,4
28,66,Medio,Medio,No,10,52,Bajo,Sí,0,Bajo,Alto,Público,Positiva,3,No,Instituto,Cercana,Hombre,64,1,1
13,86,Bajo,Medio,No,7,58,Medio,No,0,Medio,Medio,Privado,Positiva,3,No,Instituto,Cercana,Hombre,63,1,1
25,97,Bajo,Alto,Sí,5,85,Medio,Sí,2,Alto,Medio,Público,Positiva,2,No,Instituto,Cercana,Hombre,74,3,4
25,87,Alto,Medio,Sí,8,83,Medio,Sí,0,Medio,Alto,Privado,Positiva,4,No,Universidad,Moderada,Hombre,72,2,4
31,92,Medio,Medio,Sí,9,54,Medio,No,1,Bajo,Medio,Privado,Positiva,3,No,Universidad,Cercana,Hombre,71,2,1
18,64,Bajo,Alto,Sí,9,97,Medio,Sí,2,Medio,Medio,Público,Negativa,3,No,Instituto,Moderada,Mujer,64,1,5
24,70,Alto,Alto,No,6,63,Bajo,No,0,Bajo,Medio,Público,Neutral,3,No,Instituto,Cercana,Hombre,65,2,2
34,96,Medio,Medio,Sí,5,94,Alto,Sí,1,Medio,Alto,Público,Negativa,5,Sí,Instituto,Moderada,Mujer,75,3,5
16,89,Alto,Medio,No,9,96,Medio,Sí,2,Medio,Bajo,Público,Positiva,3,No,Universidad,Lejana,Hombre,69,2,5
11,86,Medio,Medio,No,5,75,Medio,Sí,1,Medio,Bajo,Público,Neutral,4,No,Postgrado,Moderada,Mujer,65,2,3
9,87,Bajo,Bajo,No,8,71,Bajo,No,0,Bajo,Alto,Público,Neutral,1,No,Universidad,Moderada,Hombre,60,1,3
24,77,Medio,Medio,Sí,6,64,Medio,Sí,2,Alto,Medio,Público,Positiva,4,No,Instituto,Cercana,Hombre,69,2,2
9,62,Alto,Alto,Sí,9,90,Alto,Sí,4,Alto,Medio,Público,Neutral,4,No,Universidad,Lejana,Hombre,65,2,5
18,91,Bajo,Medio,Sí,5,60,Bajo,Sí,0,Alto,Alto,Privado,Positiva,4,No,Instituto,Moderada,Hombre,67,2,1
23,87,Alto,Bajo,No,6,81,Bajo,Sí,5,Medio,Alto,Privado,Neutral,2,No,Instituto,Lejana,Mujer,70,2,4
21,79,Medio,Bajo,Sí,8,78,Bajo,Sí,1,Bajo,Alto,Público,Positiva,4,No,Universidad,Moderada,Mujer,66,2,3
23,96,Medio,Medio,Sí,8,62,Medio,Sí,0,Bajo,Alto,Público,Neutral,4,No,Instituto,Moderada,Mujer,69,2,2
21,73,Medio,Medio,Sí,9,99,Medio,Sí,2,Medio,Alto,Público,Neutral,3,No,Postgrado,Cercana,Hombre,69,2,5
28,72,Alto,Medio,Sí,8,92,Bajo,Sí,1,Medio,Medio,Público,Negativa,2,No,Instituto,Cercana,Mujer,68,2,5
14,95,Medio,Medio,Sí,8,51,Medio,Sí,5,Medio,Medio,Privado,Positiva,4,No,Universidad,Cercana,Mujer,70,2,1
16,92,Medio,Bajo,No,9,71,Alto,Sí,2,Bajo,Medio,Privado,Neutral,2,No,Instituto,Moderada,Mujer,66,2,3
15,81,Alto,Medio,No,5,68,Bajo,No,0,Medio,Alto,Público,Positiva,3,No,Instituto,Cercana,Mujer,65,2,2
25,65,Bajo,Medio,No,6,94,Medio,Sí,1,Bajo,Alto,Público,Negativa,4,No,Universidad,Cercana,Hombre,65,2,5
25,69,Bajo,Medio,Sí,5,63,Medio,Sí,1,Alto,Medio,Privado,Neutral,2,No,Instituto,Cercana,Hombre,65,2,2
23,86,Bajo,Medio,Sí,4,100,Medio,Sí,0,Bajo,Alto,Público,Negativa,3,No,Postgrado,Cercana,Hombre,69,2,5
27,75,Medio,Medio,No,8,60,Medio,Sí,4,Medio,Medio,Público,Positiva,2,No,Postgrado,Moderada,Mujer,69,2,1
13,93,Medio,Alto,No,9,62,Bajo,Sí,0,Bajo,Medio,Privado,Neutral,3,No,Instituto,Moderada,Hombre,65,2,2
30,98,Alto,Alto,Sí,8,83,Alto,No,1,Bajo,Alto,Público,Neutral,3,No,Instituto,Cercana,Mujer,76,3,4
29,92,Medio,Alto,No,8,58,Bajo,Sí,2,Medio,Bajo,Privado,Neutral,3,No,Universidad,Cercana,Hombre,72,2,1
24,75,Medio,Bajo,No,7,94,Medio,Sí,2,Medio,Alto,Público,Negativa,4,No,Instituto,Cercana,Hombre,67,2,5
31,92,Alto,Medio,Sí,7,55,Medio,Sí,3,Bajo,Alto,Público,Positiva,3,No,Instituto,Cercana,Hombre,74,3,1
10,74,Medio,Medio,Sí,10,99,Alto,Sí,2,Medio,Alto,Público,Neutral,3,No,Universidad,Cercana,Hombre,66,2,5
17,67,Alto,Alto,Sí,9,94,Medio,Sí,2,Bajo,Bajo,Privado,Positiva,3,No,Instituto,Cercana,Mujer,66,2,5
16,61,Medio,Alto,No,6,92,Alto,Sí,4,Alto,Alto,Público,Neutral,3,No,Instituto,Cercana,Hombre,66,2,5
24,75,Bajo,Alto,Sí,9,70,Alto,Sí,5,Alto,Alto,Público,Negativa,5,No,Universidad,Cercana,Mujer,71,2,2
14,96,Medio,Bajo,No,9,76,Medio,Sí,0,Bajo,Alto,Público,Neutral,3,No,Instituto,Moderada,Hombre,66,2,3
25,70,Bajo,Alto,No,8,73,Alto,Sí,1,Bajo,Bajo,Público,Negativa,2,No,Postgrado,Cercana,Hombre,65,2,3
28,68,Bajo,Alto,Sí,8,99,Medio,Sí,1,Alto,Medio,Público,Neutral,3,No,Instituto,Cercana,Mujer,69,2,5
24,99,Medio,Bajo,Sí,8,52,Bajo,Sí,1,Bajo,Alto,Público,Negativa,2,No,Instituto,Cercana,Hombre,69,2,1
22,61,Medio,Medio,Sí,5,69,Bajo,Sí,2,Bajo,Alto,Público,Neutral,2,No,Instituto,Lejana,Mujer,63,1,2
14,91,Bajo,Medio,No,5,98,Alto,Sí,0,Alto,Alto,Público,Neutral,3,No,Instituto,Cercana,Mujer,68,2,5
15,73,Medio,Medio,No,8,68,Medio,Sí,1,Alto,Medio,Público,Neutral,3,No,Instituto,Cercana,Mujer,64,1,2
27,61,Medio,Medio,No,5,70,Medio,Sí,2,Bajo,Bajo,Público,Neutral,2,No,Universidad,Cercana,Hombre,64,1,2
25,97,Medio,Alto,Sí,5,82,Alto,Sí,1,Bajo,Alto,Público,Negativa,5,No,Universidad,Moderada,Hombre,73,2,4
20,66,Bajo,Alto,Sí,4,95,Alto,Sí,2,Alto,Medio,Público,Neutral,2,No,Instituto,Moderada,Mujer,66,2,5
17,82,Medio,Alto,No,6,65,Bajo,Sí,4,Bajo,Medio,Privado,Positiva,3,No,Instituto,Moderada,Mujer,67,2,2
8,71,Alto,Medio,Sí,8,97,Medio,Sí,3,Medio,Medio,Privado,Neutral,1,Sí,Instituto,Cercana,Mujer,63,1,5
14,63,Medio,Medio,Sí,8,64,Alto,Sí,1,Bajo,Medio,Público,Neutral,3,No,Instituto,Moderada,Hombre,61,1,2
31,62,Medio,Medio,Sí,8,91,Alto,Sí,4,Alto,Alto,Público,Positiva,4,No,Instituto,Moderada,Hombre,71,2,5
12,65,Bajo,Medio,Sí,6,64,Medio,Sí,1,Medio,Medio,Público,Positiva,3,No,Universidad,Cercana,Mujer,61,1,2
21,63,Medio,Bajo,Sí,7,54,Bajo,Sí,1,Medio,Medio,Privado,Positiva,3,No,Universidad,Moderada,Mujer,62,1,1
26,90,Alto,Alto,Sí,8,91,Medio,Sí,1,Alto,Alto,Privado,Neutral,4,Sí,Instituto,Cercana,Hombre,74,3,5
12,79,Medio,Medio,No,8,73,Medio,Sí,2,Medio,Medio,Privado,Neutral,4,No,Instituto,Cercana,Hombre,65,2,3
21,74,Bajo,Bajo,Sí,6,70,Bajo,Sí,2,Bajo,Alto,Público,Positiva,3,No,Instituto,Moderada,Mujer,64,1,2
26,77,Bajo,Bajo,No,7,71,Medio,Sí,1,Medio,Alto,Público,Neutral,4,No,Postgrado,Moderada,Hombre,66,2,3
20,97,Alto,Alto,Sí,4,81,Medio,Sí,1,Medio,Medio,Público,Positiva,2,Sí,Instituto,Cercana,Hombre,72,2,4
37,96,Alto,Medio,Sí,7,63,Medio,Sí,0,Medio,Alto,Privado,Positiva,4,No,Instituto,Cercana,Hombre,76,3,2
10,89,Medio,Medio,Sí,6,62,Medio,Sí,4,Bajo,Medio,Público,Positiva,3,No,Postgrado,Moderada,Hombre,67,2,2
26,95,Medio,Alto,No,9,74,Bajo,Sí,3,Bajo,Medio,Privado,Neutral,3,Sí,Instituto,Cercana,Mujer,71,2,3
19,73,Alto,Medio,No,6,52,Medio,Sí,1,Medio,Medio,Público,Positiva,3,No,Instituto,Cercana,Hombre,65,2,1
25,75,Bajo,Bajo,Sí,7,82,Medio,Sí,3,Medio,Alto,Privado,Negativa,4,No,Postgrado,Cercana,Hombre,68,2,4
23,85,Medio,Medio,Sí,6,91,Bajo,Sí,1,Bajo,Alto,Público,Neutral,3,No,Instituto,Lejana,Hombre,68,2,5
16,85,Alto,Bajo,Sí,6,86,Bajo,Sí,3,Alto,Alto,Privado,Neutral,2,No,Instituto,Lejana,Hombre,67,2,4
21,79,Medio,Bajo,No,8,73,Medio,Sí,1,Bajo,Bajo,Público,Neutral,2,No,Instituto,Cercana,Mujer,64,1,3
9,76,Bajo,Alto,No,6,78,Bajo,No,0,Medio,Medio,Público,Negativa,4,Sí,Postgrado,Cercana,Hombre,60,1,3
24,99,Medio,Medio,No,10,51,Bajo,Sí,1,Bajo,Medio,Público,Neutral,3,No,Instituto,Cercana,Hombre,70,2,1
22,93,Alto,Medio,Sí,4,96,Alto,Sí,1,Alto,Bajo,Privado,Positiva,2,No,Universidad,Cercana,Hombre,73,2,5
24,77,Medio,Medio,Sí,8,78,Bajo,Sí,2,Alto,Alto,Privado,Positiva,3,No,Instituto,Moderada,Hombre,69,2,3
26,89,Alto,Medio,No,7,66,Medio,Sí,0,Bajo,Medio,Público,Neutral,5,Sí,Universidad,Cercana,Hombre,70,2,2
22,71,Medio,Medio,No,7,65,Bajo,Sí,1,Bajo,Medio,Público,Neutral,3,No,Universidad,Cercana,Hombre,64,1,2
21,64,Alto,Bajo,Sí,7,83,Alto,Sí,2,Bajo,Bajo,Público,Neutral,3,No,Instituto,Moderada,Mujer,64,1,4
15,74,Alto,Medio,Sí,8,79,Medio,Sí,0,Alto,Medio,Público,Negativa,3,No,Universidad,Cercana,Hombre,65,2,3
16,76,Medio,Medio,No,7,59,Bajo,Sí,0,Bajo,Medio,Público,Neutral,2,No,Universidad,Cercana,Mujer,62,1,1
27,61,Medio,Medio,Sí,9,70,Medio,Sí,0,Medio,Medio,Público,Neutral,2,No,Instituto,Cercana,Hombre,64,1,2
29,93,Medio,Medio,Sí,7,84,Medio,Sí,0,Alto,Medio,Público,Neutral,3,No,Universidad,Moderada,Hombre,72,2,4
19,74,Medio,Bajo,Sí,5,65,Alto,No,1,Bajo,Alto,Público,Positiva,3,No,Instituto,Cercana,Hombre,64,1,2
20,83,Medio,Medio,Sí,7,75,Medio,Sí,0,Medio,Medio,Público,Neutral,4,No,Instituto,Cercana,Mujer,67,2,3
15,63,Alto,Alto,Sí,9,63,Bajo,No,4,Alto,Alto,Privado,Negativa,3,No,Universidad,Cercana,Hombre,64,1,2
27,67,Bajo,Medio,No,6,54,Medio,Sí,0,Medio,Bajo,Privado,Negativa,2,No,Instituto,Lejana,Hombre,61,1,1
24,96,Medio,Alto,Sí,5,69,Medio,Sí,1,Bajo,Medio,Público,Positiva,4,No,Instituto,Cercana,Hombre,72,2,2
32,84,Medio,Medio,Sí,8,87,Medio,No,2,Medio,Medio,Público,Positiva,1,No,Instituto,Lejana,Hombre,70,2,4
15,98,Medio,Alto,No,8,61,Medio,Sí,4,Bajo,Medio,Público,Positiva,2,No,Instituto,Moderada,Mujer,70,2,2
18,100,Medio,Medio,No,6,88,Medio,Sí,2,Medio,Medio,Público,Neutral,2,No,Universidad,Moderada,Hombre,71,2,4
21,75,Alto,Alto,No,7,83,Bajo,Sí,1,Medio,Medio,Público,Positiva,2,No,Universidad,Cercana,Mujer,68,2,4
24,72,Medio,Medio,No,7,75,Medio,Sí,3,Alto,Medio,Privado,Neutral,2,No,Universidad,Cercana,Mujer,68,2,3
19,94,Alto,Alto,No,7,99,Medio,Sí,0,Bajo,Medio,Público,Neutral,1,Sí,Instituto,Cercana,Hombre,70,2,5
15,100,Alto,Alto,No,8,94,Alto,Sí,2,Medio,Alto,Público,Negativa,3,No,Universidad,Cercana,Hombre,73,2,5
25,85,Alto,Medio,No,6,78,Bajo,Sí,2,Medio,Alto,Público,Neutral,1,No,Instituto,Lejana,Mujer,69,2,3
24,92,Medio,Alto,No,8,78,Alto,Sí,0,Medio,Medio,Público,Neutral,3,No,Instituto,Cercana,Hombre,71,2,3
15,91,Bajo,Medio,No,6,64,Bajo,Sí,1,Bajo,Alto,Público,Positiva,3,Sí,Instituto,Cercana,Hombre,64,1,2
28,74,Medio,Medio,No,9,96,Bajo,Sí,0,Medio,Medio,Privado,Neutral,3,No,Instituto,Cercana,Mujer,68,2,5
27,83,Medio,Medio,No,10,95,Medio,Sí,0,Alto,Bajo,Privado,Neutral,4,No,Instituto,Moderada,Mujer,69,2,5
21,93,Alto,Bajo,No,6,87,Medio,Sí,1,Bajo,Alto,Público,Positiva,2,No,Instituto,Cercana,Mujer,70,2,4
20,88,Medio,Medio,No,5,56,Medio,Sí,1,Bajo,Medio,Público,Neutral,4,No,Instituto,Cercana,Mujer,67,2,1
23,61,Medio,Alto,Sí,8,85,Medio,Sí,1,Medio,Alto,Privado,Positiva,0,No,Instituto,Cercana,Hombre,66,2,4
15,73,Medio,Alto,No,7,63,Medio,Sí,2,Medio,Medio,Público,Neutral,5,No,Postgrado,Moderada,Hombre,65,2,2
20,66,Medio,Alto,Sí,8,59,Bajo,Sí,4,Medio,Medio,Público,Positiva,3,No,Universidad,Cercana,Hombre,66,2,1
7,69,Bajo,Medio,Sí,6,88,Medio,Sí,0,Bajo,Alto,Privado,Negativa,4,No,Postgrado,Cercana,Mujer,61,1,4
25,96,Bajo,Medio,No,7,98,Medio,Sí,0,Bajo,Medio,Público,Positiva,2,No,Instituto,Cercana,Mujer,71,2,5
11,61,Alto,Bajo,Sí,6,55,Medio,Sí,5,Alto,Bajo,Público,Neutral,3,No,Instituto,Lejana,Hombre,60,1,1
29,69,Medio,Medio,Sí,7,58,Medio,Sí,1,Bajo,Bajo,Público,Positiva,2,No,Universidad,Cercana,Hombre,66,2,1
18,72,Bajo,Bajo,Sí,5,61,Bajo,Sí,1,Medio,Medio,Privado,Negativa,4,No,Universidad,Moderada,Hombre,61,1,2
19,85,Medio,Medio,Sí,7,98,Alto,Sí,2,Medio,Medio,Público,Negativa,3,Sí,Instituto,Moderada,Mujer,68,2,5
16,81,Medio,Alto,Sí,5,85,Alto,No,2,Bajo,Medio,Público,Positiva,3,No,Universidad,Cercana,Hombre,68,2,4
18,69,Medio,Medio,Sí,6,84,Medio,Sí,2,Bajo,Medio,Público,Positiva,4,No,Instituto,Cercana,Hombre,65,2,4
29,67,Alto,Bajo,No,7,75,Medio,No,3,Bajo,Medio,Público,Neutral,1,No,Instituto,Cercana,Mujer,65,2,3
5,69,Medio,Medio,Sí,8,77,Medio,No,2,Bajo,Alto,Público,Negativa,2,No,Universidad,Cercana,Mujer,60,1,3
28,80,Bajo,Medio,No,8,65,Bajo,Sí,2,Bajo,Medio,Privado,Neutral,2,No,Universidad,Cercana,Hombre,67,2,2
22,71,Alto,Medio,No,8,58,Medio,No,2,Bajo,Medio,Público,Negativa,4,No,Universidad,Cercana,Mujer,65,2,1
13,98,Alto,Medio,Sí,5,89,Alto,Sí,1,Alto,Medio,Público,Negativa,3,No,Instituto,Cercana,Hombre,70,2,4
14,79,Medio,Medio,No,9,74,Medio,Sí,1,Medio,Medio,Público,Neutral,4,No,Instituto,Cercana,Hombre,64,1,3
30,62,Medio,Alto,Sí,6,63,Medio,Sí,2,Bajo,Alto,Público,Positiva,4,No,Instituto,Moderada,Hombre,68,2,2
14,89,Alto,Medio,No,6,82,Alto,Sí,2,Medio,Medio,Público,Negativa,4,No,Universidad,Moderada,Mujer,69,2,4
13,73,Medio,Alto,Sí,7,60,Alto,Sí,0,Alto,Alto,Público,Neutral,3,No,Universidad,Cercana,Mujer,65,2,1
27,86,Medio,Medio,No,6,74,Medio,Sí,2,Alto,Alto,Privado,Neutral,3,No,Instituto,Cercana,Hombre,71,2,3
22,71,Medio,Medio,Sí,8,60,Bajo,Sí,1,Medio,Alto,Público,Neutral,4,No,Instituto,Moderada,Mujer,65,2,1
14,83,Medio,Alto,Sí,8,88,Bajo,Sí,0,Alto,Medio,Público,Negativa,2,Sí,Instituto,Moderada,Hombre,65,2,4
21,91,Medio,Medio,Sí,6,66,Alto,Sí,0,Medio,Medio,Público,Positiva,2,Sí,Universidad,Lejana,Mujer,68,2,2
14,97,Medio,Bajo,No,7,72,Alto,Sí,1,Bajo,Bajo,Público,Neutral,3,No,Instituto,Cercana,Mujer,66,2,3
27,70,Bajo,Bajo,Sí,7,88,Medio,No,1,Alto,Medio,Público,Neutral,3,No,Instituto,Cercana,Hombre,65,2,4
26,73,Alto,Alto,Sí,8,83,Bajo,Sí,2,Medio,Medio,Público,Positiva,4,No,Universidad,Cercana,Hombre,71,2,4
23,79,Bajo,Medio,Sí,6,70,Medio,Sí,3,Medio,Alto,Público,Negativa,4,No,Postgrado,Moderada,Mujer,68,2,2
22,97,Medio,Medio,Sí,6,54,Medio,No,2,Alto,Medio,Público,Neutral,2,No,Universidad,Cercana,Hombre,70,2,1
31,96,Medio,Bajo,No,5,96,Bajo,Sí,3,Bajo,Alto,Privado,Neutral,2,No,Universidad,Cercana,Mujer,74,3,5
20,64,Alto,Bajo,Sí,6,50,Alto,Sí,0,Bajo,Medio,Privado,Neutral,2,No,Instituto,Cercana,Hombre,62,1,1
13,65,Medio,Alto,No,5,87,Bajo,Sí,1,Medio,Medio,Público,Positiva,2,Sí,Instituto,Moderada,Mujer,61,1,4
23,80,Alto,Alto,Sí,6,97,Medio,Sí,0,Medio,Medio,Privado,Neutral,3,No,Instituto,Cercana,Hombre,70,2,5
33,64,Bajo,Medio,Sí,9,65,Medio,Sí,0,Medio,Medio,Público,Negativa,2,No,Universidad,Moderada,Hombre,65,2,2
14,74,Medio,Medio,Sí,8,54,Alto,Sí,2,Bajo,Bajo,Público,Neutral,2,No,Instituto,Moderada,Hombre,62,1,1
18,66,Alto,Alto,No,9,62,Medio,Sí,2,Alto,Medio,Público,Neutral,4,No,Instituto,Moderada,Mujer,65,2,2
22,85,Alto,Medio,No,6,66,Bajo,Sí,0,Bajo,Medio,Privado,Positiva,4,No,Universidad,Cercana,Hombre,68,2,2
20,98,Medio,Alto,Sí,4,73,Medio,Sí,2,Medio,Bajo,Privado,Positiva,1,No,Instituto,Lejana,Hombre,70,2,3
14,100,Medio,Bajo,No,7,76,Bajo,Sí,1,Medio,Medio,Privado,Neutral,3,No,Postgrado,Cercana,Mujer,68,2,3
27,75,Bajo,Medio,No,10,86,Medio,No,3,Medio,Medio,Privado,Positiva,6,No,Postgrado,Cercana,Mujer,69,2,4
34,84,Medio,Alto,Sí,6,95,Medio,Sí,1,Bajo,Medio,Privado,Neutral,3,No,Postgrado,Lejana,Hombre,73,2,5
21,94,Medio,Medio,Sí,7,73,Medio,Sí,1,Medio,Medio,Privado,Positiva,5,No,Universidad,Cercana,Mujer,71,2,3
15,65,Bajo,Alto,Sí,5,87,Medio,Sí,0,Bajo,Alto,Privado,Neutral,4,No,Instituto,Cercana,Mujer,63,1,4
11,88,Alto,Medio,Sí,7,56,Bajo,Sí,2,Medio,Medio,Público,Neutral,2,No,Universidad,Cercana,Hombre,66,2,1
22,76,Alto,Bajo,Sí,7,66,Bajo,Sí,1,Bajo,Alto,Privado,Positiva,4,No,Postgrado,Cercana,Hombre,67,2,2
27,68,Bajo,Alto,No,4,56,Medio,Sí,0,Bajo,Alto,Público,Neutral,1,No,Instituto,Cercana,Mujer,64,1,1
23,76,Medio,Bajo,Sí,5,85,Medio,Sí,1,Medio,Bajo,Público,Neutral,3,No,Instituto,Cercana,Mujer,66,2,4
20,63,Alto,Alto,Sí,5,95,Medio,Sí,2,Alto,Alto,Público,Positiva,3,No,Universidad,Cercana,Hombre,69,2,5
16,88,Medio,Alto,Sí,5,94,Alto,Sí,4,Medio,Medio,Privado,Positiva,6,No,Universidad,Moderada,Hombre,72,2,5
13,70,Medio,Alto,Sí,6,66,Medio,Sí,1,Medio,Medio,Público,Negativa,4,No,Instituto,Cercana,Hombre,63,1,2
25,72,Medio,Alto,Sí,8,62,Medio,Sí,2,Bajo,Medio,Público,Positiva,2,No,Instituto,Cercana,Mujer,67,2,2
25,65,Bajo,Medio,No,6,64,Medio,Sí,1,Medio,Medio,Privado,Negativa,4,No,Universidad,Cercana,Hombre,64,1,2
11,95,Medio,Medio,Sí,9,64,Alto,Sí,4,Bajo,Medio,Público,Positiva,4,No,Instituto,Moderada,Hombre,68,2,2
30,80,Alto,Alto,No,6,54,Alto,Sí,1,Alto,Medio,Público,Positiva,3,No,Instituto,Moderada,Mujer,71,2,1
23,83,Medio,Bajo,Sí,7,57,Medio,No,2,Medio,Alto,Público,Positiva,4,No,Instituto,Moderada,Mujer,67,2,1
28,83,Medio,Bajo,No,8,61,Medio,Sí,1,Bajo,Medio,Privado,Negativa,5,Sí,Postgrado,Cercana,Hombre,67,2,2
12,76,Medio,Medio,Sí,9,50,Medio,Sí,2,Medio,Alto,Público,Negativa,3,No,Universidad,Cercana,Hombre,64,1,1
12,68,Alto,Bajo,No,6,52,Bajo,Sí,5,Alto,Alto,Público,Neutral,3,No,Universidad,Cercana,Hombre,63,1,1
19,90,Alto,Alto,No,8,85,Medio,Sí,2,Medio,Medio,Público,Neutral,4,No,Universidad,Cercana,Hombre,72,2,4
23,65,Bajo,Medio,Sí,6,81,Bajo,Sí,2,Bajo,Medio,Público,Neutral,2,No,Instituto,Cercana,Mujer,63,1,4
31,64,Alto,Medio,No,10,97,Bajo,Sí,2,Medio,Medio,Privado,Negativa,4,No,Instituto,Lejana,Mujer,67,2,5
24,88,Bajo,Medio,Sí,5,70,Medio,No,1,Bajo,Medio,Privado,Positiva,2,No,Postgrado,Cercana,Hombre,68,2,2
19,68,Bajo,Alto,Sí,8,72,Alto,Sí,2,Bajo,Alto,Privado,Neutral,3,No,Universidad,Lejana,Hombre,64,1,3
14,72,Medio,Alto,No,9,53,Medio,Sí,4,Medio,Medio,Público,Negativa,3,No,Postgrado,Cercana,Hombre,65,2,1
27,79,Medio,Bajo,Sí,5,58,Alto,Sí,2,Medio,Medio,Privado,Neutral,1,No,Postgrado,Lejana,Mujer,68,2,1
14,78,Medio,Alto,Sí,8,85,Medio,Sí,2,Bajo,Medio,Privado,Negativa,4,No,Instituto,Cercana,Hombre,66,2,4
30,88,Medio,Medio,Sí,6,62,Alto,Sí,4,Bajo,Medio,Privado,Positiva,5,No,Universidad,Lejana,Mujer,73,2,2
18,85,Bajo,Medio,Sí,10,89,Medio,Sí,1,Alto,Medio,Privado,Positiva,3,No,Instituto,Cercana,Mujer,68,2,4
30,86,Medio,Alto,No,4,85,Alto,Sí,2,Medio,Medio,Privado,Neutral,5,Sí,Postgrado,Lejana,Hombre,72,2,4
24,89,Medio,Medio,Sí,5,87,Medio,No,3,Alto,Medio,Público,Neutral,0,No,Instituto,Cercana,Mujer,70,2,4
19,72,Medio,Medio,Sí,5,85,Alto,Sí,1,Bajo,Medio,Privado,Neutral,4,No,Universidad,Cercana,Mujer,66,2,4
17,73,Bajo,Medio,Sí,5,85,Alto,Sí,3,Medio,Medio,Público,Positiva,1,No,Universidad,Cercana,Mujer,66,2,4
18,78,Bajo,Bajo,Sí,8,77,Medio,Sí,2,Medio,Alto,Privado,Neutral,4,No,Universidad,Cercana,Mujer,66,2,3
23,72,Alto,Bajo,Sí,10,84,Bajo,Sí,2,Bajo,Medio,Público,Negativa,2,No,Instituto,Moderada,Hombre,65,2,4
20,99,Alto,Bajo,Sí,9,76,Alto,Sí,2,Bajo,Medio,Público,Neutral,5,No,Universidad,Lejana,Hombre,71,2,3
16,93,Bajo,Medio,Sí,7,60,Medio,Sí,1,Medio,Medio,Público,Positiva,1,No,Instituto,Moderada,Mujer,66,2,1
19,67,Medio,Bajo,No,7,61,Alto,Sí,1,Medio,Medio,Privado,Neutral,4,No,Universidad,Moderada,Mujer,63,1,2
20,60,Medio,Medio,Sí,6,70,Medio,Sí,2,Bajo,Medio,Público,Neutral,3,Sí,Postgrado,Cercana,Mujer,63,1,2
7,62,Alto,Medio,Sí,8,51,Bajo,Sí,0,Medio,Bajo,Público,Positiva,3,No,Universidad,Moderada,Hombre,58,1,1
23,70,Medio,Alto,No,7,94,Bajo,Sí,3,Medio,Alto,Público,Neutral,3,No,Instituto,Cercana,Mujer,68,2,5
14,65,Alto,Medio,No,7,63,Medio,Sí,2,Bajo,Medio,Público,Neutral,3,No,Instituto,Moderada,Hombre,61,1,2
13,81,Medio,Alto,No,6,53,Bajo,Sí,2,Bajo,Medio,Público,Positiva,4,No,Instituto,Cercana,Hombre,65,2,1
10,94,Alto,Bajo,No,5,71,Medio,Sí,1,Alto,Medio,Público,Positiva,3,No,Instituto,Moderada,Hombre,67,2,3
9,89,Bajo,Alto,Sí,7,91,Medio,Sí,1,Alto,Bajo,Público,Neutral,3,No,Postgrado,Cercana,Hombre,67,2,5
12,69,Alto,Bajo,No,7,70,Medio,Sí,1,Medio,Medio,Privado,Positiva,4,No,Instituto,Cercana,Hombre,62,1,2
16,76,Medio,Alto,Sí,6,63,Alto,Sí,0,Bajo,Medio,Público,Positiva,1,No,Instituto,Cercana,Mujer,86,4,2
32,80,Alto,Medio,No,6,77,Bajo,Sí,0,Medio,Medio,Público,Neutral,5,No,Universidad,Cercana,Hombre,71,2,3
17,92,Medio,Medio,Sí,8,79,Medio,Sí,1,Bajo,Medio,Público,Positiva,3,No,Postgrado,Cercana,Hombre,70,2,3
21,94,Medio,Medio,No,8,88,Medio,Sí,1,Medio,Medio,Público,Positiva,3,No,Universidad,Cercana,Hombre,71,2,4
22,96,Alto,Bajo,No,10,90,Alto,Sí,2,Bajo,Medio,Público,Neutral,3,Sí,Universidad,Moderada,Hombre,71,2,5
21,80,Alto,Alto,Sí,9,85,Bajo,Sí,1,Alto,Medio,Público,Negativa,3,No,Universidad,Cercana,Mujer,70,2,4
20,88,Medio,Alto,Sí,5,50,Medio,No,2,Bajo,Medio,Público,Neutral,5,No,Instituto,Moderada,Hombre,67,2,1
13,64,Medio,Bajo,Sí,7,50,Alto,Sí,0,Medio,Bajo,Público,Positiva,4,No,Instituto,Cercana,Hombre,60,1,1
29,83,Alto,Alto,No,5,99,Medio,Sí,0,Medio,Alto,Público,Neutral,4,No,Universidad,Cercana,Mujer,73,2,5
31,70,Alto,Bajo,Sí,4,63,Alto,Sí,1,Medio,Medio,Público,Neutral,2,Sí,Instituto,Cercana,Mujer,67,2,2
10,77,Bajo,Alto,Sí,10,64,Alto,Sí,1,Bajo,Medio,Privado,Negativa,3,Sí,Universidad,Cercana,Mujer,62,1,2
14,85,Medio,Alto,No,9,87,Alto,Sí,0,Medio,Medio,Público,Negativa,3,No,Universidad,Cercana,Mujer,67,2,4
18,70,Alto,Bajo,No,6,79,Medio,Sí,1,Medio,Alto,Público,Positiva,2,No,Universidad,Cercana,Mujer,65,2,3
14,62,Medio,Medio,No,9,73,Medio,Sí,1,Bajo,Medio,Público,Neutral,6,No,Instituto,Cercana,Hombre,61,1,3
23,60,Alto,Medio,Sí,9,56,Bajo,No,0,Bajo,Medio,Privado,Negativa,4,No,Instituto,Moderada,Mujer,61,1,1
16,61,Alto,Medio,No,4,54,Bajo,Sí,1,Bajo,Medio,Privado,Neutral,2,No,Instituto,Cercana,Mujer,60,1,1
33,60,Alto,Alto,No,8,85,Bajo,Sí,4,Bajo,Bajo,Público,Negativa,3,No,Instituto,Cercana,Hombre,68,2,4
27,64,Alto,Medio,Sí,6,56,Bajo,Sí,0,Bajo,Alto,Público,Neutral,5,No,Universidad,Moderada,Mujer,65,2,1
21,70,Alto,Alto,Sí,8,72,Bajo,Sí,3,Medio,Bajo,Público,Neutral,1,No,Postgrado,Moderada,Mujer,67,2,3
26,69,Alto,Bajo,No,10,87,Bajo,Sí,2,Medio,Bajo,Público,Positiva,2,No,Postgrado,Cercana,Hombre,67,2,4
27,99,Alto,Medio,No,9,96,Bajo,Sí,0,Alto,Medio,Privado,Positiva,2,No,Universidad,Moderada,Hombre,74,3,5
17,72,Bajo,Medio,No,7,94,Bajo,Sí,4,Medio,Medio,Público,Positiva,2,No,Instituto,Lejana,Mujer,64,1,5
15,65,Medio,Alto,Sí,9,93,Bajo,Sí,2,Bajo,Bajo,Privado,Neutral,3,No,Universidad,Cercana,Hombre,64,1,5
20,82,Medio,Bajo,Sí,4,68,Medio,Sí,2,Bajo,Alto,Público,Neutral,3,No,Instituto,Cercana,Hombre,67,2,2
25,94,Alto,Alto,No,8,96,Alto,Sí,6,Medio,Medio,Público,Negativa,3,Sí,Instituto,Lejana,Mujer,74,3,5
21,87,Medio,Medio,Sí,8,84,Alto,Sí,1,Bajo,Bajo,Privado,Positiva,2,No,Universidad,Cercana,Hombre,69,2,4
11,72,Bajo,Medio,No,8,94,Alto,Sí,1,Bajo,Bajo,Público,Positiva,2,No,Instituto,Cercana,Hombre,62,1,5
15,82,Medio,Medio,Sí,6,54,Medio,Sí,1,Medio,Medio,Público,Positiva,2,No,Universidad,Cercana,Mujer,66,2,1
20,89,Alto,Alto,Sí,8,52,Bajo,Sí,2,Medio,Medio,Público,Negativa,3,No,Universidad,Moderada,Mujer,69,2,1
20,89,Alto,Medio,Sí,8,71,Medio,Sí,1,Medio,Medio,Público,Negativa,1,No,Postgrado,Lejana,Hombre,68,2,3
32,87,Alto,Medio,Sí,4,91,Medio,Sí,2,Alto,Medio,Público,Neutral,2,No,Instituto,Moderada,Mujer,74,3,5
12,95,Medio,Medio,No,7,70,Medio,Sí,4,Medio,Alto,Público,Positiva,3,No,Instituto,Lejana,Hombre,68,2,2
23,95,Medio,Medio,Sí,6,94,Alto,Sí,2,Medio,Medio,Público,Neutral,3,No,Instituto,Cercana,Hombre,73,2,5
29,83,Medio,Bajo,No,8,62,Bajo,Sí,4,Alto,Medio,Público,Negativa,5,No,Universidad,Cercana,Hombre,70,2,2
34,77,Medio,Alto,No,9,52,Medio,Sí,0,Medio,Medio,Privado,Neutral,4,No,Instituto,Moderada,Mujer,69,2,1
18,86,Medio,Medio,Sí,6,88,Medio,Sí,2,Medio,Alto,Público,Neutral,2,No,Universidad,Lejana,Hombre,68,2,4
23,93,Medio,Alto,No,5,81,Alto,Sí,2,Bajo,Medio,Privado,Negativa,1,No,Universidad,Cercana,Hombre,71,2,4
23,60,Bajo,Medio,No,7,72,Bajo,Sí,3,Alto,Medio,Público,Neutral,2,No,Universidad,Cercana,Mujer,64,1,3
21,100,Medio,Medio,No,5,92,Bajo,Sí,3,Bajo,Bajo,Público,Positiva,3,Sí,Postgrado,Cercana,Hombre,71,2,5
19,67,Medio,Medio,No,7,91,Medio,Sí,1,Bajo,Alto,Público,Neutral,3,No,Instituto,Cercana,Mujer,65,2,5
23,79,Bajo,Medio,Sí,7,66,Alto,Sí,1,Alto,Medio,Privado,Positiva,3,No,Postgrado,Cercana,Hombre,68,2,2
5,95,Medio,Alto,Sí,8,92,Bajo,Sí,1,Bajo,Alto,Privado,Neutral,2,No,Universidad,Cercana,Mujer,67,2,5
24,69,Medio,Alto,Sí,7,67,Medio,Sí,2,Medio,Alto,Público,Negativa,4,No,Postgrado,Lejana,Hombre,67,2,2
21,79,Medio,Bajo,Sí,7,81,Bajo,Sí,2,Medio,Medio,Público,Neutral,4,No,Instituto,Cercana,Hombre,67,2,4
19,65,Medio,Alto,Sí,9,60,Bajo,Sí,1,Bajo,Medio,Público,Neutral,3,No,Postgrado,Moderada,Hombre,63,1,1
32,76,Medio,Medio,No,7,63,Medio,Sí,0,Medio,Bajo,Público,Positiva,3,No,Instituto,Cercana,Mujer,68,2,2
16,67,Alto,Alto,Sí,6,72,Medio,Sí,1,Bajo,Alto,Público,Positiva,3,No,Postgrado,Cercana,Mujer,66,2,3
18,75,Medio,Medio,Sí,7,66,Alto,Sí,1,Alto,Alto,Público,Positiva,4,No,Instituto,Cercana,Hombre,67,2,2
32,75,Medio,Bajo,Sí,6,56,Medio,Sí,3,Medio,Medio,Público,Neutral,2,No,Universidad,Moderada,Mujer,68,2,1
15,100,Alto,Medio,Sí,5,74,Medio,Sí,2,Alto,Medio,Privado,Neutral,3,No,Postgrado,Cercana,Hombre,72,2,3
17,100,Medio,Medio,No,5,76,Bajo,Sí,3,Bajo,Alto,Privado,Neutral,3,No,Postgrado,Moderada,Mujer,70,2,3
19,65,Bajo,Alto,No,9,58,Bajo,Sí,3,Medio,Medio,Público,Negativa,4,No,Instituto,Moderada,Mujer,62,1,1
25,89,Medio,Bajo,Sí,6,59,Medio,Sí,2,Bajo,Medio,Público,Neutral,2,No,Universidad,Cercana,Mujer,69,2,1
21,62,Medio,Bajo,Sí,7,51,Bajo,Sí,0,Bajo,Medio,Privado,Positiva,4,No,Instituto,Cercana,Mujer,61,1,1
12,61,Medio,Bajo,Sí,7,52,Bajo,Sí,2,Bajo,Medio,Público,Positiva,2,No,Instituto,Moderada,Mujer,58,1,1
17,64,Bajo,Medio,No,7,68,Medio,Sí,5,Medio,Medio,Privado,Neutral,3,No,Instituto,Cercana,Hombre,63,1,2
16,99,Alto,Medio,No,9,57,Alto,No,4,Medio,Medio,Público,Positiva,3,No,Universidad,Cercana,Mujer,71,2,1
20,98,Bajo,Medio,Sí,7,96,Bajo,No,1,Bajo,Alto,Público,Positiva,3,No,Universidad,Cercana,Mujer,70,2,5
23,68,Alto,Medio,No,6,60,Medio,Sí,1,Bajo,Medio,Público,Neutral,3,No,Instituto,Cercana,Mujer,64,1,1
23,66,Alto,Bajo,No,6,53,Bajo,Sí,2,Medio,Medio,Público,Positiva,1,No,Universidad,Lejana,Hombre,63,1,1
9,70,Alto,Medio,Sí,8,70,Bajo,Sí,1,Medio,Medio,Público,Positiva,3,No,Universidad,Cercana,Hombre,63,1,2
26,81,Alto,Bajo,No,8,60,Alto,Sí,2,Bajo,Alto,Público,Positiva,5,No,Postgrado,Cercana,Mujer,71,2,1
22,83,Bajo,Alto,Sí,8,53,Medio,No,0,Bajo,Bajo,Público,Negativa,2,No,Postgrado,Cercana,Mujer,65,2,1
28,69,Alto,Alto,No,7,88,Bajo,Sí,2,Bajo,Medio,Público,Neutral,2,No,Instituto,Moderada,Hombre,68,2,4
23,90,Medio,Alto,Sí,5,78,Alto,No,1,Medio,Medio,Privado,Neutral,3,No,Instituto,Moderada,Hombre,70,2,3
27,72,Alto,Alto,Sí,8,53,Medio,Sí,3,Medio,Bajo,Público,Neutral,3,No,Instituto,Lejana,Mujer,68,2,1
23,97,Medio,Alto,No,7,73,Medio,No,3,Bajo,Medio,Privado,Negativa,1,No,Instituto,Moderada,Hombre,69,2,3
28,86,Medio,Medio,Sí,7,52,Medio,Sí,0,Medio,Medio,Público,Positiva,5,No,Universidad,Cercana,Hombre,70,2,1
23,77,Alto,Medio,No,5,68,Bajo,Sí,0,Alto,Alto,Privado,Positiva,3,Sí,Instituto,Cercana,Hombre,67,2,2
19,92,Bajo,Alto,Sí,6,68,Medio,Sí,2,Medio,Medio,Público,Neutral,2,No,Instituto,Cercana,Mujer,69,2,2
34,93,Bajo,Medio,No,6,91,Bajo,Sí,2,Alto,Medio,Público,Neutral,3,No,Instituto,Moderada,Mujer,73,2,5
25,72,Medio,Medio,Sí,8,87,Bajo,Sí,3,Medio,Bajo,Público,Positiva,3,No,Postgrado,Moderada,Hombre,68,2,4
23,74,Alto,Medio,No,8,95,Medio,Sí,2,Bajo,Medio,Público,Negativa,2,No,Universidad,Lejana,Mujer,67,2,5
12,97,Medio,Alto,Sí,7,57,Bajo,Sí,0,Bajo,Medio,Privado,Positiva,4,No,Universidad,Moderada,Mujer,67,2,1
12,67,Medio,Alto,Sí,8,77,Medio,Sí,2,Bajo,Alto,Privado,Positiva,3,No,Universidad,Cercana,Hombre,64,1,3
22,62,Alto,Medio,No,9,51,Medio,Sí,2,Bajo,Medio,Público,Neutral,2,No,Instituto,Cercana,Hombre,63,1,1
21,78,Bajo,Alto,No,8,91,Medio,No,1,Medio,Bajo,Privado,Negativa,5,No,Postgrado,Cercana,Mujer,67,2,5
16,92,Medio,Alto,Sí,8,68,Medio,Sí,1,Medio,Alto,Público,Positiva,2,No,Instituto,Cercana,Hombre,70,2,2
21,91,Alto,Medio,Sí,6,53,Alto,Sí,1,Medio,Medio,Público,Positiva,3,No,Postgrado,Cercana,Mujer,71,2,1
30,97,Medio,Alto,Sí,6,66,Alto,Sí,1,Medio,Medio,Privado,Neutral,2,No,Universidad,Cercana,Hombre,74,3,2
24,81,Medio,Alto,Sí,9,64,Alto,Sí,2,Alto,Bajo,Público,Positiva,3,No,Instituto,Cercana,Hombre,70,2,2
13,64,Bajo,Bajo,No,6,88,Medio,Sí,1,Medio,Medio,Público,Neutral,2,No,Universidad,Moderada,Mujer,59,1,4
19,84,Bajo,Medio,Sí,8,56,Medio,Sí,0,Bajo,Medio,Privado,Neutral,3,Sí,Instituto,Cercana,Hombre,64,1,1
15,91,Bajo,Medio,No,10,78,Bajo,Sí,2,Medio,Alto,Público,Neutral,3,No,Instituto,Cercana,Mujer,67,2,3
18,64,Medio,Medio,Sí,8,90,Medio,Sí,1,Bajo,Medio,Público,Neutral,3,No,Instituto,Cercana,Hombre,63,1,5
18,67,Bajo,Alto,Sí,7,87,Medio,Sí,5,Bajo,Bajo,Público,Positiva,2,No,Universidad,Cercana,Hombre,66,2,4
17,60,Medio,Medio,Sí,5,97,Medio,Sí,1,Medio,Medio,Privado,Negativa,4,No,Universidad,Lejana,Hombre,62,1,5
12,84,Bajo,Medio,No,7,50,Medio,Sí,3,Alto,Alto,Público,Neutral,3,No,Instituto,Cercana,Hombre,65,2,1
19,95,Alto,Alto,Sí,9,68,Medio,Sí,3,Alto,Medio,Público,Positiva,4,No,Universidad,Lejana,Hombre,73,2,2
17,87,Alto,Alto,Sí,7,68,Alto,Sí,1,Medio,Alto,Público,Positiva,2,No,Instituto,Cercana,Hombre,70,2,2
2,99,Medio,Bajo,Sí,9,52,Bajo,Sí,0,Medio,Medio,Público,Neutral,4,No,Instituto,Cercana,Hombre,62,1,1
32,63,Medio,Alto,No,8,91,Medio,No,2,Alto,Bajo,Público,Positiva,5,Sí,Instituto,Cercana,Mujer,68,2,5
27,96,Alto,Bajo,Sí,7,84,Medio,Sí,1,Alto,Medio,Público,Neutral,3,No,Universidad,Cercana,Hombre,74,3,4
18,93,Medio,Medio,No,7,76,Bajo,Sí,2,Medio,Medio,Privado,Neutral,4,No,Instituto,Cercana,Mujer,96,5,3
20,73,Alto,Alto,No,5,70,Alto,Sí,1,Bajo,Alto,Público,Negativa,2,No,Instituto,Moderada,Hombre,66,2,2
13,99,Bajo,Alto,Sí,6,95,Medio,No,0,Bajo,Medio,Público,Positiva,4,No,Postgrado,Cercana,Hombre,69,2,5
30,72,Alto,Alto,Sí,6,63,Medio,Sí,1,Bajo,Medio,Público,Neutral,3,No,Postgrado,Cercana,Mujer,70,2,2
31,96,Medio,Bajo,Sí,8,67,Medio,Sí,2,Medio,Medio,Privado,Neutral,3,No,Universidad,Cercana,Hombre,73,2,2
21,95,Bajo,Bajo,No,7,98,Bajo,Sí,1,Bajo,Alto,Público,Positiva,2,No,Instituto,Cercana,Hombre,69,2,5
26,90,Alto,Alto,Sí,9,53,Medio,Sí,1,Bajo,Medio,Privado,Neutral,4,No,Instituto,Lejana,Hombre,71,2,1
21,83,Alto,Bajo,Sí,7,89,Bajo,No,0,Bajo,Bajo,Público,Neutral,2,No,Universidad,Moderada,Mujer,65,2,4
12,65,Medio,Bajo,Sí,6,86,Medio,Sí,1,Medio,Medio,Público,Positiva,3,No,Postgrado,Cercana,Mujer,62,1,4
18,81,Alto,Alto,No,6,95,Bajo,Sí,1,Medio,Medio,Público,Positiva,3,No,Instituto,Cercana,Hombre,69,2,5
21,74,Bajo,Medio,No,6,55,Alto,Sí,3,Bajo,Medio,Público,Positiva,2,No,Universidad,Cercana,Hombre,65,2,1
17,92,Medio,Medio,No,7,99,Medio,Sí,1,Medio,Medio,Público,Neutral,2,No,Universidad,Lejana,Mujer,68,2,5
19,90,Bajo,Bajo,Sí,6,51,Alto,Sí,1,Bajo,Medio,Público,Negativa,3,Sí,Postgrado,Cercana,Hombre,65,2,1
19,96,Medio,Alto,Sí,5,67,Medio,Sí,4,Alto,Medio,Privado,Neutral,1,No,Instituto,Moderada,Hombre,72,2,2
20,61,Alto,Alto,Sí,9,54,Medio,Sí,2,Alto,Medio,Privado,Positiva,4,No,Postgrado,Cercana,Hombre,67,2,1
20,92,Medio,Bajo,No,7,53,Medio,Sí,2,Medio,Alto,Privado,Positiva,2,No,Universidad,Lejana,Hombre,68,2,1
14,98,Bajo,Medio,No,7,98,Medio,No,0,Medio,Alto,Público,Positiva,3,No,Instituto,Cercana,Hombre,68,2,5
16,92,Medio,Medio,No,6,86,Bajo,No,2,Medio,Medio,Privado,Neutral,3,Sí,Universidad,Cercana,Mujer,66,2,4
12,65,Medio,Alto,Sí,5,75,Alto,Sí,0,Alto,Medio,Privado,Negativa,2,No,Instituto,Moderada,Hombre,62,1,3
26,63,Medio,Medio,Sí,7,55,Medio,Sí,2,Medio,Alto,Público,Neutral,4,No,Instituto,Lejana,Hombre,65,2,1
7,61,Bajo,Alto,Sí,4,76,Alto,Sí,1,Medio,Medio,Privado,Positiva,5,No,Instituto,Lejana,Mujer,60,1,3
27,85,Alto,Medio,Sí,8,66,Medio,Sí,2,Bajo,Alto,Privado,Neutral,4,Sí,Instituto,Moderada,Hombre,70,2,2
28,85,Medio,Medio,Sí,6,64,Bajo,Sí,1,Bajo,Medio,Público,Neutral,1,No,Instituto,Moderada,Hombre,68,2,2
18,99,Medio,Alto,Sí,7,81,Bajo,Sí,1,Medio,Medio,Público,Neutral,3,No,Postgrado,Cercana,Hombre,72,2,4
4,76,Medio,Medio,Sí,8,90,Medio,Sí,2,Alto,Medio,Público,Positiva,2,No,Instituto,Moderada,Mujer,63,1,5
18,73,Medio,Alto,Sí,7,72,Bajo,Sí,1,Medio,Medio,Privado,Neutral,1,Sí,Instituto,Moderada,Hombre,63,1,3
20,85,Bajo,Medio,Sí,5,75,Bajo,Sí,1,Medio,Medio,Público,Neutral,2,No,Universidad,Cercana,Hombre,67,2,3
14,93,Medio,Bajo,Sí,9,83,Bajo,Sí,4,Medio,Medio,Público,Neutral,2,No,Postgrado,Cercana,Mujer,68,2,4
17,97,Medio,Medio,No,5,56,Bajo,Sí,2,Alto,Medio,Público,Positiva,3,No,Instituto,Cercana,Mujer,69,2,1
29,92,Alto,Medio,Sí,4,91,Bajo,Sí,1,Alto,Alto,Público,Neutral,4,No,Instituto,Cercana,Mujer,75,3,5
24,77,Bajo,Medio,No,8,92,Alto,Sí,0,Alto,Medio,Público,Neutral,3,No,Instituto,Moderada,Hombre,67,2,5
14,85,Alto,Alto,Sí,5,77,Medio,Sí,2,Bajo,Alto,Público,Positiva,3,No,Instituto,Cercana,Hombre,69,2,3
10,94,Bajo,Medio,No,9,59,Bajo,Sí,0,Medio,Medio,Público,Positiva,2,No,Postgrado,Cercana,Hombre,65,2,1
18,80,Bajo,Alto,Sí,8,75,Medio,No,2,Medio,Medio,Público,Negativa,4,No,Instituto,Cercana,Hombre,65,2,3
19,69,Medio,Medio,Sí,7,55,Bajo,Sí,1,Bajo,Medio,Público,Positiva,4,No,Universidad,Cercana,Mujer,63,1,1
23,67,Bajo,Medio,No,6,88,Medio,Sí,2,Medio,Medio,Privado,Neutral,4,No,Instituto,Cercana,Hombre,65,2,4
17,60,Medio,Bajo,No,6,66,Medio,Sí,0,Bajo,Medio,Público,Positiva,2,No,Instituto,Lejana,Mujer,58,1,2
23,89,Alto,Alto,Sí,6,66,Bajo,Sí,0,Bajo,Alto,Privado,Positiva,3,No,Instituto,Moderada,Hombre,70,2,2
32,64,Bajo,Bajo,Sí,6,97,Medio,Sí,1,Medio,Bajo,Público,Neutral,5,No,Universidad,Moderada,Hombre,66,2,5
25,70,Medio,Bajo,No,9,71,Medio,No,2,Bajo,Medio,Público,Negativa,2,No,Universidad,Cercana,Mujer,63,1,3
20,72,Medio,Bajo,Sí,6,89,Bajo,Sí,1,Bajo,Medio,Privado,Negativa,3,No,Instituto,Lejana,Hombre,62,1,4
19,82,Medio,Medio,Sí,8,82,Alto,Sí,2,Medio,Medio,Privado,Positiva,3,No,Universidad,Moderada,Mujer,69,2,4
18,76,Medio,Medio,No,9,66,Alto,Sí,1,Alto,Alto,Público,Positiva,3,No,Instituto,Cercana,Mujer,66,2,2
27,87,Alto,Bajo,No,6,56,Medio,Sí,0,Bajo,Alto,Público,Neutral,2,No,Instituto,Moderada,Hombre,68,2,1
16,62,Bajo,Medio,Sí,8,90,Bajo,Sí,2,Alto,Medio,Público,Neutral,2,No,Postgrado,Lejana,Hombre,62,1,5
20,65,Alto,Medio,No,6,88,Medio,Sí,0,Medio,Alto,Público,Negativa,4,Sí,Instituto,Cercana,Hombre,64,1,4
20,80,Medio,Alto,Sí,7,58,Bajo,No,0,Medio,Medio,Público,Neutral,2,No,Universidad,Cercana,Mujer,65,2,1
17,73,Medio,Alto,Sí,6,62,Bajo,Sí,2,Bajo,Medio,Privado,Negativa,3,No,Universidad,Lejana,Hombre,64,1,2
12,72,Medio,Medio,No,6,88,Alto,Sí,2,Alto,Medio,Público,Positiva,3,No,Instituto,Cercana,Mujer,65,2,4
22,63,Medio,Medio,Sí,7,99,Bajo,Sí,3,Medio,Medio,Privado,Neutral,4,No,Instituto,Moderada,Hombre,65,2,5
20,96,Bajo,Medio,Sí,5,92,Medio,Sí,0,Medio,Medio,Público,Neutral,3,No,Universidad,Cercana,Mujer,70,2,5
23,88,Bajo,Alto,No,8,84,Alto,Sí,2,Medio,Medio,Privado,Positiva,3,Sí,Postgrado,Cercana,Mujer,71,2,4
17,65,Medio,Medio,Sí,5,96,Bajo,Sí,2,Medio,Alto,Público,Positiva,3,No,Universidad,Moderada,Hombre,65,2,5
27,63,Alto,Medio,No,5,64,Medio,No,1,Alto,Alto,Público,Positiva,4,No,Postgrado,Cercana,Hombre,67,2,2
15,99,Bajo,Alto,Sí,7,50,Alto,No,4,Bajo,Medio,Público,Positiva,2,No,Instituto,Moderada,Hombre,68,2,1
30,87,Alto,Alto,Sí,6,66,Bajo,Sí,1,Medio,Medio,Público,Neutral,4,No,Instituto,Cercana,Hombre,73,2,2
10,77,Medio,Alto,No,8,99,Medio,Sí,0,Medio,Alto,Público,Neutral,4,Sí,Instituto,Cercana,Hombre,64,1,5
23,88,Alto,Alto,No,7,94,Bajo,No,3,Bajo,Medio,Privado,Positiva,1,No,Instituto,Cercana,Hombre,71,2,5
23,90,Medio,Alto,No,5,53,Medio,Sí,2,Medio,Alto,Privado,Positiva,2,No,Instituto,Cercana,Mujer,70,2,1
15,91,Bajo,Alto,No,8,75,Medio,Sí,4,Medio,Medio,Público,Neutral,1,No,Instituto,Cercana,Mujer,68,2,3
23,79,Alto,Medio,Sí,7,54,Medio,Sí,2,Bajo,Medio,Privado,Neutral,4,No,Universidad,Moderada,Mujer,68,2,1
28,77,Bajo,Alto,Sí,7,89,Medio,Sí,3,Bajo,Medio,Público,Positiva,3,Sí,Instituto,Lejana,Hombre,68,2,4
7,60,Medio,Alto,Sí,10,69,Bajo,Sí,0,Bajo,Medio,Privado,Positiva,3,No,Universidad,Moderada,Mujer,59,1,2
23,97,Medio,Medio,Sí,9,96,Medio,Sí,2,Medio,Alto,Privado,Neutral,4,No,Universidad,Cercana,Hombre,74,3,5
5,84,Medio,Medio,Sí,7,53,Bajo,No,1,Bajo,Alto,Público,Positiva,3,No,Postgrado,Moderada,Hombre,62,1,1
14,68,Alto,Bajo,Sí,5,87,Alto,Sí,2,Medio,Medio,Público,Positiva,3,No,Instituto,Lejana,Hombre,64,1,4
30,97,Alto,Alto,No,5,70,Medio,Sí,0,Alto,Medio,Público,Positiva,2,No,Postgrado,Cercana,Hombre,76,3,2
17,97,Alto,Medio,Sí,9,63,Medio,Sí,2,Bajo,Medio,Público,Positiva,2,No,Instituto,Cercana,Hombre,70,2,2
13,100,Alto,Medio,No,6,76,Medio,No,0,Bajo,Bajo,Público,Positiva,5,No,Postgrado,Cercana,Hombre,69,2,3
19,95,Medio,Medio,Sí,7,74,Alto,No,0,Bajo,Alto,Público,Positiva,2,No,Instituto,Cercana,Mujer,69,2,3
32,100,Bajo,Alto,Sí,5,67,Medio,No,4,Medio,Medio,Público,Positiva,3,No,Instituto,Lejana,Hombre,74,3,2
9,70,Alto,Medio,No,8,82,Bajo,No,2,Alto,Alto,Público,Negativa,2,No,Instituto,Cercana,Mujer,62,1,4
14,94,Medio,Medio,No,9,83,Alto,Sí,2,Bajo,Alto,Público,Positiva,3,No,Postgrado,Moderada,Hombre,70,2,4
29,93,Bajo,Medio,Sí,9,54,Medio,No,4,Bajo,Alto,Público,Positiva,3,No,Instituto,Cercana,Hombre,71,2,1
31,69,Medio,Bajo,Sí,6,80,Bajo,Sí,4,Medio,Medio,Público,Negativa,2,No,Universidad,Cercana,Hombre,68,2,4
19,64,Alto,Bajo,Sí,8,86,Bajo,Sí,3,Alto,Medio,Privado,Neutral,3,No,Postgrado,Cercana,Mujer,66,2,4
13,99,Bajo,Medio,No,7,54,Alto,Sí,3,Alto,Medio,Público,Negativa,3,No,Instituto,Lejana,Hombre,67,2,1
33,72,Alto,Medio,No,8,83,Bajo,Sí,3,Bajo,Alto,Privado,Neutral,4,No,Instituto,Cercana,Hombre,71,2,4
30,95,Medio,Medio,Sí,7,90,Medio,Sí,3,Medio,Medio,Público,Neutral,1,No,Instituto,Moderada,Hombre,74,3,5
24,60,Bajo,Medio,Sí,6,92,Bajo,Sí,3,Medio,Medio,Público,Positiva,2,No,Universidad,Cercana,Hombre,65,2,5
15,61,Alto,Bajo,Sí,9,52,Medio,Sí,1,Medio,Medio,Privado,Neutral,3,No,Instituto,Moderada,Mujer,60,1,1
20,79,Alto,Alto,Sí,7,85,Bajo,Sí,2,Medio,Medio,Público,Neutral,2,No,Universidad,Moderada,Hombre,69,2,4
19,70,Medio,Medio,Sí,6,90,Bajo,Sí,2,Bajo,Medio,Privado,Positiva,3,No,Instituto,Moderada,Hombre,65,2,5
22,88,Medio,Bajo,Sí,7,70,Medio,Sí,3,Bajo,Medio,Público,Positiva,2,No,Instituto,Cercana,Mujer,69,2,2
29,83,Medio,Bajo,Sí,6,77,Alto,Sí,1,Medio,Medio,Público,Neutral,4,No,Instituto,Cercana,Hombre,70,2,3
25,63,Alto,Bajo,Sí,8,63,Medio,Sí,0,Medio,Alto,Privado,Positiva,1,Sí,Postgrado,Cercana,Mujer,65,2,2
14,67,Bajo,Bajo,Sí,7,66,Bajo,Sí,0,Bajo,Medio,Público,Neutral,4,No,Instituto,Lejana,Mujer,57,1,2
28,76,Medio,Medio,Sí,6,75,Bajo,Sí,0,Medio,Alto,Público,Positiva,2,No,Instituto,Cercana,Mujer,68,2,3
22,67,Alto,Alto,No,10,58,Medio,Sí,2,Alto,Bajo,Público,Neutral,3,No,Postgrado,Cercana,Hombre,67,2,1
24,92,Medio,Medio,No,5,69,Medio,Sí,2,Medio,Medio,Privado,Negativa,4,No,Instituto,Cercana,Mujer,70,2,2
29,77,Medio,Medio,Sí,8,65,Medio,Sí,1,Medio,Medio,Público,Neutral,3,No,Instituto,Cercana,Hombre,68,2,2
13,64,Alto,Alto,Sí,7,62,Medio,Sí,1,Bajo,Medio,Público,Neutral,1,No,Universidad,Moderada,Mujer,62,1,2
20,79,Alto,Medio,Sí,5,74,Medio,Sí,1,Bajo,Medio,Público,Neutral,5,No,Instituto,Lejana,Hombre,67,2,3
17,64,Alto,Alto,Sí,6,92,Medio,Sí,0,Medio,Medio,Privado,Positiva,1,No,Postgrado,Cercana,Hombre,66,2,5
11,65,Medio,Bajo,Sí,5,62,Medio,Sí,2,Medio,Alto,Público,Neutral,2,No,Universidad,Lejana,Mujer,60,1,2
22,70,Alto,Bajo,No,10,83,Bajo,Sí,0,Medio,Medio,Público,Positiva,2,No,Universidad,Moderada,Hombre,65,2,4
35,94,Alto,Medio,Sí,7,63,Medio,Sí,1,Bajo,Alto,Público,Positiva,2,No,Universidad,Cercana,Mujer,75,3,2
9,97,Bajo,Medio,Sí,7,57,Medio,Sí,4,Medio,Alto,Público,Neutral,5,No,Instituto,Lejana,Mujer,67,2,1
20,93,Medio,Alto,No,10,97,Medio,Sí,1,Bajo,Medio,Público,Neutral,2,No,Postgrado,Moderada,Hombre,71,2,5
24,73,Bajo,Bajo,Sí,6,82,Medio,Sí,0,Medio,Medio,Público,Negativa,2,Sí,Instituto,Cercana,Hombre,63,1,4
21,71,Alto,Medio,Sí,9,55,Bajo,Sí,2,Alto,Alto,Público,Positiva,1,No,Postgrado,Moderada,Hombre,67,2,1
19,82,Alto,Medio,No,8,82,Bajo,Sí,2,Bajo,Medio,Privado,Negativa,4,No,Postgrado,Cercana,Mujer,68,2,4
12,89,Alto,Bajo,Sí,4,59,Bajo,Sí,2,Bajo,Alto,Público,Negativa,4,No,Instituto,Cercana,Hombre,65,2,1
21,100,Bajo,Alto,No,6,94,Medio,No,1,Alto,Medio,Público,Positiva,3,No,Universidad,Moderada,Mujer,72,2,5
15,65,Medio,Medio,No,8,62,Medio,Sí,1,Medio,Medio,Público,Neutral,4,No,Instituto,Moderada,Mujer,61,1,2
7,62,Bajo,Alto,No,7,90,Medio,Sí,1,Medio,Bajo,Público,Neutral,5,No,Universidad,Moderada,Mujer,60,1,5
27,88,Alto,Alto,Sí,7,60,Medio,Sí,2,Bajo,Medio,Público,Positiva,2,No,Instituto,Cercana,Mujer,72,2,1
26,93,Medio,Medio,Sí,6,78,Medio,Sí,2,Medio,Medio,Público,Neutral,3,No,Postgrado,Lejana,Mujer,72,2,3
20,94,Bajo,Medio,Sí,6,96,Medio,Sí,2,Medio,Medio,Privado,Negativa,3,No,Universidad,Cercana,Hombre,70,2,5
21,87,Bajo,Medio,No,7,65,Alto,Sí,2,Medio,Medio,Público,Negativa,3,Sí,Universidad,Cercana,Hombre,67,2,2
26,98,Medio,Medio,No,10,54,Medio,Sí,0,Bajo,Alto,Privado,Neutral,1,No,Postgrado,Cercana,Hombre,71,2,1
21,80,Medio,Bajo,Sí,6,78,Medio,Sí,0,Medio,Medio,Privado,Negativa,2,No,Postgrado,Cercana,Mujer,66,2,3
25,97,Alto,Alto,No,6,59,Bajo,Sí,0,Bajo,Alto,Público,Positiva,2,No,Instituto,Cercana,Mujer,72,2,1
18,99,Medio,Medio,Sí,7,86,Medio,No,1,Alto,Medio,Público,Neutral,4,No,Instituto,Moderada,Mujer,70,2,4
28,94,Medio,Bajo,Sí,5,80,Medio,Sí,2,Alto,Medio,Público,Negativa,2,No,Instituto,Moderada,Mujer,71,2,4
22,72,Bajo,Bajo,Sí,8,67,Alto,Sí,2,Medio,Medio,Público,Negativa,4,No,Universidad,Lejana,Hombre,64,1,2
21,68,Medio,Medio,Sí,5,85,Medio,No,3,Alto,Medio,Público,Positiva,2,No,Universidad,Moderada,Hombre,66,2,4
12,82,Alto,Bajo,No,5,62,Bajo,Sí,2,Medio,Medio,Público,Positiva,4,No,Instituto,Cercana,Hombre,64,1,2
22,78,Medio,Medio,Sí,5,96,Medio,Sí,0,Bajo,Medio,Público,Neutral,3,No,Instituto,Moderada,Hombre,67,2,5
15,95,Bajo,Bajo,No,5,67,Alto,Sí,3,Medio,Medio,Público,Positiva,3,No,Instituto,Moderada,Mujer,67,2,2
16,64,Alto,Bajo,No,9,88,Medio,Sí,1,Medio,Alto,Público,Positiva,3,No,Instituto,Cercana,Hombre,64,1,4
15,70,Bajo,Medio,No,8,63,Bajo,Sí,0,Medio,Medio,Privado,Positiva,4,No,Instituto,Moderada,Mujer,61,1,2
14,90,Alto,Alto,Sí,8,86,Medio,Sí,4,Medio,Medio,Privado,Negativa,2,No,Instituto,Cercana,Mujer,99,5,4
33,64,Medio,Medio,No,8,52,Bajo,No,3,Alto,Medio,Público,Positiva,4,No,Instituto,Cercana,Hombre,67,2,1
28,73,Medio,Alto,Sí,7,65,Alto,Sí,3,Alto,Alto,Público,Positiva,3,No,Postgrado,Cercana,Hombre,72,2,2
32,75,Bajo,Bajo,No,7,55,Medio,Sí,1,Medio,Medio,Público,Neutral,4,No,Instituto,Moderada,Hombre,66,2,1
13,85,Bajo,Alto,Sí,9,73,Alto,Sí,3,Medio,Alto,Público,Positiva,2,No,Postgrado,Moderada,Hombre,68,2,3
20,66,Alto,Bajo,No,9,72,Bajo,Sí,1,Medio,Alto,Público,Positiva,1,No,Universidad,Cercana,Mujer,64,1,3
12,94,Alto,Alto,No,5,68,Alto,Sí,1,Alto,Medio,Público,Neutral,2,No,Instituto,Cercana,Hombre,69,2,2
16,78,Medio,Alto,No,10,99,Bajo,Sí,0,Bajo,Medio,Público,Positiva,4,No,Instituto,Lejana,Mujer,65,2,5
14,97,Bajo,Alto,No,5,62,Medio,No,1,Medio,Medio,Público,Neutral,4,Sí,Postgrado,Lejana,Mujer,66,2,2
27,79,Alto,Alto,Sí,6,90,Bajo,Sí,3,Medio,Alto,Público,Positiva,4,No,Instituto,Cercana,Hombre,73,2,5
18,71,Medio,Medio,Sí,7,72,Bajo,Sí,0,Bajo,Medio,Público,Neutral,4,No,Instituto,Cercana,Mujer,63,1,3
26,66,Medio,Medio,Sí,7,67,Alto,Sí,3,Medio,Medio,Público,Negativa,4,No,Instituto,Moderada,Mujer,66,2,2
24,60,Medio,Medio,Sí,10,60,Bajo,Sí,3,Bajo,Alto,Privado,Neutral,2,No,Postgrado,Cercana,Mujer,65,2,1
34,81,Medio,Medio,Sí,9,82,Bajo,Sí,1,Medio,Alto,Público,Negativa,2,No,Instituto,Cercana,Hombre,71,2,4
11,64,Medio,Bajo,Sí,8,67,Alto,No,1,Medio,Medio,Público,Neutral,2,Sí,Universidad,Cercana,Hombre,58,1,2
28,76,Medio,Medio,No,9,91,Medio,Sí,0,Bajo,Alto,Privado,Neutral,3,No,Instituto,Moderada,Hombre,68,2,5
27,84,Medio,Medio,No,8,98,Medio,Sí,0,Bajo,Medio,Público,Neutral,4,No,Instituto,Moderada,Hombre,69,2,5
14,71,Alto,Bajo,Sí,6,61,Bajo,Sí,0,Bajo,Medio,Público,Positiva,3,No,Postgrado,Cercana,Mujer,63,1,2
26,67,Medio,Medio,Sí,8,56,Medio,Sí,1,Medio,Medio,Público,Negativa,5,No,Universidad,Cercana,Mujer,66,2,1
22,91,Medio,Medio,Sí,7,66,Medio,No,0,Alto,Alto,Público,Negativa,3,No,Universidad,Cercana,Mujer,69,2,2
19,98,Medio,Bajo,Sí,6,73,Medio,Sí,3,Bajo,Medio,Privado,Negativa,3,No,Universidad,Cercana,Hombre,69,2,3
15,64,Alto,Medio,No,9,65,Medio,Sí,2,Medio,Medio,Público,Neutral,2,No,Instituto,Cercana,Hombre,63,1,2
16,66,Bajo,Alto,Sí,7,99,Medio,Sí,1,Bajo,Medio,Público,Positiva,3,No,Universidad,Cercana,Mujer,65,2,5
32,98,Bajo,Alto,No,5,89,Medio,Sí,2,Alto,Bajo,Privado,Positiva,3,No,Universidad,Cercana,Hombre,76,3,4
20,62,Alto,Medio,Sí,6,98,Alto,Sí,0,Alto,Alto,Público,Neutral,3,No,Postgrado,Cercana,Hombre,67,2,5
25,99,Bajo,Medio,No,8,69,Medio,No,1,Bajo,Alto,Público,Positiva,3,No,Postgrado,Moderada,Hombre,70,2,2
15,60,Medio,Bajo,No,9,65,Medio,Sí,1,Medio,Alto,Público,Negativa,5,No,Universidad,Moderada,Hombre,60,1,2
15,95,Alto,Bajo,No,8,70,Medio,Sí,2,Alto,Alto,Público,Neutral,3,Sí,Instituto,Cercana,Mujer,68,2,2
26,72,Medio,Medio,Sí,8,76,Medio,Sí,1,Medio,Medio,Público,Negativa,3,No,Postgrado,Cercana,Hombre,68,2,3
12,98,Bajo,Alto,Sí,6,87,Medio,Sí,2,Bajo,Medio,Privado,Neutral,3,No,Postgrado,Cercana,Mujer,70,2,4
18,73,Medio,Alto,Sí,7,94,Alto,Sí,1,Alto,Medio,Privado,Neutral,3,No,Postgrado,Moderada,Mujer,68,2,5
20,86,Alto,Alto,No,7,73,Medio,Sí,3,Bajo,Bajo,Público,Neutral,3,Sí,Instituto,Cercana,Hombre,69,2,3
21,63,Medio,Medio,Sí,7,64,Medio,Sí,0,Bajo,Medio,Público,Negativa,3,No,Instituto,Cercana,Mujer,62,1,2
19,70,Alto,Bajo,No,7,66,Medio,Sí,1,Alto,Bajo,Privado,Neutral,4,No,Universidad,Moderada,Hombre,64,1,2
22,91,Alto,Medio,No,6,85,Bajo,Sí,2,Medio,Medio,Privado,Positiva,2,No,Instituto,Moderada,Mujer,71,2,4
24,81,Medio,Medio,Sí,8,78,Medio,Sí,1,Bajo,Medio,Público,Positiva,2,No,Instituto,Cercana,Hombre,68,2,3
24,97,Alto,Medio,No,5,74,Alto,Sí,0,Medio,Bajo,Público,Neutral,5,No,Instituto,Cercana,Mujer,72,2,3
14,77,Medio,Medio,Sí,5,60,Bajo,Sí,1,Alto,Alto,Privado,Negativa,3,No,Postgrado,Lejana,Hombre,64,1,1
18,95,Medio,Alto,Sí,6,94,Medio,Sí,6,Bajo,Alto,Público,Neutral,3,No,Instituto,Lejana,Mujer,73,2,5
27,78,Medio,Alto,No,8,89,Bajo,Sí,0,Bajo,Medio,Público,Neutral,3,No,Postgrado,Cercana,Mujer,69,2,4
25,99,Bajo,Medio,No,8,57,Medio,Sí,1,Medio,Bajo,Privado,Positiva,3,No,Postgrado,Moderada,Hombre,70,2,1
12,98,Medio,Alto,No,4,68,Medio,Sí,3,Bajo,Alto,Público,Neutral,2,No,Instituto,Cercana,Mujer,69,2,2
22,73,Medio,Bajo,No,8,77,Medio,Sí,1,Alto,Medio,Público,Neutral,3,No,Instituto,Lejana,Hombre,64,1,3
8,95,Medio,Medio,No,7,73,Bajo,Sí,2,Medio,Medio,Privado,Neutral,2,No,Universidad,Cercana,Hombre,66,2,3
20,94,Medio,Medio,Sí,6,70,Alto,Sí,1,Medio,Medio,Público,Neutral,2,No,Instituto,Moderada,Mujer,69,2,2
31,68,Alto,Medio,No,7,86,Bajo,Sí,1,Bajo,Medio,Privado,Positiva,3,No,Instituto,Moderada,Mujer,68,2,4
14,85,Medio,Bajo,Sí,5,53,Medio,Sí,4,Medio,Medio,Público,Neutral,3,No,Instituto,Cercana,Hombre,65,2,1
15,63,Alto,Bajo,Sí,7,74,Medio,Sí,4,Bajo,Medio,Público,Negativa,2,No,Instituto,Moderada,Hombre,62,1,3
25,93,Alto,Alto,Sí,5,63,Medio,Sí,2,Alto,Medio,Público,Positiva,2,No,Postgrado,Cercana,Mujer,75,3,2
11,67,Medio,Medio,Sí,6,54,Bajo,Sí,0,Bajo,Medio,Público,Positiva,3,No,Instituto,Cercana,Mujer,60,1,1
16,63,Medio,Alto,Sí,6,73,Medio,Sí,0,Medio,Medio,Público,Neutral,4,No,Universidad,Cercana,Hombre,63,1,3
24,76,Medio,Bajo,Sí,8,59,Medio,Sí,2,Medio,Medio,Público,Positiva,4,No,Universidad,Lejana,Hombre,66,2,1
16,83,Alto,Medio,Sí,7,63,Medio,Sí,0,Medio,Medio,Público,Neutral,3,No,Postgrado,Cercana,Mujer,67,2,2
19,94,Bajo,Medio,Sí,8,75,Medio,Sí,1,Medio,Medio,Público,Negativa,3,No,Universidad,Moderada,Mujer,68,2,3
24,99,Medio,Medio,Sí,5,99,Medio,Sí,0,Bajo,Medio,Público,Positiva,3,No,Instituto,Moderada,Mujer,72,2,5
23,78,Bajo,Medio,No,7,84,Alto,Sí,0,Bajo,Medio,Privado,Neutral,3,No,Universidad,Cercana,Hombre,66,2,4
22,62,Medio,Medio,Sí,8,64,Medio,Sí,0,Bajo,Medio,Público,Neutral,3,No,Postgrado,Cercana,Mujer,63,1,2
18,90,Medio,Alto,Sí,9,69,Medio,Sí,1,Alto,Alto,Privado,Positiva,3,No,Universidad,Moderada,Mujer,71,2,2
22,83,Bajo,Medio,Sí,5,70,Alto,Sí,2,Bajo,Medio,Público,Positiva,3,No,Universidad,Lejana,Hombre,67,2,2
19,78,Medio,Medio,Sí,6,58,Medio,Sí,1,Bajo,Medio,Público,Neutral,3,No,Postgrado,Cercana,Hombre,66,2,1
23,72,Alto,Medio,No,8,58,Medio,No,2,Bajo,Alto,Privado,Positiva,2,No,Universidad,Cercana,Mujer,66,2,1
17,80,Alto,Alto,No,9,57,Medio,Sí,4,Bajo,Medio,Público,Positiva,2,No,Universidad,Cercana,Hombre,68,2,1
19,74,Medio,Medio,No,7,76,Alto,Sí,1,Alto,Medio,Público,Neutral,3,No,Universidad,Cercana,Mujer,66,2,3
14,90,Alto,Medio,Sí,5,84,Medio,Sí,0,Bajo,Medio,Público,Negativa,3,No,Postgrado,Cercana,Mujer,68,2,4
20,82,Alto,Medio,Sí,5,80,Medio,Sí,3,Bajo,Medio,Público,Neutral,1,Sí,Universidad,Cercana,Mujer,68,2,4
15,95,Bajo,Medio,Sí,7,99,Bajo,Sí,0,Alto,Alto,Público,Neutral,2,No,Instituto,Cercana,Mujer,68,2,5
13,82,Medio,Alto,No,8,56,Bajo,Sí,2,Bajo,Alto,Privado,Neutral,3,No,Postgrado,Cercana,Hombre,66,2,1
22,70,Alto,Bajo,No,7,99,Medio,Sí,1,Bajo,Alto,Privado,Positiva,2,No,Instituto,Moderada,Hombre,66,2,5
21,94,Medio,Alto,No,5,73,Bajo,Sí,0,Medio,Alto,Público,Neutral,3,No,Postgrado,Lejana,Mujer,70,2,3
25,82,Alto,Medio,Sí,9,61,Bajo,Sí,1,Alto,Medio,Público,Negativa,2,No,Instituto,Cercana,Hombre,68,2,2
17,68,Medio,Medio,Sí,6,97,Alto,Sí,2,Alto,Bajo,Público,Negativa,3,No,Instituto,Moderada,Hombre,65,2,5
22,85,Bajo,Alto,Sí,8,73,Alto,Sí,1,Medio,Medio,Privado,Positiva,3,No,Universidad,Cercana,Hombre,70,2,3
23,74,Medio,Medio,No,4,67,Medio,Sí,3,Alto,Medio,Privado,Negativa,5,No,Instituto,Lejana,Hombre,66,2,2
23,94,Medio,Alto,Sí,9,61,Medio,No,0,Medio,Medio,Público,Negativa,1,Sí,Postgrado,Moderada,Mujer,68,2,2
15,78,Medio,Medio,Sí,6,63,Alto,Sí,1,Medio,Medio,Privado,Neutral,2,Sí,Universidad,Moderada,Hombre,64,1,2
21,89,Medio,Medio,No,9,99,Medio,Sí,0,Medio,Medio,Privado,Negativa,3,No,Instituto,Cercana,Hombre,69,2,5
22,64,Medio,Medio,No,8,65,Bajo,Sí,2,Medio,Medio,Privado,Neutral,4,No,Postgrado,Cercana,Mujer,65,2,2
20,76,Medio,Alto,Sí,5,99,Bajo,No,3,Medio,Alto,Público,Negativa,3,No,Postgrado,Cercana,Mujer,69,2,5
7,99,Bajo,Alto,Sí,7,67,Bajo,No,1,Alto,Alto,Privado,Neutral,4,No,Instituto,Cercana,Mujer,66,2,2
21,92,Alto,Bajo,No,9,62,Medio,Sí,1,Medio,Bajo,Público,Positiva,2,No,Instituto,Cercana,Mujer,68,2,2
33,66,Medio,Medio,Sí,6,59,Medio,Sí,3,Alto,Medio,Público,Positiva,2,No,Postgrado,Cercana,Mujer,70,2,1
18,71,Alto,Medio,No,9,71,Medio,Sí,1,Medio,Alto,Público,Positiva,3,No,Instituto,Moderada,Mujer,65,2,3
16,73,Alto,Medio,Sí,8,62,Medio,Sí,0,Alto,Alto,Privado,Neutral,2,No,Instituto,Cercana,Mujer,65,2,2
22,86,Medio,Bajo,No,9,85,Medio,Sí,1,Medio,Medio,Público,Negativa,3,No,Postgrado,Cercana,Mujer,68,2,4
22,90,Bajo,Medio,No,7,62,Bajo,Sí,0,Medio,Medio,Público,Positiva,3,No,Universidad,Cercana,Hombre,67,2,2
27,90,Alto,Alto,No,7,92,Medio,Sí,0,Bajo,Medio,Privado,Neutral,3,No,Instituto,Cercana,Mujer,72,2,5
12,80,Alto,Alto,Sí,10,92,Alto,Sí,1,Alto,Alto,Público,Positiva,3,No,Postgrado,Moderada,Hombre,70,2,5
24,92,Bajo,Alto,Sí,8,64,Alto,Sí,1,Alto,Alto,Privado,Neutral,3,No,Universidad,Cercana,Hombre,72,2,2
24,77,Alto,Alto,Sí,7,88,Bajo,Sí,1,Alto,Medio,Público,Negativa,5,No,Universidad,Cercana,Hombre,71,2,4
19,65,Bajo,Medio,No,8,93,Bajo,Sí,1,Medio,Alto,Privado,Neutral,4,No,Universidad,Cercana,Hombre,64,1,5
22,83,Bajo,Alto,Sí,6,80,Medio,Sí,2,Medio,Medio,Público,Positiva,5,No,Instituto,Moderada,Mujer,69,2,4
26,98,Medio,Medio,Sí,7,68,Medio,Sí,4,Bajo,Medio,Público,Positiva,1,No,Instituto,Cercana,Mujer,73,2,2
25,92,Bajo,Alto,Sí,9,72,Medio,Sí,1,Bajo,Medio,Público,Negativa,5,No,Postgrado,Lejana,Mujer,70,2,3
13,83,Alto,Medio,No,7,89,Medio,Sí,1,Bajo,Medio,Público,Neutral,4,No,Postgrado,Cercana,Mujer,68,2,4
25,86,Alto,Medio,No,6,65,Medio,Sí,2,Medio,Alto,Público,Positiva,5,No,Instituto,Moderada,Hombre,71,2,2
20,97,Medio,Alto,No,6,67,Bajo,Sí,1,Bajo,Alto,Privado,Positiva,3,No,Postgrado,Cercana,Mujer,71,2,2
20,77,Bajo,Alto,Sí,7,58,Alto,Sí,0,Alto,Medio,Público,Neutral,3,No,Instituto,Cercana,Hombre,66,2,1
20,73,Medio,Alto,No,6,70,Bajo,Sí,3,Alto,Alto,Público,Neutral,4,No,Instituto,Cercana,Mujer,68,2,2
19,99,Medio,Alto,Sí,5,54,Bajo,Sí,0,Medio,Medio,Público,Neutral,2,No,Postgrado,Cercana,Hombre,70,2,1
27,95,Medio,Medio,No,5,66,Bajo,Sí,3,Medio,Medio,Público,Neutral,4,No,Instituto,Cercana,Hombre,72,2,2
19,73,Bajo,Alto,Sí,9,69,Alto,Sí,1,Bajo,Bajo,Público,Positiva,4,No,Postgrado,Cercana,Mujer,66,2,2
13,79,Medio,Alto,Sí,7,63,Bajo,No,3,Alto,Medio,Privado,Neutral,2,No,Instituto,Cercana,Mujer,65,2,2
18,77,Medio,Alto,Sí,7,55,Alto,No,3,Alto,Medio,Privado,Neutral,3,Sí,Instituto,Cercana,Mujer,66,2,1
21,66,Alto,Medio,Sí,6,76,Bajo,Sí,3,Bajo,Medio,Privado,Neutral,1,No,Instituto,Moderada,Mujer,65,2,3
27,98,Alto,Bajo,Sí,6,93,Bajo,Sí,0,Bajo,Medio,Privado,Neutral,4,No,Instituto,Moderada,Hombre,72,2,5
24,76,Medio,Medio,Sí,6,67,Medio,Sí,2,Alto,Medio,Público,Negativa,3,No,Universidad,Cercana,Mujer,68,2,2
15,95,Medio,Medio,Sí,7,62,Alto,Sí,0,Alto,Medio,Público,Negativa,3,No,Universidad,Cercana,Mujer,68,2,2
35,68,Bajo,Alto,Sí,5,64,Medio,Sí,0,Alto,Bajo,Público,Positiva,4,Sí,Instituto,Cercana,Hombre,67,2,2
22,82,Medio,Medio,Sí,9,93,Bajo,Sí,2,Bajo,Medio,Público,Neutral,2,No,Instituto,Cercana,Hombre,68,2,5
28,61,Alto,Medio,No,7,76,Alto,Sí,1,Medio,Alto,Público,Positiva,4,No,Instituto,Moderada,Hombre,67,2,3
19,91,Medio,Alto,No,7,57,Bajo,Sí,3,Alto,Alto,Público,Negativa,3,No,Instituto,Moderada,Mujer,69,2,1
23,83,Bajo,Bajo,No,8,85,Medio,Sí,2,Bajo,Medio,Privado,Neutral,2,Sí,Instituto,Cercana,Hombre,65,2,4
25,85,Medio,Medio,No,8,58,Medio,Sí,2,Medio,Alto,Público,Neutral,4,No,Universidad,Cercana,Hombre,70,2,1
27,62,Alto,Medio,No,6,53,Bajo,Sí,1,Medio,Medio,Público,Positiva,2,No,Instituto,Moderada,Hombre,64,1,1
26,68,Medio,Medio,No,8,63,Medio,Sí,2,Bajo,Alto,Público,Positiva,3,No,Instituto,Cercana,Hombre,66,2,2
25,63,Bajo,Medio,No,8,58,Medio,Sí,1,Alto,Medio,Público,Positiva,1,No,Universidad,Cercana,Mujer,64,1,1
18,72,Alto,Alto,Sí,7,80,Alto,Sí,1,Alto,Alto,Público,Negativa,2,Sí,Instituto,Moderada,Mujer,66,2,4
17,85,Medio,Medio,Sí,9,74,Medio,Sí,1,Medio,Medio,Privado,Neutral,2,No,Instituto,Cercana,Hombre,67,2,3
22,83,Medio,Bajo,Sí,8,86,Medio,Sí,3,Medio,Bajo,Público,Negativa,4,No,Instituto,Cercana,Hombre,68,2,4
26,84,Medio,Medio,No,8,76,Medio,Sí,5,Medio,Alto,Público,Neutral,2,No,Instituto,Moderada,Hombre,71,2,3
19,82,Alto,Bajo,No,9,71,Medio,Sí,1,Bajo,Alto,Privado,Neutral,3,No,Universidad,Cercana,Mujer,67,2,3
26,71,Alto,Medio,Sí,7,76,Medio,Sí,3,Bajo,Medio,Público,Positiva,2,No,Postgrado,Moderada,Hombre,69,2,3
29,70,Medio,Bajo,Sí,7,72,Bajo,Sí,1,Medio,Medio,Público,Positiva,4,No,Universidad,Cercana,Hombre,67,2,3
15,65,Bajo,Alto,Sí,8,52,Medio,Sí,4,Bajo,Medio,Privado,Neutral,3,Sí,Instituto,Moderada,Mujer,61,1,1
15,94,Medio,Medio,No,7,84,Medio,Sí,0,Medio,Alto,Público,Positiva,2,No,Instituto,Moderada,Hombre,68,2,4
19,85,Bajo,Bajo,Sí,8,98,Medio,Sí,2,Medio,Bajo,Privado,Neutral,4,No,Instituto,Cercana,Mujer,67,2,5
22,67,Bajo,Medio,Sí,6,71,Bajo,Sí,1,Medio,Alto,Público,Neutral,4,No,Universidad,Moderada,Hombre,64,1,3
17,67,Medio,Medio,Sí,4,71,Medio,Sí,3,Medio,Alto,Público,Negativa,2,No,Instituto,Moderada,Mujer,63,1,3
28,95,Bajo,Medio,No,8,52,Alto,Sí,3,Alto,Alto,Público,Negativa,4,No,Universidad,Cercana,Hombre,72,2,1
23,90,Alto,Medio,No,5,95,Bajo,Sí,2,Bajo,Medio,Público,Negativa,2,No,Instituto,Moderada,Hombre,69,2,5
20,86,Bajo,Alto,No,6,96,Medio,Sí,1,Alto,Bajo,Público,Neutral,2,Sí,Instituto,Lejana,Hombre,66,2,5
11,76,Medio,Medio,Sí,8,91,Bajo,Sí,1,Alto,Alto,Privado,Neutral,3,Sí,Universidad,Cercana,Mujer,64,1,5
12,70,Bajo,Medio,Sí,8,55,Medio,Sí,2,Medio,Alto,Público,Negativa,4,No,Instituto,Cercana,Mujer,61,1,1
22,99,Medio,Alto,Sí,9,95,Medio,Sí,2,Bajo,Bajo,Público,Negativa,4,Sí,Instituto,Cercana,Hombre,71,2,5
7,92,Bajo,Medio,Sí,4,51,Medio,Sí,0,Alto,Medio,Público,Positiva,1,No,Instituto,Cercana,Mujer,63,1,1
26,72,Medio,Bajo,No,7,72,Bajo,Sí,2,Medio,Bajo,Público,Neutral,4,No,Instituto,Cercana,Mujer,65,2,3
19,94,Alto,Bajo,Sí,7,75,Medio,Sí,2,Alto,Medio,Público,Negativa,5,No,Universidad,Cercana,Mujer,71,2,3
39,90,Alto,Alto,No,8,92,Alto,Sí,2,Medio,Alto,Privado,Neutral,1,No,Instituto,Cercana,Mujer,78,3,5
34,72,Medio,Alto,Sí,9,88,Bajo,Sí,1,Alto,Medio,Privado,Positiva,3,No,Postgrado,Cercana,Hombre,73,2,4
19,77,Bajo,Medio,No,5,90,Bajo,Sí,1,Bajo,Alto,Privado,Neutral,3,No,Universidad,Cercana,Mujer,65,2,5
19,67,Bajo,Medio,Sí,7,93,Alto,Sí,0,Medio,Medio,Público,Positiva,4,No,Postgrado,Cercana,Hombre,66,2,5
26,64,Alto,Bajo,Sí,8,74,Bajo,Sí,3,Medio,Alto,Público,Neutral,2,No,Instituto,Cercana,Hombre,66,2,3
30,89,Medio,Medio,No,6,89,Medio,Sí,3,Alto,Medio,Público,Neutral,3,No,Postgrado,Moderada,Hombre,74,3,4
10,71,Medio,Bajo,No,10,53,Bajo,Sí,4,Alto,Medio,Privado,Positiva,3,No,Instituto,Cercana,Mujer,62,1,1
9,93,Alto,Bajo,Sí,6,72,Bajo,Sí,1,Medio,Medio,Público,Positiva,2,No,Universidad,Cercana,Mujer,66,2,3
16,100,Alto,Alto,No,7,52,Medio,Sí,4,Bajo,Medio,Público,Negativa,4,No,Instituto,Cercana,Mujer,71,2,1
23,63,Alto,Medio,Sí,5,96,Medio,Sí,2,Alto,Medio,Público,Neutral,2,No,Instituto,Cercana,Mujer,67,2,5
23,79,Alto,Bajo,Sí,7,98,Bajo,Sí,0,Medio,Alto,Público,Neutral,4,No,Universidad,Cercana,Mujer,69,2,5
26,92,Medio,Alto,No,4,54,Medio,Sí,2,Alto,Medio,Público,Positiva,4,No,Instituto,Moderada,Hombre,72,2,1
13,92,Alto,Alto,Sí,7,77,Medio,Sí,2,Alto,Medio,Público,Positiva,4,No,Postgrado,Cercana,Hombre,72,2,3
6,90,Medio,Medio,Sí,9,66,Medio,Sí,2,Medio,Alto,Público,Positiva,2,No,Instituto,Lejana,Hombre,65,2,2
25,74,Alto,Alto,No,5,67,Alto,Sí,1,Medio,Medio,Público,Positiva,5,No,Postgrado,Cercana,Hombre,71,2,2
15,78,Medio,Medio,No,5,73,Medio,Sí,0,Alto,Alto,Privado,Positiva,1,Sí,Universidad,Cercana,Hombre,64,1,3
8,84,Medio,Bajo,Sí,9,56,Bajo,Sí,1,Bajo,Medio,Público,Positiva,2,No,Instituto,Moderada,Hombre,61,1,1
21,99,Medio,Bajo,Sí,9,59,Bajo,Sí,1,Alto,Alto,Público,Negativa,2,No,Universidad,Moderada,Mujer,69,2,1
25,73,Bajo,Medio,Sí,5,79,Medio,Sí,1,Bajo,Medio,Privado,Neutral,5,No,Instituto,Moderada,Mujer,65,2,3
19,97,Medio,Bajo,Sí,10,51,Alto,Sí,3,Bajo,Alto,Público,Neutral,4,No,Universidad,Lejana,Mujer,69,2,1
17,71,Medio,Medio,No,8,80,Bajo,Sí,2,Alto,Bajo,Público,Neutral,3,No,Instituto,Cercana,Mujer,64,1,4
19,100,Medio,Bajo,Sí,9,66,Alto,Sí,1,Alto,Medio,Público,Negativa,4,Sí,Postgrado,Moderada,Hombre,69,2,2
18,87,Medio,Medio,Sí,6,92,Bajo,Sí,1,Bajo,Medio,Privado,Neutral,4,No,Instituto,Cercana,Mujer,68,2,5
12,79,Medio,Bajo,No,9,80,Bajo,Sí,1,Alto,Medio,Público,Positiva,2,No,Universidad,Moderada,Hombre,63,1,4
16,85,Bajo,Medio,No,7,85,Alto,Sí,1,Medio,Alto,Público,Neutral,2,No,Instituto,Cercana,Hombre,66,2,4
23,71,Medio,Medio,No,7,56,Bajo,Sí,1,Medio,Medio,Privado,Positiva,4,No,Instituto,Cercana,Mujer,65,2,1
22,71,Alto,Medio,Sí,8,63,Medio,Sí,2,Medio,Alto,Público,Negativa,2,No,Instituto,Moderada,Hombre,66,2,2
21,65,Medio,Medio,No,6,100,Medio,Sí,3,Medio,Medio,Público,Neutral,4,No,Postgrado,Cercana,Hombre,67,2,5
14,65,Medio,Alto,Sí,5,72,Bajo,Sí,3,Bajo,Alto,Privado,Negativa,2,No,Instituto,Cercana,Hombre,62,1,3
19,74,Medio,Alto,Sí,7,68,Medio,Sí,2,Bajo,Alto,Público,Negativa,2,No,Instituto,Cercana,Mujer,66,2,2
7,91,Alto,Medio,No,7,94,Alto,No,3,Alto,Medio,Público,Neutral,3,No,Postgrado,Moderada,Mujer,68,2,5
21,84,Medio,Medio,Sí,6,52,Medio,Sí,2,Alto,Alto,Público,Negativa,5,No,Instituto,Moderada,Hombre,68,2,1
29,64,Bajo,Medio,No,9,77,Medio,Sí,0,Bajo,Alto,Público,Negativa,2,No,Instituto,Moderada,Mujer,63,1,3
11,94,Alto,Bajo,Sí,10,61,Medio,Sí,1,Medio,Bajo,Público,Neutral,3,No,Universidad,Moderada,Hombre,66,2,2
16,84,Alto,Bajo,No,6,68,Bajo,No,3,Medio,Medio,Privado,Neutral,3,No,Instituto,Cercana,Hombre,65,2,2
22,98,Alto,Medio,Sí,7,60,Medio,Sí,1,Alto,Medio,Público,Positiva,1,No,Instituto,Cercana,Hombre,72,2,1
28,87,Medio,Medio,No,6,52,Medio,Sí,4,Bajo,Bajo,Privado,Neutral,3,No,Postgrado,Cercana,Mujer,70,2,1
17,67,Alto,Bajo,No,10,71,Medio,Sí,1,Medio,Medio,Público,Positiva,3,No,Instituto,Cercana,Hombre,63,1,3
16,79,Medio,Medio,No,8,89,Medio,Sí,0,Bajo,Alto,Privado,Neutral,4,No,Instituto,Cercana,Hombre,65,2,4
8,86,Alto,Bajo,Sí,8,98,Bajo,Sí,1,Bajo,Medio,Privado,Neutral,1,No,Universidad,Cercana,Hombre,65,2,5
21,61,Alto,Alto,No,9,81,Medio,Sí,1,Medio,Medio,Privado,Neutral,3,No,Postgrado,Cercana,Hombre,66,2,4
32,61,Alto,Medio,Sí,7,69,Alto,Sí,0,Alto,Medio,Público,Positiva,3,No,Instituto,Moderada,Mujer,68,2,2
22,65,Medio,Bajo,Sí,7,88,Bajo,No,2,Medio,Medio,Público,Positiva,4,No,Universidad,Cercana,Hombre,64,1,4
20,70,Alto,Medio,No,9,75,Bajo,Sí,3,Medio,Medio,Público,Neutral,4,No,Universidad,Moderada,Hombre,66,2,3
22,77,Bajo,Medio,Sí,8,68,Medio,Sí,3,Alto,Alto,Público,Positiva,4,No,Instituto,Moderada,Hombre,68,2,2
20,79,Bajo,Medio,Sí,6,59,Medio,Sí,0,Bajo,Medio,Público,Positiva,2,No,Instituto,Moderada,Hombre,64,1,1
15,66,Medio,Medio,No,6,90,Bajo,Sí,2,Medio,Medio,Público,Negativa,3,No,Universidad,Lejana,Mujer,62,1,5
25,87,Medio,Medio,Sí,6,75,Medio,No,0,Bajo,Medio,Privado,Neutral,2,Sí,Instituto,Cercana,Hombre,67,2,3
21,84,Bajo,Alto,No,9,98,Medio,Sí,1,Bajo,Medio,Público,Negativa,3,No,Instituto,Moderada,Hombre,67,2,5
20,72,Medio,Medio,No,9,90,Bajo,Sí,1,Medio,Medio,Privado,Neutral,2,No,Postgrado,Moderada,Hombre,65,2,5
14,61,Bajo,Medio,Sí,10,71,Medio,No,2,Bajo,Medio,Público,Neutral,4,No,Instituto,Cercana,Hombre,59,1,3
28,63,Medio,Alto,Sí,6,87,Bajo,Sí,0,Bajo,Medio,Público,Positiva,2,No,Instituto,Moderada,Mujer,66,2,4
24,76,Alto,Bajo,No,7,73,Medio,Sí,4,Medio,Medio,Público,Neutral,2,No,Instituto,Cercana,Mujer,68,2,3
17,66,Alto,Medio,No,6,54,Medio,Sí,2,Alto,Bajo,Público,Positiva,3,Sí,Instituto,Cercana,Mujer,63,1,1
26,75,Medio,Bajo,Sí,7,76,Medio,Sí,2,Medio,Medio,Público,Neutral,3,No,Universidad,Cercana,Hombre,68,2,3
17,85,Alto,Bajo,Sí,8,93,Bajo,Sí,2,Medio,Alto,Público,Positiva,3,No,Universidad,Lejana,Mujer,68,2,5
15,82,Medio,Medio,Sí,7,93,Medio,Sí,3,Bajo,Alto,Público,Negativa,2,No,Instituto,Moderada,Mujer,66,2,5
15,69,Alto,Bajo,No,9,79,Bajo,Sí,1,Medio,Medio,Privado,Positiva,2,No,Instituto,Moderada,Mujer,63,1,3
9,74,Medio,Bajo,No,6,69,Bajo,Sí,3,Bajo,Medio,Privado,Positiva,2,No,Instituto,Moderada,Mujer,61,1,2
23,85,Alto,Medio,Sí,8,51,Bajo,Sí,0,Alto,Bajo,Público,Negativa,4,No,Universidad,Cercana,Mujer,68,2,1
9,94,Alto,Bajo,No,6,66,Bajo,Sí,0,Bajo,Alto,Público,Positiva,3,No,Universidad,Cercana,Hombre,66,2,2
13,90,Medio,Alto,No,4,99,Alto,Sí,1,Alto,Medio,Público,Neutral,4,Sí,Universidad,Moderada,Hombre,69,2,5
8,82,Medio,Alto,Sí,5,86,Medio,No,0,Bajo,Medio,Público,Negativa,3,No,Postgrado,Cercana,Mujer,64,1,4
19,74,Medio,Medio,No,7,86,Alto,Sí,1,Alto,Medio,Privado,Positiva,3,No,Postgrado,Cercana,Hombre,68,2,4
19,75,Medio,Alto,No,10,88,Bajo,Sí,0,Bajo,Alto,Público,Positiva,2,No,Instituto,Cercana,Mujer,66,2,4
18,95,Medio,Medio,No,6,81,Medio,Sí,0,Bajo,Medio,Público,Positiva,3,Sí,Instituto,Cercana,Mujer,68,2,4
14,62,Medio,Alto,Sí,7,79,Bajo,Sí,2,Medio,Medio,Privado,Positiva,2,No,Instituto,Moderada,Mujer,62,1,3
13,100,Medio,Bajo,Sí,8,73,Bajo,Sí,1,Bajo,Medio,Público,Neutral,3,No,Postgrado,Cercana,Hombre,68,2,3
23,87,Medio,Alto,No,6,72,Medio,Sí,1,Bajo,Alto,Privado,Negativa,3,No,Universidad,Moderada,Hombre,69,2,3
17,87,Alto,Alto,Sí,6,94,Medio,Sí,2,Bajo,Medio,Privado,Neutral,3,No,Instituto,Moderada,Hombre,70,2,5
22,62,Alto,Medio,Sí,7,70,Bajo,Sí,4,Bajo,Medio,Público,Negativa,2,No,Universidad,Cercana,Mujer,65,2,2
15,84,Bajo,Medio,Sí,6,92,Medio,Sí,3,Medio,Medio,Público,Positiva,3,No,Universidad,Cercana,Mujer,68,2,5
21,79,Medio,Alto,No,4,92,Bajo,Sí,0,Bajo,Medio,Público,Negativa,2,No,Postgrado,Cercana,Mujer,67,2,5
28,64,Bajo,Medio,Sí,6,89,Medio,Sí,0,Bajo,Bajo,Público,Neutral,4,No,Universidad,Lejana,Hombre,64,1,4
24,71,Bajo,Medio,No,8,52,Medio,No,2,Medio,Medio,Público,Negativa,3,No,Universidad,Cercana,Mujer,63,1,1
18,96,Medio,Bajo,Sí,8,57,Medio,Sí,1,Medio,Medio,Público,Negativa,2,No,Instituto,Cercana,Mujer,67,2,1
22,82,Alto,Bajo,No,9,66,Medio,Sí,1,Bajo,Alto,Privado,Negativa,3,No,Instituto,Moderada,Hombre,66,2,2
19,77,Alto,Bajo,Sí,9,92,Medio,Sí,2,Bajo,Medio,Público,Positiva,4,No,Instituto,Cercana,Mujer,67,2,5
20,63,Medio,Medio,Sí,6,94,Medio,No,2,Medio,Medio,Público,Neutral,3,No,Instituto,Lejana,Mujer,63,1,5
18,89,Medio,Medio,Sí,6,52,Medio,Sí,3,Alto,Alto,Público,Positiva,3,No,Instituto,Moderada,Mujer,69,2,1
19,88,Alto,Alto,No,6,66,Medio,Sí,3,Medio,Medio,Público,Positiva,2,No,Instituto,Cercana,Mujer,70,2,2
21,85,Alto,Medio,Sí,7,93,Medio,Sí,0,Alto,Medio,Público,Neutral,4,No,Instituto,Moderada,Hombre,70,2,5
14,80,Alto,Medio,No,6,62,Medio,Sí,0,Alto,Medio,Privado,Negativa,2,No,Postgrado,Cercana,Hombre,65,2,2
14,77,Bajo,Bajo,No,7,99,Bajo,Sí,2,Medio,Medio,Público,Positiva,2,No,Postgrado,Moderada,Mujer,64,1,5
12,84,Medio,Alto,Sí,6,74,Alto,Sí,1,Medio,Alto,Público,Negativa,3,No,Universidad,Moderada,Mujer,67,2,3
10,69,Bajo,Medio,No,8,97,Medio,Sí,1,Medio,Medio,Privado,Negativa,3,No,Instituto,Cercana,Mujer,61,1,5
13,98,Medio,Alto,Sí,6,71,Medio,Sí,1,Bajo,Alto,Privado,Positiva,1,No,Universidad,Cercana,Mujer,70,2,3
21,84,Alto,Bajo,No,6,66,Alto,Sí,2,Alto,Medio,Privado,Positiva,4,Sí,Universidad,Lejana,Hombre,68,2,2
15,72,Medio,Medio,Sí,8,68,Alto,Sí,0,Medio,Medio,Público,Positiva,2,No,Instituto,Cercana,Mujer,64,1,2
23,78,Alto,Medio,No,8,94,Medio,Sí,1,Alto,Medio,Privado,Neutral,2,Sí,Instituto,Moderada,Hombre,68,2,5
20,92,Medio,Bajo,No,7,67,Bajo,Sí,1,Medio,Medio,Público,Positiva,5,No,Instituto,Cercana,Hombre,68,2,2
8,66,Alto,Alto,Sí,8,83,Medio,Sí,0,Bajo,Medio,Privado,Positiva,4,No,Universidad,Cercana,Hombre,63,1,4
24,72,Bajo,Medio,Sí,8,73,Bajo,Sí,1,Bajo,Medio,Público,Positiva,2,No,Universidad,Moderada,Mujer,65,2,3
25,87,Bajo,Medio,Sí,10,97,Medio,Sí,4,Bajo,Bajo,Privado,Neutral,3,Sí,Instituto,Cercana,Mujer,69,2,5
14,73,Medio,Alto,No,8,58,Medio,Sí,2,Bajo,Alto,Público,Negativa,2,No,Universidad,Moderada,Hombre,63,1,1
23,92,Bajo,Medio,Sí,10,71,Medio,Sí,1,Bajo,Medio,Público,Neutral,3,No,Universidad,Cercana,Hombre,69,2,3
15,65,Alto,Bajo,Sí,7,56,Medio,No,3,Alto,Medio,Privado,Positiva,3,Sí,Instituto,Cercana,Mujer,61,1,1
21,91,Bajo,Alto,Sí,9,79,Medio,Sí,2,Bajo,Medio,Privado,Neutral,3,No,Universidad,Lejana,Mujer,69,2,3
12,63,Alto,Medio,No,9,70,Bajo,Sí,1,Alto,Bajo,Público,Positiva,3,No,Universidad,Cercana,Mujer,62,1,2
9,61,Bajo,Alto,Sí,7,53,Medio,Sí,0,Medio,Medio,Público,Positiva,2,Sí,Postgrado,Lejana,Hombre,58,1,1
18,96,Medio,Alto,Sí,6,92,Medio,Sí,2,Medio,Medio,Público,Positiva,3,No,Instituto,Lejana,Hombre,71,2,5
19,83,Alto,Bajo,No,6,69,Medio,Sí,5,Medio,Medio,Privado,Positiva,2,No,Postgrado,Lejana,Hombre,69,2,2
18,74,Alto,Medio,No,8,75,Alto,Sí,1,Alto,Alto,Público,Positiva,3,No,Postgrado,Moderada,Hombre,68,2,3
13,69,Medio,Bajo,No,5,70,Medio,Sí,0,Medio,Alto,Privado,Negativa,2,No,Universidad,Cercana,Hombre,61,1,2
18,85,Alto,Medio,Sí,6,74,Medio,Sí,3,Bajo,Medio,Privado,Negativa,2,No,Universidad,Lejana,Hombre,67,2,3
22,80,Medio,Alto,Sí,9,51,Medio,Sí,2,Medio,Medio,Público,Negativa,3,No,Postgrado,Cercana,Hombre,68,2,1
20,100,Medio,Medio,Sí,8,91,Medio,Sí,3,Bajo,Medio,Público,Positiva,3,No,Instituto,Cercana,Hombre,72,2,5
21,99,Alto,Bajo,Sí,4,67,Medio,Sí,1,Medio,Medio,Privado,Negativa,4,No,Universidad,Cercana,Mujer,71,2,2
16,85,Medio,Medio,Sí,5,86,Bajo,No,3,Medio,Medio,Público,Positiva,2,No,Instituto,Cercana,Hombre,67,2,4
27,78,Medio,Medio,No,10,53,Medio,Sí,3,Medio,Medio,Privado,Neutral,4,Sí,Postgrado,Moderada,Hombre,68,2,1
13,80,Medio,Medio,No,9,76,Medio,Sí,0,Alto,Medio,Público,Neutral,2,No,Instituto,Cercana,Mujer,64,1,3
23,87,Medio,Alto,No,6,95,Alto,Sí,3,Alto,Medio,Privado,Positiva,0,No,Instituto,Cercana,Mujer,73,2,5
27,64,Bajo,Medio,Sí,5,70,Medio,Sí,0,Bajo,Alto,Público,Positiva,4,No,Instituto,Cercana,Mujer,65,2,2
23,73,Bajo,Alto,No,5,60,Alto,Sí,1,Medio,Medio,Privado,Positiva,2,No,Postgrado,Cercana,Mujer,67,2,1
19,63,Alto,Medio,Sí,8,55,Bajo,Sí,0,Medio,Medio,Privado,Positiva,4,No,Universidad,Moderada,Mujer,63,1,1
17,63,Medio,Medio,Sí,10,93,Medio,Sí,0,Bajo,Medio,Público,Positiva,2,Sí,Postgrado,Cercana,Mujer,63,1,5
26,68,Medio,Medio,Sí,10,62,Alto,Sí,4,Medio,Medio,Público,Neutral,2,No,Postgrado,Cercana,Mujer,69,2,2
11,79,Alto,Alto,Sí,5,99,Medio,Sí,1,Alto,Bajo,Público,Positiva,3,No,Instituto,Cercana,Mujer,68,2,5
14,91,Medio,Medio,Sí,7,62,Medio,Sí,2,Bajo,Alto,Público,Neutral,2,No,Universidad,Cercana,Hombre,68,2,2
18,79,Alto,Alto,Sí,6,74,Medio,Sí,3,Bajo,Medio,Público,Positiva,4,No,Instituto,Cercana,Hombre,69,2,3
27,73,Alto,Alto,Sí,7,73,Alto,Sí,5,Alto,Alto,Público,Negativa,3,No,Instituto,Cercana,Mujer,73,2,3
22,63,Alto,Alto,Sí,5,53,Alto,Sí,3,Bajo,Alto,Público,Negativa,2,No,Instituto,Cercana,Hombre,66,2,1
14,82,Medio,Medio,Sí,6,77,Medio,Sí,3,Medio,Medio,Público,Positiva,3,No,Universidad,Cercana,Mujer,68,2,3
18,71,Medio,Medio,No,6,84,Medio,Sí,2,Medio,Bajo,Público,Neutral,2,No,Postgrado,Cercana,Hombre,65,2,4
16,85,Medio,Medio,No,8,87,Alto,Sí,4,Bajo,Medio,Privado,Negativa,3,No,Instituto,Lejana,Hombre,67,2,4
16,99,Medio,Medio,No,6,76,Bajo,Sí,2,Medio,Medio,Privado,Positiva,4,No,Universidad,Cercana,Mujer,70,2,3
26,64,Medio,Alto,No,6,91,Medio,Sí,1,Bajo,Medio,Privado,Neutral,4,No,Instituto,Moderada,Hombre,66,2,5
12,68,Medio,Alto,No,8,88,Alto,Sí,3,Bajo,Medio,Público,Negativa,3,No,Postgrado,Moderada,Mujer,64,1,4
30,79,Medio,Alto,No,9,60,Medio,Sí,1,Bajo,Medio,Público,Neutral,3,No,Instituto,Cercana,Mujer,69,2,1
25,99,Bajo,Medio,No,10,70,Medio,Sí,1,Medio,Medio,Público,Positiva,5,No,Universidad,Lejana,Mujer,71,2,2
27,91,Medio,Bajo,No,8,57,Medio,Sí,0,Bajo,Bajo,Privado,Neutral,4,No,Postgrado,Moderada,Hombre,68,2,1
17,96,Alto,Medio,No,7,57,Bajo,Sí,2,Medio,Medio,Privado,Negativa,3,No,Universidad,Moderada,Mujer,68,2,1
19,73,Bajo,Medio,Sí,9,86,Alto,Sí,0,Medio,Alto,Público,Positiva,3,No,Universidad,Cercana,Mujer,66,2,4
11,100,Bajo,Alto,No,9,77,Medio,Sí,2,Medio,Alto,Público,Positiva,3,No,Postgrado,Cercana,Mujer,70,2,3
17,64,Medio,Alto,No,8,80,Medio,Sí,0,Alto,Alto,Público,Positiva,2,No,Postgrado,Cercana,Mujer,65,2,4
23,62,Medio,Bajo,Sí,5,87,Medio,Sí,1,Medio,Medio,Público,Negativa,4,No,Instituto,Cercana,Mujer,63,1,4
28,94,Bajo,Medio,Sí,9,64,Medio,Sí,0,Medio,Medio,Público,Neutral,3,No,Instituto,Moderada,Mujer,70,2,2
13,97,Bajo,Medio,Sí,8,70,Medio,Sí,0,Alto,Medio,Privado,Neutral,2,No,Postgrado,Moderada,Mujer,67,2,2
18,64,Medio,Medio,No,6,80,Medio,Sí,1,Medio,Medio,Público,Positiva,5,Sí,Instituto,Cercana,Hombre,63,1,4
19,65,Alto,Medio,No,6,55,Medio,Sí,1,Bajo,Alto,Público,Positiva,3,No,Postgrado,Moderada,Hombre,64,1,1
12,61,Bajo,Medio,Sí,8,92,Medio,Sí,2,Alto,Medio,Público,Neutral,4,Sí,Instituto,Moderada,Hombre,60,1,5
24,64,Medio,Medio,Sí,4,67,Bajo,Sí,0,Bajo,Medio,Público,Neutral,1,No,Instituto,Cercana,Hombre,62,1,2
16,68,Medio,Alto,No,7,83,Alto,Sí,2,Bajo,Alto,Público,Positiva,2,No,Instituto,Cercana,Mujer,65,2,4
19,99,Bajo,Bajo,No,6,100,Medio,Sí,0,Alto,Bajo,Privado,Negativa,3,No,Postgrado,Cercana,Hombre,69,2,5
17,87,Medio,Alto,Sí,6,74,Bajo,Sí,1,Bajo,Alto,Privado,Neutral,3,No,Universidad,Moderada,Mujer,68,2,3
15,91,Medio,Medio,No,6,61,Medio,No,1,Medio,Alto,Público,Positiva,2,No,Instituto,Moderada,Hombre,66,2,2
20,91,Alto,Alto,Sí,5,61,Bajo,Sí,4,Bajo,Medio,Público,Positiva,2,No,Postgrado,Cercana,Hombre,72,2,2
19,81,Medio,Alto,Sí,9,53,Medio,Sí,2,Alto,Medio,Público,Positiva,3,No,Instituto,Cercana,Hombre,68,2,1
18,92,Medio,Medio,No,4,88,Medio,Sí,3,Alto,Medio,Público,Neutral,2,No,Instituto,Moderada,Hombre,69,2,4
16,84,Medio,Medio,No,7,65,Bajo,Sí,1,Alto,Alto,Público,Negativa,3,No,Instituto,Moderada,Hombre,65,2,2
22,73,Alto,Medio,Sí,6,59,Bajo,Sí,0,Bajo,Medio,Público,Positiva,1,No,Instituto,Cercana,Hombre,65,2,1
30,82,Bajo,Medio,Sí,10,86,Bajo,Sí,2,Bajo,Alto,Público,Neutral,4,No,Instituto,Cercana,Mujer,70,2,4
21,81,Medio,Bajo,Sí,7,65,Alto,Sí,1,Medio,Medio,Público,Positiva,2,No,Universidad,Moderada,Hombre,67,2,2
26,93,Alto,Medio,No,4,80,Medio,Sí,4,Bajo,Medio,Privado,Positiva,3,Sí,Universidad,Cercana,Hombre,73,2,4
12,99,Alto,Alto,No,8,71,Medio,Sí,2,Medio,Bajo,Público,Neutral,2,No,Universidad,Cercana,Mujer,70,2,3
21,76,Medio,Medio,Sí,5,67,Medio,Sí,1,Alto,Bajo,Privado,Positiva,3,No,Instituto,Moderada,Hombre,66,2,2
13,91,Medio,Medio,Sí,8,74,Medio,Sí,1,Bajo,Medio,Privado,Positiva,1,No,Postgrado,Cercana,Hombre,68,2,3
11,64,Medio,Medio,Sí,8,66,Medio,Sí,2,Bajo,Medio,Público,Positiva,2,No,Universidad,Moderada,Hombre,61,1,2
16,91,Medio,Alto,No,9,94,Bajo,Sí,0,Alto,Medio,Público,Positiva,3,No,Postgrado,Cercana,Hombre,70,2,5
27,75,Medio,Bajo,Sí,7,54,Bajo,Sí,2,Medio,Medio,Público,Negativa,3,No,Postgrado,Cercana,Mujer,66,2,1
26,62,Alto,Medio,Sí,8,52,Medio,Sí,4,Bajo,Medio,Público,Neutral,5,No,Universidad,Cercana,Hombre,67,2,1
21,75,Alto,Alto,No,7,70,Alto,Sí,1,Medio,Alto,Privado,Neutral,3,No,Postgrado,Cercana,Mujer,69,2,2
11,84,Medio,Bajo,Sí,6,59,Bajo,Sí,2,Medio,Medio,Público,Positiva,3,No,Instituto,Cercana,Mujer,64,1,1
19,65,Alto,Medio,Sí,9,87,Bajo,Sí,0,Alto,Alto,Público,Positiva,2,No,Universidad,Moderada,Hombre,65,2,4
22,97,Alto,Medio,Sí,5,68,Bajo,Sí,7,Medio,Alto,Privado,Negativa,5,No,Universidad,Cercana,Mujer,75,3,2
21,63,Alto,Medio,No,7,63,Medio,Sí,2,Medio,Medio,Público,Neutral,2,No,Instituto,Lejana,Hombre,63,1,2
9,97,Alto,Medio,No,6,68,Bajo,Sí,5,Medio,Medio,Privado,Neutral,3,No,Universidad,Cercana,Hombre,69,2,2
15,88,Medio,Alto,Sí,8,61,Bajo,Sí,2,Medio,Alto,Público,Positiva,4,Sí,Instituto,Cercana,Hombre,68,2,2
20,73,Medio,Bajo,Sí,6,65,Medio,Sí,2,Alto,Alto,Privado,Positiva,2,No,Universidad,Cercana,Hombre,66,2,2
23,76,Bajo,Medio,Sí,6,78,Bajo,Sí,2,Alto,Medio,Público,Positiva,2,No,Instituto,Moderada,Mujer,66,2,3
7,90,Bajo,Medio,Sí,7,93,Bajo,Sí,4,Medio,Medio,Público,Neutral,3,No,Universidad,Cercana,Hombre,66,2,5
19,84,Medio,Medio,Sí,9,69,Medio,Sí,2,Medio,Bajo,Público,Neutral,4,No,Universidad,Cercana,Mujer,68,2,2
21,87,Bajo,Medio,Sí,6,66,Medio,Sí,1,Bajo,Bajo,Público,Negativa,2,No,Instituto,Moderada,Mujer,65,2,2
25,76,Medio,Alto,No,6,89,Alto,Sí,3,Bajo,Medio,Público,Neutral,3,No,Universidad,Cercana,Hombre,70,2,4
24,80,Medio,Alto,No,5,51,Medio,Sí,3,Alto,Bajo,Público,Positiva,2,No,Instituto,Cercana,Mujer,68,2,1
23,100,Medio,Medio,No,6,65,Bajo,Sí,1,Medio,Alto,Público,Neutral,2,Sí,Instituto,Cercana,Mujer,70,2,2
15,69,Bajo,Medio,No,8,73,Medio,Sí,2,Medio,Medio,Público,Neutral,2,No,Instituto,Moderada,Hombre,61,1,3
9,77,Bajo,Bajo,No,7,80,Medio,Sí,3,Medio,Medio,Público,Positiva,3,Sí,Instituto,Cercana,Hombre,61,1,4
18,72,Bajo,Alto,No,7,58,Bajo,Sí,6,Bajo,Medio,Público,Positiva,0,No,Instituto,Moderada,Hombre,64,1,1
26,91,Bajo,Medio,No,10,72,Bajo,Sí,4,Alto,Medio,Público,Neutral,3,No,Universidad,Moderada,Hombre,71,2,3
28,91,Alto,Medio,Sí,4,78,Bajo,Sí,1,Medio,Bajo,Público,Positiva,3,No,Instituto,Moderada,Hombre,72,2,3
24,72,Medio,Alto,Sí,10,76,Alto,No,1,Bajo,Medio,Público,Negativa,3,No,Instituto,Cercana,Hombre,66,2,3
23,63,Medio,Medio,Sí,9,79,Alto,Sí,0,Bajo,Medio,Privado,Negativa,4,No,Instituto,Lejana,Mujer,63,1,3
22,60,Bajo,Bajo,No,7,83,Medio,No,3,Medio,Medio,Público,Positiva,1,No,Universidad,Cercana,Mujer,62,1,4
17,77,Medio,Medio,Sí,8,69,Bajo,Sí,3,Alto,Medio,Público,Neutral,3,Sí,Instituto,Cercana,Hombre,65,2,2
19,76,Medio,Medio,Sí,6,53,Medio,Sí,2,Medio,Medio,Público,Positiva,5,No,Instituto,Cercana,Hombre,66,2,1
30,100,Bajo,Alto,No,7,53,Medio,Sí,2,Bajo,Alto,Privado,Neutral,3,No,Instituto,Moderada,Hombre,72,2,1
14,79,Alto,Medio,Sí,10,93,Medio,Sí,2,Medio,Medio,Público,Neutral,3,No,Universidad,Cercana,Hombre,68,2,5
30,70,Alto,Bajo,No,6,84,Alto,Sí,2,Medio,Medio,Público,Positiva,3,No,Postgrado,Cercana,Hombre,70,2,4
18,96,Medio,Medio,Sí,7,88,Medio,Sí,1,Medio,Alto,Privado,Negativa,3,No,Instituto,Moderada,Mujer,70,2,4
28,80,Medio,Alto,No,6,96,Alto,Sí,2,Bajo,Medio,Público,Positiva,6,No,Instituto,Cercana,Hombre,73,2,5
12,84,Medio,Alto,No,6,88,Alto,No,2,Alto,Alto,Público,Positiva,2,No,Instituto,Cercana,Hombre,67,2,4
24,64,Medio,Bajo,No,6,85,Medio,Sí,3,Medio,Medio,Público,Positiva,2,No,Postgrado,Moderada,Hombre,65,2,4
16,75,Alto,Bajo,Sí,5,83,Medio,Sí,1,Medio,Alto,Privado,Negativa,3,No,Universidad,Moderada,Mujer,65,2,4
12,98,Bajo,Medio,No,7,63,Medio,Sí,0,Alto,Medio,Privado,Neutral,3,Sí,Instituto,Cercana,Mujer,65,2,2
21,84,Medio,Medio,Sí,7,98,Medio,Sí,0,Medio,Medio,Público,Neutral,4,No,Universidad,Cercana,Hombre,70,2,5
26,74,Medio,Bajo,Sí,6,77,Medio,Sí,3,Medio,Medio,Privado,Negativa,2,No,Instituto,Lejana,Hombre,66,2,3
15,85,Medio,Medio,Sí,4,61,Medio,Sí,0,Medio,Bajo,Público,Neutral,1,No,Universidad,Cercana,Hombre,65,2,2
11,96,Alto,Alto,No,7,60,Medio,Sí,2,Bajo,Medio,Público,Neutral,1,No,Instituto,Cercana,Hombre,68,2,1
19,71,Medio,Medio,Sí,7,91,Medio,Sí,3,Alto,Medio,Público,Negativa,1,No,Instituto,Moderada,Mujer,66,2,5
19,80,Bajo,Medio,Sí,10,63,Alto,No,1,Medio,Medio,Público,Neutral,2,No,Universidad,Cercana,Mujer,65,2,2
23,98,Medio,Alto,Sí,7,52,Bajo,Sí,2,Bajo,Alto,Privado,Positiva,4,Sí,Instituto,Cercana,Mujer,71,2,1
26,67,Bajo,Medio,Sí,8,71,Medio,Sí,2,Alto,Medio,Privado,Negativa,3,No,Instituto,Cercana,Hombre,65,2,3
20,89,Bajo,Medio,Sí,6,91,Alto,Sí,0,Medio,Medio,Privado,Positiva,4,No,Universidad,Cercana,Hombre,70,2,5
31,85,Medio,Medio,Sí,9,71,Bajo,Sí,0,Medio,Alto,Público,Negativa,2,Sí,Universidad,Moderada,Mujer,69,2,3
21,87,Medio,Medio,No,6,90,Alto,Sí,3,Alto,Medio,Público,Negativa,4,No,Instituto,Cercana,Hombre,71,2,5
18,74,Medio,Alto,Sí,8,91,Medio,Sí,0,Medio,Alto,Privado,Positiva,2,No,Instituto,Cercana,Mujer,67,2,5
10,73,Medio,Medio,Sí,8,93,Alto,Sí,3,Bajo,Medio,Público,Positiva,2,Sí,Instituto,Moderada,Hombre,64,1,5
18,87,Bajo,Bajo,No,8,79,Alto,Sí,1,Bajo,Alto,Público,Negativa,4,No,Universidad,Cercana,Hombre,82,3,3
18,69,Medio,Alto,Sí,10,85,Medio,Sí,2,Alto,Medio,Privado,Positiva,0,No,Universidad,Moderada,Mujer,66,2,4
26,77,Bajo,Medio,Sí,6,63,Bajo,Sí,1,Bajo,Alto,Público,Negativa,4,No,Instituto,Cercana,Hombre,66,2,2
23,68,Alto,Medio,Sí,9,55,Medio,Sí,1,Medio,Medio,Público,Positiva,3,No,Instituto,Moderada,Hombre,65,2,1
13,60,Medio,Medio,No,9,77,Bajo,Sí,2,Medio,Alto,Privado,Positiva,5,Sí,Instituto,Cercana,Hombre,61,1,3
21,99,Medio,Alto,No,7,51,Alto,Sí,2,Medio,Bajo,Privado,Neutral,2,No,Postgrado,Cercana,Mujer,72,2,1
24,77,Alto,Medio,Sí,10,73,Medio,Sí,3,Medio,Medio,Público,Positiva,3,No,Instituto,Cercana,Hombre,70,2,3
29,99,Medio,Medio,Sí,7,55,Bajo,Sí,0,Medio,Medio,Privado,Positiva,3,No,Instituto,Moderada,Hombre,71,2,1
25,66,Alto,Medio,Sí,7,55,Medio,Sí,4,Medio,Medio,Público,Neutral,2,Sí,Instituto,Moderada,Mujer,84,4,1
25,83,Alto,Alto,Sí,7,94,Bajo,Sí,2,Bajo,Alto,Público,Positiva,3,Sí,Universidad,Moderada,Hombre,72,2,5
20,68,Medio,Alto,Sí,5,82,Medio,No,1,Bajo,Alto,Público,Positiva,3,No,Postgrado,Cercana,Mujer,67,2,4
22,92,Alto,Bajo,No,8,82,Medio,Sí,2,Medio,Medio,Privado,Neutral,5,No,Postgrado,Cercana,Hombre,72,2,4
27,91,Bajo,Alto,Sí,8,70,Bajo,Sí,1,Medio,Bajo,Público,Neutral,6,No,Instituto,Moderada,Mujer,70,2,2
12,65,Medio,Alto,No,7,71,Medio,Sí,1,Bajo,Alto,Público,Neutral,4,No,Instituto,Moderada,Hombre,62,1,3
18,96,Alto,Medio,Sí,10,65,Bajo,Sí,3,Medio,Medio,Público,Positiva,2,No,Universidad,Moderada,Mujer,71,2,2
15,68,Bajo,Medio,No,6,72,Bajo,Sí,3,Alto,Bajo,Público,Neutral,3,No,Instituto,Cercana,Mujer,62,1,3
22,85,Medio,Medio,Sí,4,79,Bajo,Sí,1,Bajo,Bajo,Público,Positiva,3,No,Instituto,Cercana,Mujer,68,2,3
27,99,Alto,Medio,No,10,59,Alto,Sí,2,Bajo,Medio,Público,Positiva,3,No,Instituto,Cercana,Hombre,74,3,1
16,95,Alto,Alto,No,9,63,Medio,No,0,Medio,Bajo,Privado,Positiva,3,No,Instituto,Cercana,Hombre,68,2,2
6,98,Medio,Bajo,No,8,75,Medio,Sí,1,Alto,Medio,Público,Neutral,3,Sí,Postgrado,Lejana,Mujer,64,1,3
18,74,Alto,Medio,Sí,6,69,Medio,Sí,0,Bajo,Medio,Público,Positiva,4,No,Instituto,Moderada,Hombre,65,2,2
25,64,Medio,Bajo,Sí,8,91,Medio,Sí,1,Bajo,Bajo,Público,Positiva,5,No,Universidad,Cercana,Hombre,66,2,5
23,68,Medio,Alto,No,5,91,Bajo,Sí,5,Bajo,Medio,Público,Neutral,1,No,Universidad,Cercana,Mujer,68,2,5
23,80,Medio,Medio,No,7,67,Bajo,Sí,2,Bajo,Alto,Público,Neutral,4,No,Instituto,Cercana,Hombre,67,2,2
18,92,Medio,Medio,Sí,6,73,Bajo,Sí,1,Medio,Alto,Público,Neutral,5,Sí,Instituto,Moderada,Mujer,67,2,3
12,66,Medio,Alto,Sí,7,99,Bajo,Sí,2,Medio,Bajo,Público,Neutral,3,No,Instituto,Moderada,Hombre,63,1,5
23,86,Medio,Alto,Sí,8,91,Medio,Sí,2,Bajo,Medio,Público,Negativa,1,No,Universidad,Cercana,Mujer,71,2,5
15,73,Medio,Alto,No,5,61,Bajo,No,1,Bajo,Alto,Privado,Positiva,2,No,Postgrado,Moderada,Hombre,63,1,2
33,74,Medio,Bajo,No,8,64,Medio,Sí,0,Medio,Medio,Público,Negativa,3,Sí,Instituto,Cercana,Hombre,66,2,2
23,86,Alto,Medio,No,7,54,Bajo,Sí,2,Medio,Medio,Público,Negativa,2,Sí,Instituto,Cercana,Mujer,67,2,1
17,79,Medio,Alto,Sí,8,84,Medio,Sí,0,Medio,Medio,Público,Neutral,2,No,Instituto,Moderada,Hombre,66,2,4
16,92,Medio,Medio,Sí,7,66,Alto,Sí,2,Medio,Medio,Público,Positiva,4,No,Postgrado,Moderada,Mujer,70,2,2
19,66,Alto,Medio,No,8,77,Bajo,No,3,Medio,Medio,Público,Negativa,4,No,Universidad,Moderada,Mujer,64,1,3
19,92,Medio,Medio,Sí,6,88,Bajo,Sí,1,Alto,Medio,Público,Positiva,2,No,Postgrado,Cercana,Hombre,71,2,4
27,63,Alto,Alto,Sí,4,92,Medio,Sí,0,Bajo,Medio,Público,Neutral,3,No,Universidad,Cercana,Mujer,68,2,5
21,68,Bajo,Medio,Sí,5,66,Bajo,Sí,2,Alto,Medio,Privado,Neutral,3,No,Instituto,Cercana,Hombre,64,1,2
16,86,Medio,Medio,Sí,6,62,Bajo,Sí,1,Bajo,Alto,Público,Positiva,4,No,Instituto,Cercana,Mujer,66,2,2
31,94,Bajo,Medio,No,5,92,Bajo,Sí,1,Alto,Bajo,Privado,Neutral,4,No,Instituto,Cercana,Hombre,72,2,5
20,70,Bajo,Medio,Sí,9,69,Alto,Sí,2,Medio,Alto,Público,Neutral,3,No,Postgrado,Cercana,Mujer,66,2,2
25,73,Medio,Alto,Sí,7,91,Medio,Sí,0,Medio,Alto,Público,Neutral,4,No,Instituto,Cercana,Mujer,70,2,5
16,81,Medio,Medio,Sí,8,57,Alto,Sí,1,Medio,Medio,Privado,Positiva,2,No,Instituto,Cercana,Hombre,66,2,1
22,68,Alto,Medio,No,8,96,Medio,Sí,1,Medio,Medio,Público,Positiva,3,No,Postgrado,Moderada,Mujer,68,2,5
22,92,Medio,Bajo,Sí,7,74,Alto,Sí,2,Medio,Bajo,Público,Positiva,4,No,Universidad,Moderada,Hombre,70,2,3
9,91,Medio,Medio,No,10,59,Alto,Sí,0,Bajo,Medio,Privado,Positiva,2,No,Universidad,Moderada,Hombre,64,1,1
32,66,Alto,Alto,Sí,10,77,Alto,Sí,3,Medio,Medio,Público,Neutral,1,No,Universidad,Cercana,Hombre,71,2,3
28,79,Medio,Alto,Sí,9,94,Bajo,Sí,2,Bajo,Medio,Privado,Positiva,5,No,Universidad,Cercana,Hombre,72,2,5
18,91,Alto,Medio,Sí,6,69,Medio,Sí,5,Bajo,Alto,Público,Positiva,2,No,Instituto,Cercana,Hombre,71,2,2
13,73,Medio,Bajo,No,9,59,Medio,Sí,0,Medio,Alto,Público,Neutral,4,No,Postgrado,Cercana,Hombre,63,1,1
22,85,Bajo,Medio,Sí,4,79,Medio,Sí,1,Alto,Bajo,Público,Positiva,2,No,Universidad,Cercana,Hombre,68,2,3
21,62,Medio,Medio,No,9,92,Medio,Sí,1,Medio,Medio,Privado,Positiva,4,Sí,Instituto,Cercana,Hombre,63,1,5
22,84,Medio,Medio,No,4,56,Medio,Sí,0,Alto,Bajo,Privado,Positiva,2,No,Instituto,Moderada,Hombre,66,2,1
21,66,Medio,Medio,Sí,7,52,Alto,Sí,1,Medio,Medio,Público,Neutral,3,No,Instituto,Lejana,Mujer,63,1,1
23,93,Alto,Alto,No,9,53,Alto,Sí,1,Bajo,Medio,Privado,Neutral,4,No,Universidad,Cercana,Mujer,72,2,1
29,74,Medio,Alto,Sí,8,62,Alto,Sí,3,Bajo,Alto,Público,Positiva,3,Sí,Postgrado,Moderada,Hombre,70,2,2
23,71,Medio,Medio,Sí,5,50,Medio,Sí,1,Bajo,Alto,Público,Positiva,1,No,Universidad,Cercana,Mujer,65,2,1
14,94,Medio,Alto,Sí,7,71,Medio,Sí,0,Medio,Medio,Privado,Negativa,3,Sí,Universidad,Moderada,Mujer,67,2,3
28,62,Bajo,Alto,No,8,85,Medio,Sí,2,Bajo,Alto,Público,Positiva,3,No,Instituto,Moderada,Mujer,66,2,4
30,76,Medio,Medio,Sí,7,86,Medio,Sí,1,Medio,Alto,Público,Neutral,2,Sí,Postgrado,Lejana,Hombre,69,2,4
39,75,Medio,Alto,Sí,6,82,Alto,Sí,1,Alto,Bajo,Público,Negativa,3,No,Universidad,Cercana,Hombre,73,2,4
13,71,Medio,Alto,Sí,8,65,Alto,Sí,2,Medio,Medio,Público,Neutral,4,No,Postgrado,Cercana,Mujer,66,2,2
21,96,Medio,Medio,Sí,9,87,Medio,Sí,0,Medio,Medio,Público,Neutral,6,Sí,Instituto,Cercana,Mujer,70,2,4
8,90,Alto,Alto,No,7,79,Alto,Sí,2,Bajo,Medio,Público,Negativa,4,No,Universidad,Cercana,Hombre,68,2,3
23,63,Bajo,Medio,Sí,9,93,Medio,Sí,2,Medio,Alto,Privado,Positiva,2,No,Instituto,Lejana,Hombre,65,2,5
17,89,Medio,Medio,No,7,74,Medio,Sí,1,Bajo,Medio,Privado,Positiva,2,No,Postgrado,Moderada,Mujer,67,2,3
32,81,Alto,Medio,No,6,59,Alto,Sí,2,Alto,Medio,Público,Neutral,2,No,Instituto,Moderada,Mujer,71,2,1
15,96,Alto,Alto,No,9,82,Medio,Sí,2,Bajo,Bajo,Privado,Neutral,3,No,Instituto,Cercana,Mujer,70,2,4
10,73,Medio,Bajo,Sí,9,58,Bajo,Sí,5,Bajo,Medio,Privado,Negativa,3,No,Instituto,Moderada,Hombre,61,1,1
17,83,Alto,Medio,Sí,6,98,Medio,Sí,0,Medio,Medio,Público,Positiva,3,No,Instituto,Cercana,Hombre,69,2,5
8,80,Bajo,Medio,Sí,6,85,Medio,Sí,1,Bajo,Alto,Público,Negativa,3,No,Postgrado,Cercana,Hombre,63,1,4
25,80,Medio,Medio,Sí,10,88,Bajo,Sí,0,Bajo,Alto,Privado,Negativa,2,No,Universidad,Moderada,Hombre,67,2,4
8,78,Alto,Medio,Sí,7,84,Medio,Sí,0,Medio,Medio,Público,Positiva,2,No,Universidad,Cercana,Hombre,65,2,4
20,68,Alto,Medio,Sí,7,55,Alto,Sí,0,Bajo,Bajo,Público,Positiva,3,Sí,Instituto,Cercana,Mujer,63,1,1
8,90,Medio,Medio,No,7,73,Alto,Sí,3,Alto,Bajo,Privado,Negativa,4,No,Postgrado,Cercana,Hombre,67,2,3
18,78,Bajo,Alto,Sí,9,83,Medio,Sí,2,Bajo,Medio,Privado,Negativa,2,No,Postgrado,Moderada,Mujer,66,2,4
30,98,Bajo,Medio,Sí,10,61,Medio,Sí,0,Bajo,Medio,Público,Positiva,3,No,Postgrado,Moderada,Hombre,72,2,2
22,70,Medio,Alto,No,7,84,Bajo,Sí,3,Bajo,Alto,Público,Positiva,5,No,Instituto,Cercana,Hombre,68,2,4
15,87,Alto,Medio,Sí,10,91,Medio,Sí,1,Bajo,Bajo,Público,Neutral,4,No,Instituto,Moderada,Hombre,67,2,5
20,98,Medio,Medio,Sí,6,64,Medio,Sí,1,Alto,Alto,Privado,Positiva,3,No,Postgrado,Moderada,Hombre,72,2,2
20,87,Medio,Alto,Sí,7,60,Medio,Sí,0,Bajo,Medio,Público,Positiva,2,Sí,Instituto,Lejana,Mujer,66,2,1
23,95,Medio,Medio,Sí,8,94,Medio,Sí,1,Medio,Medio,Público,Positiva,4,No,Instituto,Cercana,Hombre,73,2,5
12,93,Alto,Alto,Sí,6,50,Bajo,Sí,4,Alto,Alto,Público,Positiva,3,No,Postgrado,Moderada,Hombre,71,2,1
24,74,Bajo,Bajo,Sí,8,63,Alto,Sí,1,Bajo,Alto,Público,Positiva,3,No,Instituto,Moderada,Hombre,65,2,2
4,84,Medio,Medio,Sí,6,70,Medio,Sí,5,Medio,Alto,Privado,Neutral,4,No,Instituto,Cercana,Hombre,65,2,2
16,66,Alto,Medio,Sí,5,84,Medio,Sí,2,Medio,Medio,Privado,Neutral,3,No,Instituto,Cercana,Mujer,65,2,4
17,81,Medio,Medio,Sí,4,100,Bajo,Sí,2,Medio,Alto,Privado,Neutral,2,No,Universidad,Cercana,Hombre,68,2,5
24,69,Alto,Medio,No,7,69,Medio,No,7,Alto,Medio,Público,Positiva,3,No,Universidad,Cercana,Mujer,70,2,2
20,90,Medio,Bajo,Sí,8,97,Bajo,Sí,1,Medio,Bajo,Privado,Neutral,2,No,Instituto,Cercana,Mujer,68,2,5
12,81,Bajo,Medio,Sí,5,68,Alto,Sí,0,Bajo,Alto,Privado,Negativa,2,No,Instituto,Cercana,Hombre,62,1,2
14,76,Medio,Medio,No,7,85,Alto,Sí,3,Bajo,Medio,Privado,Neutral,3,No,Universidad,Cercana,Hombre,66,2,4
21,71,Medio,Medio,No,7,58,Bajo,Sí,3,Bajo,Medio,Público,Negativa,5,No,Universidad,Cercana,Mujer,65,2,1
20,100,Medio,Medio,Sí,7,73,Medio,Sí,1,Bajo,Medio,Público,Neutral,4,No,Universidad,Cercana,Mujer,71,2,3
17,63,Medio,Medio,No,6,94,Bajo,Sí,0,Medio,Medio,Público,Negativa,2,No,Instituto,Moderada,Hombre,61,1,5
17,62,Medio,Medio,No,7,66,Alto,Sí,2,Alto,Medio,Público,Neutral,4,No,Instituto,Moderada,Hombre,63,1,2
24,69,Medio,Alto,Sí,7,55,Bajo,Sí,3,Medio,Alto,Público,Neutral,4,No,Instituto,Cercana,Hombre,67,2,1
17,99,Medio,Medio,No,8,76,Bajo,No,2,Alto,Medio,Público,Positiva,4,No,Postgrado,Cercana,Hombre,70,2,3
19,99,Medio,Medio,Sí,5,72,Bajo,Sí,3,Medio,Alto,Privado,Neutral,4,No,Postgrado,Cercana,Hombre,73,2,3
33,86,Medio,Medio,No,7,61,Medio,Sí,1,Alto,Medio,Público,Positiva,3,No,Instituto,Cercana,Hombre,72,2,2
11,95,Medio,Medio,Sí,5,95,Bajo,Sí,1,Bajo,Alto,Público,Positiva,3,No,Postgrado,Cercana,Hombre,69,2,5
9,69,Bajo,Medio,Sí,7,80,Medio,Sí,1,Medio,Medio,Privado,Neutral,3,No,Universidad,Moderada,Hombre,61,1,4
25,99,Medio,Medio,No,5,67,Medio,Sí,1,Bajo,Alto,Público,Neutral,3,No,Instituto,Cercana,Hombre,71,2,2
16,66,Medio,Medio,Sí,6,100,Medio,Sí,1,Medio,Medio,Público,Neutral,3,No,Instituto,Moderada,Mujer,64,1,5
18,64,Bajo,Medio,Sí,7,57,Medio,Sí,1,Alto,Medio,Público,Neutral,3,No,Instituto,Moderada,Hombre,61,1,1
15,64,Medio,Medio,No,6,92,Bajo,Sí,3,Bajo,Medio,Público,Negativa,4,No,Universidad,Cercana,Mujer,63,1,5
18,83,Medio,Bajo,Sí,9,62,Alto,Sí,2,Bajo,Medio,Público,Negativa,2,No,Instituto,Cercana,Hombre,65,2,2
30,91,Alto,Medio,No,9,62,Bajo,Sí,3,Bajo,Alto,Público,Negativa,4,No,Postgrado,Cercana,Mujer,73,2,2
25,75,Medio,Bajo,Sí,8,75,Alto,Sí,2,Alto,Alto,Privado,Negativa,4,Sí,Postgrado,Cercana,Hombre,68,2,3
25,99,Medio,Medio,No,8,83,Medio,Sí,1,Medio,Medio,Público,Neutral,2,No,Universidad,Cercana,Mujer,72,2,4
12,77,Bajo,Bajo,Sí,7,85,Medio,Sí,1,Medio,Medio,Público,Positiva,3,No,Universidad,Lejana,Hombre,62,1,4
13,66,Alto,Medio,Sí,9,51,Bajo,Sí,3,Medio,Medio,Privado,Positiva,2,No,Postgrado,Moderada,Hombre,63,1,1
3,79,Bajo,Medio,Sí,7,64,Bajo,Sí,0,Medio,Medio,Público,Negativa,3,No,Postgrado,Lejana,Mujer,58,1,2
15,87,Medio,Medio,No,10,83,Medio,Sí,1,Alto,Alto,Privado,Positiva,3,No,Instituto,Cercana,Hombre,68,2,4
26,93,Alto,Alto,Sí,6,94,Bajo,Sí,1,Medio,Alto,Público,Negativa,2,No,Instituto,Cercana,Mujer,74,3,5
23,78,Medio,Medio,Sí,5,83,Medio,Sí,1,Medio,Medio,Público,Positiva,3,No,Instituto,Cercana,Hombre,68,2,4
19,84,Medio,Medio,Sí,5,63,Medio,Sí,1,Alto,Medio,Privado,Positiva,2,No,Instituto,Cercana,Hombre,67,2,2
20,71,Medio,Medio,Sí,5,75,Bajo,Sí,0,Medio,Medio,Privado,Positiva,4,No,Instituto,Cercana,Hombre,65,2,3
16,86,Bajo,Bajo,Sí,5,82,Bajo,Sí,0,Bajo,Medio,Público,Neutral,4,No,Instituto,Moderada,Mujer,63,1,4
21,99,Medio,Bajo,No,7,57,Alto,Sí,2,Medio,Medio,Público,Neutral,2,No,Postgrado,Cercana,Hombre,71,2,1
25,62,Medio,Bajo,Sí,8,77,Medio,Sí,0,Medio,Bajo,Público,Negativa,4,No,Universidad,Lejana,Mujer,62,1,3
10,95,Alto,Bajo,Sí,7,74,Alto,Sí,2,Bajo,Medio,Público,Negativa,3,No,Instituto,Lejana,Hombre,66,2,3
22,82,Bajo,Medio,No,5,67,Bajo,Sí,1,Bajo,Alto,Privado,Neutral,1,Sí,Postgrado,Cercana,Mujer,65,2,2
26,70,Alto,Medio,No,6,81,Bajo,Sí,0,Bajo,Alto,Público,Neutral,3,No,Instituto,Moderada,Hombre,66,2,4
18,98,Alto,Bajo,No,8,82,Medio,Sí,3,Medio,Alto,Público,Negativa,3,No,Universidad,Cercana,Hombre,71,2,4
24,79,Bajo,Alto,No,6,99,Alto,No,2,Bajo,Alto,Público,Negativa,3,No,Instituto,Cercana,Hombre,68,2,5
37,73,Medio,Alto,Sí,6,71,Medio,Sí,0,Alto,Alto,Público,Positiva,5,No,Instituto,Moderada,Hombre,72,2,3
19,67,Medio,Alto,No,5,77,Medio,Sí,1,Medio,Alto,Privado,Negativa,4,No,Postgrado,Cercana,Hombre,66,2,3
22,70,Medio,Bajo,Sí,6,58,Bajo,Sí,4,Alto,Medio,Público,Positiva,2,No,Postgrado,Moderada,Hombre,66,2,1
16,93,Bajo,Alto,No,6,77,Alto,Sí,2,Bajo,Medio,Público,Negativa,1,No,Instituto,Moderada,Hombre,67,2,3
21,85,Bajo,Alto,Sí,7,52,Medio,Sí,5,Alto,Alto,Público,Positiva,3,No,Postgrado,Moderada,Hombre,71,2,1
23,97,Alto,Alto,Sí,8,57,Bajo,No,2,Alto,Medio,Público,Positiva,1,No,Postgrado,Lejana,Hombre,72,2,1
21,69,Bajo,Medio,No,7,59,Medio,Sí,3,Bajo,Medio,Público,Neutral,3,No,Postgrado,Cercana,Hombre,64,1,1
14,65,Bajo,Alto,No,7,82,Bajo,Sí,1,Bajo,Bajo,Público,Negativa,3,No,Instituto,Cercana,Hombre,60,1,4
21,60,Alto,Bajo,No,8,78,Medio,Sí,2,Medio,Alto,Público,Positiva,2,No,Instituto,Cercana,Mujer,64,1,3
29,80,Medio,Bajo,Sí,5,90,Medio,Sí,2,Medio,Bajo,Público,Positiva,1,No,Universidad,Cercana,Mujer,70,2,5
23,100,Medio,Bajo,Sí,10,73,Medio,Sí,3,Medio,Medio,Privado,Neutral,2,No,Universidad,Cercana,Hombre,72,2,3
26,88,Medio,Alto,No,6,74,Medio,Sí,0,Bajo,Medio,Público,Negativa,2,No,Instituto,Moderada,Mujer,68,2,3
19,72,Medio,Bajo,Sí,8,58,Medio,Sí,0,Medio,Bajo,Público,Neutral,3,No,Instituto,Cercana,Mujer,62,1,1
24,95,Medio,Bajo,No,5,87,Medio,Sí,0,Bajo,Medio,Público,Neutral,2,No,Instituto,Lejana,Hombre,68,2,4
22,91,Alto,Alto,Sí,7,50,Medio,Sí,2,Bajo,Medio,Público,Positiva,5,No,Postgrado,Moderada,Hombre,72,2,1
14,61,Medio,Bajo,Sí,7,71,Medio,Sí,0,Medio,Bajo,Privado,Neutral,1,No,Postgrado,Cercana,Mujer,60,1,3
22,93,Medio,Alto,No,9,59,Bajo,Sí,3,Bajo,Alto,Público,Positiva,4,No,Postgrado,Cercana,Mujer,72,2,1
14,72,Bajo,Alto,No,7,89,Medio,Sí,2,Medio,Medio,Público,Positiva,3,No,Instituto,Cercana,Mujer,65,2,4
16,66,Medio,Bajo,No,9,84,Alto,Sí,3,Bajo,Bajo,Público,Positiva,4,No,Instituto,Cercana,Mujer,63,1,4
21,69,Medio,Bajo,Sí,7,85,Medio,Sí,2,Medio,Medio,Privado,Positiva,0,No,Postgrado,Cercana,Hombre,66,2,4
22,79,Bajo,Medio,No,10,57,Bajo,Sí,1,Medio,Alto,Público,Positiva,2,No,Instituto,Cercana,Hombre,65,2,1
13,77,Medio,Alto,No,4,83,Medio,Sí,1,Medio,Alto,Público,Negativa,2,No,Postgrado,Moderada,Hombre,65,2,4
26,72,Bajo,Alto,No,8,85,Medio,Sí,2,Bajo,Medio,Público,Negativa,3,No,Instituto,Cercana,Hombre,67,2,4
23,67,Medio,Medio,No,4,50,Bajo,Sí,4,Bajo,Medio,Privado,Positiva,3,No,Universidad,Moderada,Hombre,65,2,1
16,90,Alto,Medio,No,7,66,Medio,Sí,0,Alto,Alto,Público,Negativa,3,No,Instituto,Moderada,Hombre,67,2,2
11,100,Medio,Medio,Sí,9,54,Bajo,Sí,1,Bajo,Medio,Público,Negativa,3,No,Postgrado,Cercana,Hombre,66,2,1
19,91,Bajo,Alto,Sí,9,84,Alto,Sí,2,Alto,Alto,Público,Positiva,3,Sí,Instituto,Cercana,Hombre,71,2,4
17,72,Medio,Medio,No,8,61,Medio,Sí,1,Medio,Medio,Público,Neutral,4,No,Postgrado,Moderada,Hombre,64,1,2
21,70,Bajo,Bajo,No,7,63,Medio,Sí,0,Medio,Medio,Público,Positiva,2,No,Instituto,Lejana,Hombre,61,1,2
18,69,Alto,Alto,Sí,8,54,Bajo,Sí,1,Alto,Alto,Privado,Neutral,2,No,Instituto,Cercana,Hombre,65,2,1
8,65,Medio,Medio,No,10,74,Medio,Sí,1,Medio,Alto,Privado,Positiva,5,No,Instituto,Cercana,Hombre,61,1,3
18,82,Alto,Bajo,No,7,52,Bajo,Sí,1,Bajo,Medio,Público,Negativa,4,No,Instituto,Cercana,Mujer,64,1,1
18,84,Alto,Alto,Sí,8,92,Bajo,Sí,0,Bajo,Alto,Público,Negativa,3,No,Universidad,Cercana,Mujer,69,2,5
24,88,Medio,Medio,Sí,6,51,Alto,Sí,4,Medio,Bajo,Público,Positiva,4,No,Instituto,Cercana,Hombre,71,2,1
16,87,Alto,Medio,No,9,53,Alto,Sí,3,Medio,Alto,Privado,Neutral,5,No,Universidad,Cercana,Hombre,70,2,1
30,72,Alto,Medio,Sí,8,82,Alto,Sí,1,Bajo,Medio,Público,Positiva,1,No,Universidad,Moderada,Mujer,70,2,4
9,73,Medio,Medio,Sí,6,96,Bajo,Sí,0,Bajo,Alto,Público,Positiva,2,No,Instituto,Cercana,Hombre,62,1,5
28,87,Medio,Medio,No,8,95,Medio,Sí,2,Medio,Bajo,Privado,Positiva,3,No,Postgrado,Cercana,Mujer,73,2,5
19,74,Medio,Alto,No,8,54,Alto,Sí,0,Medio,Medio,Público,Positiva,3,No,Universidad,Cercana,Hombre,66,2,1
25,69,Medio,Medio,Sí,8,64,Medio,Sí,1,Alto,Bajo,Público,Negativa,3,No,Postgrado,Moderada,Mujer,66,2,2
20,75,Bajo,Medio,No,7,76,Medio,Sí,3,Alto,Alto,Privado,Negativa,3,No,Universidad,Cercana,Mujer,66,2,3
27,71,Medio,Medio,Sí,9,51,Medio,No,3,Alto,Medio,Público,Neutral,1,No,Universidad,Lejana,Mujer,66,2,1
18,64,Medio,Medio,Sí,6,76,Medio,Sí,2,Medio,Alto,Público,Positiva,4,No,Instituto,Cercana,Hombre,65,2,3
13,93,Bajo,Bajo,No,7,72,Alto,Sí,2,Medio,Medio,Privado,Positiva,2,No,Postgrado,Cercana,Mujer,67,2,3
29,94,Alto,Medio,No,7,79,Medio,Sí,6,Bajo,Alto,Privado,Neutral,4,No,Universidad,Cercana,Mujer,76,3,3
19,69,Medio,Medio,Sí,9,96,Medio,Sí,0,Alto,Alto,Privado,Positiva,3,No,Instituto,Moderada,Mujer,66,2,5
21,63,Medio,Medio,Sí,6,64,Bajo,Sí,1,Alto,Alto,Público,Negativa,3,No,Instituto,Cercana,Hombre,63,1,2
27,90,Medio,Medio,No,7,82,Medio,Sí,0,Medio,Medio,Público,Positiva,3,No,Universidad,Moderada,Mujer,71,2,4
14,68,Medio,Alto,No,6,71,Bajo,Sí,1,Medio,Medio,Público,Positiva,3,No,Universidad,Moderada,Hombre,63,1,3
24,76,Alto,Bajo,Sí,7,72,Bajo,Sí,1,Alto,Medio,Público,Positiva,2,No,Universidad,Moderada,Hombre,67,2,3
16,63,Medio,Medio,Sí,8,82,Medio,Sí,0,Alto,Medio,Público,Neutral,3,No,Instituto,Cercana,Hombre,63,1,4
19,69,Alto,Medio,Sí,5,98,Medio,Sí,0,Alto,Medio,Público,Neutral,4,No,Instituto,Moderada,Hombre,66,2,5
20,92,Medio,Medio,Sí,9,93,Bajo,Sí,3,Alto,Medio,Público,Positiva,2,No,Universidad,Cercana,Mujer,72,2,5
11,92,Alto,Medio,Sí,8,82,Alto,Sí,4,Medio,Medio,Privado,Negativa,2,No,Postgrado,Cercana,Mujer,70,2,4
15,68,Alto,Bajo,Sí,6,73,Medio,No,0,Medio,Medio,Público,Positiva,3,No,Universidad,Cercana,Hombre,62,1,3
28,73,Alto,Medio,Sí,6,71,Medio,Sí,0,Medio,Alto,Privado,Positiva,2,No,Universidad,Moderada,Mujer,69,2,3
25,65,Bajo,Medio,Sí,9,89,Medio,Sí,2,Medio,Alto,Público,Neutral,3,No,Instituto,Cercana,Mujer,66,2,4
20,63,Medio,Medio,Sí,8,61,Medio,Sí,2,Alto,Medio,Público,Neutral,3,No,Instituto,Cercana,Hombre,64,1,2
21,100,Bajo,Medio,Sí,6,79,Medio,Sí,2,Bajo,Medio,Público,Neutral,1,No,Instituto,Cercana,Mujer,70,2,3
18,86,Medio,Medio,No,6,75,Alto,Sí,0,Bajo,Alto,Público,Neutral,4,No,Instituto,Cercana,Hombre,67,2,3
28,82,Medio,Alto,Sí,8,82,Bajo,Sí,1,Medio,Medio,Privado,Negativa,2,No,Postgrado,Cercana,Hombre,71,2,4
19,91,Medio,Medio,No,8,59,Alto,Sí,1,Alto,Medio,Público,Neutral,2,No,Postgrado,Cercana,Hombre,69,2,1
21,94,Alto,Bajo,No,8,85,Medio,Sí,1,Medio,Medio,Público,Negativa,4,No,Universidad,Cercana,Hombre,70,2,4
27,92,Medio,Medio,Sí,7,81,Medio,Sí,0,Bajo,Medio,Público,Negativa,1,No,Universidad,Cercana,Hombre,70,2,4
15,61,Alto,Bajo,Sí,8,59,Medio,Sí,1,Medio,Medio,Público,Neutral,2,No,Postgrado,Moderada,Mujer,61,1,1
29,67,Bajo,Alto,No,7,72,Medio,No,0,Medio,Alto,Público,Neutral,3,No,Instituto,Cercana,Mujer,65,2,3
11,86,Medio,Alto,Sí,6,84,Medio,Sí,0,Alto,Alto,Privado,Neutral,3,No,Instituto,Cercana,Hombre,67,2,4
30,75,Medio,Bajo,Sí,9,95,Bajo,Sí,1,Alto,Medio,Público,Negativa,5,No,Postgrado,Cercana,Hombre,70,2,5
18,99,Medio,Medio,No,8,56,Medio,No,2,Bajo,Alto,Privado,Negativa,3,No,Instituto,Cercana,Hombre,67,2,1
19,87,Bajo,Alto,Sí,6,50,Medio,Sí,3,Bajo,Medio,Público,Neutral,2,No,Postgrado,Cercana,Hombre,68,2,1
9,98,Alto,Alto,No,7,58,Medio,Sí,2,Medio,Medio,Público,Negativa,4,No,Universidad,Cercana,Hombre,69,2,1
17,68,Medio,Medio,No,7,99,Medio,Sí,1,Medio,Bajo,Privado,Neutral,1,No,Postgrado,Cercana,Hombre,65,2,5
14,95,Alto,Medio,Sí,6,88,Medio,Sí,2,Bajo,Bajo,Público,Neutral,2,No,Instituto,Lejana,Hombre,68,2,4
16,73,Alto,Medio,Sí,7,81,Medio,Sí,1,Alto,Alto,Público,Negativa,4,No,Postgrado,Cercana,Hombre,67,2,4
19,100,Medio,Alto,Sí,6,57,Medio,Sí,1,Alto,Medio,Privado,Positiva,2,Sí,Instituto,Cercana,Hombre,70,2,1
26,66,Alto,Alto,No,8,71,Alto,Sí,2,Medio,Medio,Público,Neutral,3,No,Instituto,Cercana,Mujer,68,2,3
21,81,Alto,Medio,Sí,7,86,Medio,Sí,1,Bajo,Medio,Público,Neutral,4,No,Universidad,Cercana,Hombre,69,2,4
22,92,Alto,Bajo,Sí,5,95,Bajo,Sí,0,Bajo,Bajo,Público,Positiva,3,No,Postgrado,Cercana,Hombre,70,2,5
13,77,Alto,Alto,Sí,7,69,Medio,Sí,2,Bajo,Alto,Privado,Neutral,5,No,Universidad,Moderada,Hombre,67,2,2
15,79,Alto,Alto,Sí,6,100,Medio,Sí,4,Bajo,Medio,Público,Neutral,3,No,Universidad,Cercana,Mujer,70,2,5
31,99,Medio,Bajo,Sí,4,57,Alto,Sí,1,Alto,Alto,Público,Neutral,2,No,Postgrado,Moderada,Mujer,74,3,1
16,77,Medio,Bajo,Sí,7,69,Bajo,Sí,1,Bajo,Alto,Público,Neutral,4,No,Instituto,Cercana,Mujer,63,1,2
30,84,Alto,Medio,Sí,9,94,Medio,Sí,1,Bajo,Alto,Privado,Positiva,2,Sí,Instituto,Cercana,Mujer,72,2,5
19,62,Alto,Medio,No,7,82,Bajo,Sí,0,Bajo,Bajo,Privado,Neutral,5,Sí,Postgrado,Cercana,Hombre,62,1,4
20,94,Medio,Medio,No,8,91,Medio,Sí,1,Bajo,Medio,Público,Positiva,2,No,Postgrado,Cercana,Mujer,71,2,5
26,86,Medio,Bajo,No,7,95,Medio,Sí,0,Bajo,Alto,Público,Negativa,5,No,Instituto,Moderada,Hombre,68,2,5
28,76,Medio,Alto,Sí,6,75,Alto,Sí,3,Alto,Medio,Público,Positiva,3,No,Instituto,Cercana,Hombre,72,2,3
19,61,Medio,Alto,Sí,6,62,Alto,Sí,1,Alto,Medio,Público,Neutral,2,No,Postgrado,Moderada,Mujer,64,1,2
18,84,Bajo,Bajo,No,5,85,Medio,Sí,0,Medio,Medio,Público,Neutral,4,No,Instituto,Moderada,Hombre,64,1,4
20,61,Bajo,Alto,Sí,8,78,Medio,Sí,0,Bajo,Medio,Privado,Positiva,5,No,Instituto,Cercana,Mujer,63,1,3
22,60,Alto,Medio,Sí,8,89,Medio,Sí,2,Medio,Alto,Privado,Neutral,4,No,Universidad,Moderada,Hombre,66,2,4
25,85,Medio,Medio,Sí,7,76,Medio,Sí,2,Alto,Medio,Público,Positiva,2,No,Universidad,Cercana,Mujer,71,2,3
20,68,Medio,Alto,Sí,4,91,Alto,Sí,4,Alto,Medio,Privado,Positiva,4,No,Universidad,Cercana,Hombre,70,2,5
24,68,Alto,Medio,Sí,8,95,Bajo,Sí,3,Medio,Medio,Público,Positiva,0,No,Instituto,Moderada,Hombre,67,2,5
30,86,Alto,Alto,Sí,6,87,Medio,Sí,0,Bajo,Bajo,Privado,Positiva,4,No,Universidad,Cercana,Mujer,73,2,4
22,62,Bajo,Medio,Sí,7,87,Medio,Sí,2,Alto,Bajo,Público,Neutral,3,No,Instituto,Cercana,Mujer,64,1,4
22,73,Bajo,Medio,No,5,79,Medio,Sí,4,Medio,Bajo,Público,Negativa,1,No,Postgrado,Moderada,Mujer,65,2,3
11,66,Medio,Medio,Sí,7,74,Medio,Sí,3,Medio,Alto,Privado,Neutral,3,No,Instituto,Lejana,Mujer,62,1,3
4,83,Alto,Medio,No,7,99,Bajo,Sí,1,Bajo,Bajo,Privado,Neutral,3,No,Universidad,Cercana,Mujer,64,1,5
22,86,Bajo,Medio,No,4,82,Bajo,Sí,1,Bajo,Bajo,Privado,Positiva,5,No,Universidad,Moderada,Hombre,67,2,4
19,89,Medio,Alto,No,9,92,Alto,Sí,5,Medio,Medio,Privado,Positiva,3,No,Postgrado,Cercana,Hombre,74,3,5
17,70,Alto,Medio,No,7,75,Medio,Sí,1,Bajo,Medio,Privado,Neutral,4,Sí,Universidad,Lejana,Hombre,63,1,3
21,64,Alto,Bajo,Sí,7,78,Bajo,Sí,1,Medio,Medio,Público,Positiva,4,No,Instituto,Cercana,Hombre,64,1,3
20,63,Medio,Bajo,No,8,83,Bajo,Sí,4,Medio,Medio,Público,Neutral,3,No,Postgrado,Moderada,Mujer,64,1,4
27,77,Bajo,Alto,No,7,86,Alto,Sí,1,Alto,Alto,Público,Negativa,3,No,Universidad,Cercana,Hombre,70,2,4
21,98,Medio,Medio,Sí,8,72,Medio,Sí,3,Bajo,Bajo,Público,Positiva,3,No,Instituto,Moderada,Mujer,71,2,3
16,69,Medio,Medio,Sí,5,68,Medio,Sí,0,Medio,Alto,Público,Neutral,4,No,Universidad,Moderada,Hombre,63,1,2
26,70,Medio,Alto,Sí,7,62,Medio,Sí,0,Bajo,Medio,Privado,Negativa,1,No,Universidad,Cercana,Mujer,66,2,2
19,64,Medio,Alto,Sí,4,71,Medio,Sí,1,Alto,Medio,Público,Neutral,3,No,Instituto,Cercana,Hombre,65,2,3
23,84,Medio,Alto,No,7,61,Medio,Sí,2,Medio,Alto,Público,Neutral,5,No,Universidad,Moderada,Hombre,70,2,2
17,87,Bajo,Bajo,Sí,9,71,Medio,Sí,2,Bajo,Medio,Público,Neutral,3,No,Universidad,Moderada,Mujer,65,2,3
16,86,Alto,Medio,Sí,5,94,Alto,Sí,0,Medio,Medio,Público,Negativa,2,No,Instituto,Cercana,Hombre,68,2,5
21,94,Medio,Alto,No,6,99,Medio,Sí,1,Medio,Alto,Privado,Neutral,2,No,Instituto,Cercana,Hombre,72,2,5
20,79,Medio,Alto,Sí,4,79,Bajo,Sí,0,Medio,Alto,Privado,Neutral,4,No,Instituto,Moderada,Hombre,67,2,3
23,65,Alto,Alto,No,7,57,Bajo,No,1,Alto,Medio,Público,Neutral,4,No,Instituto,Cercana,Hombre,65,2,1
18,72,Medio,Medio,No,8,71,Bajo,Sí,2,Alto,Medio,Público,Positiva,4,No,Postgrado,Cercana,Hombre,66,2,3
9,86,Alto,Alto,No,8,80,Medio,Sí,1,Bajo,Medio,Público,Positiva,5,No,Universidad,Lejana,Mujer,67,2,4
17,85,Medio,Bajo,No,6,69,Medio,Sí,1,Medio,Medio,Privado,Neutral,3,Sí,Postgrado,Cercana,Hombre,65,2,2
25,81,Medio,Medio,No,4,60,Medio,Sí,2,Medio,Medio,Privado,Neutral,3,No,Instituto,Cercana,Hombre,68,2,1
18,87,Medio,Medio,No,5,61,Alto,Sí,2,Medio,Medio,Público,Positiva,1,No,Instituto,Cercana,Hombre,68,2,2
19,85,Medio,Alto,Sí,9,74,Medio,Sí,1,Alto,Medio,Público,Neutral,3,No,Universidad,Moderada,Mujer,69,2,3
26,95,Medio,Bajo,Sí,8,61,Medio,Sí,2,Medio,Medio,Privado,Neutral,2,No,Postgrado,Cercana,Mujer,71,2,2
16,83,Medio,Medio,Sí,7,62,Medio,Sí,0,Bajo,Medio,Privado,Neutral,1,Sí,Postgrado,Moderada,Hombre,64,1,2
11,91,Bajo,Alto,No,7,94,Medio,Sí,1,Medio,Medio,Público,Neutral,3,Sí,Instituto,Moderada,Hombre,65,2,5
19,70,Medio,Medio,No,5,89,Medio,Sí,1,Bajo,Alto,Privado,Neutral,2,No,Instituto,Cercana,Hombre,64,1,4
17,87,Medio,Medio,Sí,9,53,Bajo,Sí,3,Bajo,Medio,Público,Positiva,3,No,Postgrado,Moderada,Mujer,67,2,1
14,96,Medio,Alto,No,6,66,Medio,Sí,3,Medio,Medio,Público,Positiva,2,No,Universidad,Cercana,Mujer,70,2,2
19,75,Medio,Alto,No,8,77,Medio,Sí,1,Bajo,Bajo,Público,Positiva,4,No,Instituto,Moderada,Mujer,66,2,3
23,91,Alto,Medio,No,5,53,Bajo,Sí,3,Medio,Alto,Privado,Negativa,3,No,Instituto,Cercana,Hombre,70,2,1
20,89,Medio,Alto,Sí,7,84,Bajo,Sí,1,Alto,Alto,Público,Neutral,4,No,Instituto,Moderada,Hombre,70,2,4
22,62,Alto,Medio,Sí,9,69,Bajo,Sí,1,Alto,Bajo,Privado,Negativa,3,No,Universidad,Cercana,Hombre,64,1,2
31,83,Bajo,Alto,Sí,6,70,Medio,Sí,3,Bajo,Medio,Privado,Negativa,3,No,Universidad,Cercana,Hombre,71,2,2
18,65,Medio,Alto,Sí,8,63,Medio,Sí,1,Medio,Medio,Público,Positiva,3,No,Instituto,Lejana,Hombre,63,1,2
22,99,Medio,Medio,Sí,5,67,Alto,Sí,1,Medio,Alto,Privado,Negativa,3,No,Universidad,Cercana,Hombre,72,2,2
17,92,Alto,Alto,No,6,93,Medio,Sí,4,Medio,Bajo,Privado,Neutral,4,No,Universidad,Moderada,Mujer,72,2,5
15,64,Alto,Bajo,Sí,7,89,Bajo,Sí,0,Bajo,Medio,Público,Negativa,2,No,Instituto,Cercana,Hombre,61,1,4
16,65,Alto,Bajo,Sí,8,97,Alto,Sí,2,Bajo,Medio,Público,Negativa,4,Sí,Instituto,Cercana,Mujer,63,1,5
17,84,Bajo,Alto,No,7,85,Alto,Sí,0,Medio,Medio,Privado,Positiva,2,No,Universidad,Moderada,Hombre,67,2,4
22,74,Alto,Bajo,Sí,8,79,Bajo,Sí,3,Medio,Medio,Público,Neutral,1,No,Instituto,Cercana,Mujer,67,2,3
34,61,Medio,Bajo,No,9,63,Bajo,Sí,2,Medio,Medio,Público,Neutral,5,No,Instituto,Moderada,Mujer,65,2,2
16,82,Bajo,Medio,No,6,83,Medio,Sí,0,Medio,Medio,Público,Negativa,2,No,Instituto,Cercana,Mujer,64,1,4
18,76,Medio,Bajo,No,5,95,Alto,Sí,2,Alto,Alto,Público,Positiva,6,No,Postgrado,Cercana,Mujer,69,2,5
20,64,Medio,Alto,No,6,53,Alto,No,4,Alto,Medio,Privado,Neutral,4,No,Universidad,Moderada,Mujer,65,2,1
22,92,Alto,Alto,No,9,72,Bajo,Sí,1,Bajo,Alto,Público,Neutral,4,Sí,Postgrado,Cercana,Hombre,71,2,3
22,97,Medio,Medio,Sí,6,57,Medio,Sí,0,Medio,Alto,Privado,Positiva,2,No,Instituto,Cercana,Hombre,70,2,1
28,90,Bajo,Medio,Sí,9,91,Medio,Sí,0,Medio,Medio,Público,Positiva,2,No,Universidad,Moderada,Mujer,98,5,5
5,93,Medio,Medio,Sí,7,81,Medio,No,1,Bajo,Alto,Público,Neutral,2,No,Universidad,Cercana,Mujer,65,2,4
6,69,Alto,Medio,Sí,10,94,Medio,No,1,Medio,Medio,Privado,Neutral,4,No,Postgrado,Cercana,Mujer,63,1,5
17,71,Medio,Medio,Sí,10,53,Bajo,Sí,0,Bajo,Bajo,Público,Positiva,3,No,Instituto,Moderada,Hombre,61,1,1
27,68,Medio,Bajo,Sí,9,95,Medio,Sí,1,Bajo,Medio,Público,Positiva,3,No,Universidad,Moderada,Hombre,67,2,5
11,91,Medio,Medio,No,5,53,Medio,Sí,0,Bajo,Medio,Privado,Neutral,2,No,Postgrado,Cercana,Mujer,64,1,1
2,98,Alto,Medio,No,4,64,Medio,Sí,1,Bajo,Alto,Privado,Neutral,2,No,Instituto,Cercana,Mujer,65,2,2
23,89,Alto,Alto,Sí,7,58,Medio,Sí,2,Medio,Alto,Privado,Positiva,3,No,Postgrado,Moderada,Hombre,73,2,1
21,95,Medio,Alto,Sí,8,57,Bajo,No,1,Bajo,Medio,Público,Positiva,3,No,Instituto,Cercana,Hombre,69,2,1
13,86,Medio,Alto,No,8,59,Medio,Sí,3,Medio,Medio,Público,Neutral,3,No,Instituto,Cercana,Hombre,67,2,1
14,76,Alto,Medio,No,6,74,Bajo,Sí,0,Alto,Medio,Privado,Positiva,2,Sí,Universidad,Lejana,Hombre,63,1,3
14,77,Alto,Alto,Sí,5,89,Bajo,Sí,0,Medio,Medio,Privado,Positiva,2,No,Universidad,Cercana,Hombre,67,2,4
21,63,Bajo,Alto,Sí,8,95,Medio,Sí,2,Alto,Medio,Público,Neutral,5,No,Instituto,Cercana,Hombre,66,2,5
16,61,Medio,Alto,Sí,10,78,Medio,Sí,2,Bajo,Alto,Público,Positiva,2,No,Universidad,Moderada,Mujer,64,1,3
23,88,Alto,Bajo,Sí,6,58,Medio,Sí,2,Bajo,Medio,Público,Neutral,2,No,Instituto,Moderada,Hombre,68,2,1
3,78,Medio,Medio,No,8,54,Alto,Sí,2,Alto,Medio,Público,Positiva,4,No,Instituto,Moderada,Hombre,61,1,1
15,82,Medio,Medio,Sí,10,75,Medio,Sí,1,Alto,Medio,Público,Negativa,1,No,Universidad,Cercana,Mujer,66,2,3
13,82,Medio,Medio,Sí,7,88,Medio,Sí,0,Bajo,Medio,Público,Neutral,2,No,Instituto,Cercana,Mujer,65,2,4
18,71,Medio,Alto,Sí,7,81,Medio,Sí,0,Medio,Medio,Público,Negativa,4,No,Universidad,Moderada,Mujer,65,2,4
17,79,Medio,Medio,No,8,79,Medio,Sí,3,Medio,Alto,Privado,Neutral,5,Sí,Postgrado,Cercana,Hombre,67,2,3
25,79,Alto,Medio,Sí,7,52,Medio,Sí,1,Medio,Medio,Público,Negativa,2,No,Postgrado,Moderada,Mujer,68,2,1
9,76,Medio,Medio,Sí,9,71,Medio,Sí,1,Medio,Alto,Público,Neutral,3,No,Universidad,Cercana,Hombre,63,1,3
20,93,Alto,Medio,No,6,78,Bajo,Sí,1,Bajo,Medio,Público,Positiva,3,No,Universidad,Moderada,Mujer,70,2,3
23,78,Alto,Alto,No,7,80,Medio,Sí,0,Bajo,Medio,Privado,Neutral,2,No,Instituto,Cercana,Mujer,68,2,4
31,84,Medio,Medio,No,5,50,Medio,No,2,Bajo,Alto,Privado,Positiva,3,No,Instituto,Cercana,Hombre,69,2,1
17,96,Alto,Medio,Sí,7,60,Bajo,Sí,0,Bajo,Medio,Privado,Neutral,2,Sí,Universidad,Cercana,Hombre,67,2,1
22,95,Medio,Medio,No,5,97,Medio,Sí,0,Bajo,Bajo,Público,Neutral,3,No,Instituto,Moderada,Hombre,69,2,5
9,96,Medio,Bajo,Sí,8,75,Bajo,Sí,1,Bajo,Alto,Privado,Positiva,4,Sí,Instituto,Cercana,Mujer,65,2,3
6,71,Medio,Alto,Sí,5,85,Medio,Sí,1,Bajo,Medio,Público,Positiva,2,No,Instituto,Moderada,Hombre,61,1,4
25,61,Medio,Alto,Sí,8,65,Bajo,Sí,3,Bajo,Bajo,Público,Neutral,3,No,Universidad,Cercana,Mujer,65,2,2
20,70,Bajo,Medio,Sí,6,79,Bajo,Sí,4,Medio,Medio,Público,Positiva,4,No,Postgrado,Cercana,Hombre,67,2,3
27,71,Medio,Alto,Sí,10,68,Medio,Sí,1,Bajo,Medio,Público,Negativa,2,No,Instituto,Moderada,Hombre,66,2,2
12,96,Medio,Medio,No,9,65,Medio,Sí,2,Alto,Alto,Privado,Neutral,4,Sí,Postgrado,Cercana,Mujer,69,2,2
23,86,Medio,Medio,Sí,8,71,Alto,Sí,3,Medio,Medio,Público,Neutral,4,No,Universidad,Cercana,Mujer,71,2,3
31,63,Alto,Alto,No,5,73,Medio,Sí,1,Alto,Bajo,Público,Positiva,2,No,Instituto,Cercana,Mujer,68,2,3
23,65,Alto,Medio,No,6,67,Alto,No,3,Medio,Medio,Privado,Negativa,5,No,Instituto,Moderada,Hombre,65,2,2
22,66,Medio,Medio,No,6,63,Alto,Sí,1,Bajo,Medio,Privado,Neutral,5,No,Postgrado,Lejana,Hombre,64,1,2
20,85,Medio,Bajo,No,6,81,Bajo,Sí,1,Alto,Alto,Privado,Positiva,3,No,Universidad,Cercana,Hombre,68,2,4
11,89,Bajo,Alto,No,9,69,Bajo,Sí,1,Bajo,Bajo,Público,Neutral,3,No,Instituto,Cercana,Hombre,64,1,2
28,94,Medio,Alto,No,7,60,Bajo,Sí,1,Bajo,Medio,Público,Positiva,3,No,Instituto,Cercana,Hombre,71,2,1
16,98,Alto,Medio,No,6,88,Medio,Sí,1,Bajo,Medio,Público,Neutral,3,No,Postgrado,Moderada,Mujer,70,2,4
23,68,Alto,Medio,Sí,6,86,Medio,Sí,0,Medio,Medio,Público,Positiva,2,No,Postgrado,Cercana,Hombre,68,2,4
11,72,Medio,Medio,Sí,6,94,Bajo,Sí,2,Medio,Medio,Público,Positiva,3,No,Instituto,Moderada,Hombre,63,1,5
13,70,Medio,Alto,Sí,8,78,Medio,Sí,0,Bajo,Medio,Privado,Negativa,3,Sí,Instituto,Cercana,Hombre,61,1,3
29,74,Medio,Bajo,No,5,64,Medio,Sí,2,Medio,Medio,Público,Neutral,1,No,Universidad,Moderada,Hombre,66,2,2
18,97,Medio,Alto,Sí,7,93,Medio,Sí,5,Alto,Medio,Público,Positiva,4,No,Universidad,Cercana,Mujer,75,3,5
29,83,Alto,Alto,Sí,8,64,Medio,Sí,2,Medio,Alto,Público,Neutral,1,No,Instituto,Lejana,Hombre,71,2,2
20,90,Medio,Medio,Sí,4,83,Alto,Sí,1,Bajo,Bajo,Público,Positiva,3,No,Universidad,Cercana,Hombre,69,2,4
9,80,Alto,Bajo,No,5,60,Medio,Sí,2,Bajo,Medio,Privado,Neutral,3,No,Instituto,Cercana,Hombre,62,1,1
25,61,Medio,Medio,No,7,81,Alto,Sí,0,Medio,Medio,Público,Positiva,4,No,Instituto,Moderada,Mujer,65,2,4
16,63,Medio,Bajo,No,9,92,Medio,Sí,0,Bajo,Medio,Privado,Positiva,3,No,Universidad,Moderada,Mujer,61,1,5
24,82,Medio,Medio,No,9,77,Medio,Sí,3,Medio,Medio,Público,Positiva,2,No,Instituto,Cercana,Mujer,69,2,3
20,89,Bajo,Bajo,Sí,6,74,Bajo,Sí,1,Medio,Bajo,Privado,Positiva,3,No,Postgrado,Lejana,Hombre,66,2,3
11,69,Alto,Medio,Sí,9,100,Bajo,Sí,1,Bajo,Medio,Público,Neutral,5,No,Instituto,Cercana,Hombre,64,1,5
21,89,Alto,Medio,Sí,7,51,Bajo,Sí,1,Medio,Medio,Público,Positiva,4,No,Instituto,Cercana,Mujer,69,2,1
33,92,Alto,Alto,Sí,7,67,Bajo,Sí,6,Alto,Medio,Público,Positiva,5,No,Instituto,Cercana,Mujer,78,3,2
23,76,Bajo,Alto,Sí,7,96,Bajo,Sí,2,Medio,Medio,Privado,Neutral,4,No,Instituto,Cercana,Mujer,68,2,5
20,90,Alto,Alto,No,8,82,Medio,Sí,2,Alto,Medio,Privado,Negativa,4,Sí,Instituto,Moderada,Mujer,70,2,4
26,76,Bajo,Medio,Sí,6,77,Medio,Sí,1,Medio,Medio,Privado,Neutral,5,No,Instituto,Cercana,Hombre,68,2,3
21,87,Bajo,Bajo,Sí,6,82,Medio,Sí,0,Medio,Alto,Público,Neutral,5,No,Postgrado,Cercana,Mujer,68,2,4
21,91,Medio,Medio,No,5,66,Bajo,Sí,1,Alto,Medio,Público,Positiva,3,No,Universidad,Cercana,Mujer,69,2,2
13,100,Medio,Bajo,Sí,8,54,Medio,Sí,0,Medio,Alto,Público,Positiva,3,No,Universidad,Cercana,Mujer,68,2,1
21,74,Alto,Bajo,Sí,8,64,Medio,Sí,3,Bajo,Bajo,Público,Neutral,1,No,Universidad,Lejana,Hombre,80,3,2
26,76,Medio,Medio,Sí,8,67,Alto,Sí,1,Bajo,Medio,Público,Negativa,3,No,Instituto,Moderada,Hombre,67,2,2
15,67,Bajo,Medio,Sí,5,74,Medio,Sí,1,Alto,Alto,Público,Positiva,2,No,Postgrado,Cercana,Hombre,64,1,3
29,68,Medio,Bajo,No,6,70,Bajo,Sí,0,Medio,Medio,Público,Negativa,2,No,Postgrado,Cercana,Hombre,64,1,2
19,88,Medio,Medio,Sí,9,76,Bajo,Sí,1,Medio,Alto,Público,Positiva,3,No,Instituto,Lejana,Hombre,68,2,3
15,97,Bajo,Medio,No,7,60,Bajo,Sí,4,Medio,Medio,Público,Negativa,3,No,Instituto,Cercana,Mujer,67,2,1
26,76,Medio,Medio,No,7,59,Bajo,Sí,0,Medio,Medio,Público,Neutral,1,Sí,Postgrado,Cercana,Hombre,65,2,1
18,67,Alto,Alto,Sí,7,68,Medio,Sí,0,Medio,Medio,Público,Positiva,4,No,Instituto,Cercana,Hombre,66,2,2
25,71,Medio,Bajo,Sí,8,74,Bajo,Sí,4,Medio,Medio,Público,Positiva,4,Sí,Postgrado,Cercana,Hombre,67,2,3
18,78,Alto,Medio,No,7,67,Bajo,No,0,Alto,Medio,Público,Negativa,3,No,Universidad,Moderada,Hombre,64,1,2
20,72,Medio,Bajo,Sí,6,79,Medio,Sí,1,Bajo,Medio,Privado,Positiva,4,No,Postgrado,Cercana,Mujer,66,2,3
23,69,Medio,Bajo,Sí,8,66,Bajo,No,1,Medio,Medio,Público,Positiva,3,No,Universidad,Lejana,Hombre,63,1,2
22,89,Medio,Alto,No,5,59,Alto,Sí,5,Medio,Medio,Privado,Positiva,4,Sí,Instituto,Cercana,Hombre,71,2,1
8,60,Alto,Medio,Sí,9,93,Alto,Sí,0,Bajo,Alto,Público,Neutral,3,No,Postgrado,Cercana,Mujer,62,1,5
13,82,Medio,Alto,No,6,60,Medio,Sí,1,Bajo,Bajo,Público,Positiva,4,No,Universidad,Lejana,Mujer,64,1,1
26,92,Bajo,Medio,Sí,8,98,Medio,Sí,2,Medio,Medio,Público,Neutral,3,No,Postgrado,Moderada,Hombre,72,2,5
19,71,Alto,Medio,Sí,7,99,Bajo,Sí,0,Bajo,Alto,Público,Negativa,4,No,Instituto,Moderada,Mujer,65,2,5
17,84,Bajo,Alto,No,6,85,Medio,Sí,1,Medio,Bajo,Público,Positiva,2,No,Universidad,Cercana,Mujer,67,2,4
12,87,Alto,Alto,Sí,9,75,Medio,No,1,Bajo,Medio,Privado,Neutral,3,Sí,Universidad,Moderada,Mujer,65,2,3
14,86,Bajo,Bajo,Sí,8,90,Bajo,Sí,0,Bajo,Medio,Privado,Neutral,1,No,Instituto,Cercana,Hombre,63,1,5
8,78,Alto,Alto,No,7,94,Bajo,Sí,1,Alto,Alto,Público,Neutral,3,Sí,Instituto,Cercana,Mujer,65,2,5
19,74,Medio,Medio,Sí,10,85,Medio,Sí,1,Bajo,Medio,Público,Positiva,5,No,Postgrado,Moderada,Hombre,67,2,4
16,93,Medio,Medio,Sí,8,55,Bajo,Sí,0,Alto,Medio,Público,Neutral,4,No,Instituto,Moderada,Hombre,67,2,1
14,90,Bajo,Medio,Sí,6,50,Medio,Sí,0,Medio,Alto,Privado,Positiva,3,No,Universidad,Moderada,Hombre,65,2,1
20,73,Medio,Alto,Sí,4,60,Medio,Sí,1,Bajo,Medio,Privado,Positiva,3,Sí,Instituto,Moderada,Hombre,64,1,1
22,64,Alto,Bajo,No,7,59,Alto,Sí,0,Medio,Alto,Privado,Positiva,5,Sí,Instituto,Cercana,Mujer,64,1,1
33,63,Alto,Alto,Sí,9,59,Medio,Sí,1,Medio,Medio,Público,Positiva,4,No,Instituto,Cercana,Hombre,69,2,1
11,64,Medio,Medio,No,8,75,Bajo,Sí,1,Alto,Medio,Privado,Positiva,3,No,Instituto,Moderada,Hombre,60,1,3
27,83,Medio,Medio,Sí,9,76,Medio,Sí,1,Bajo,Alto,Público,Positiva,4,No,Instituto,Cercana,Hombre,70,2,3
26,62,Bajo,Alto,No,6,86,Medio,Sí,2,Medio,Medio,Público,Positiva,3,No,Instituto,Cercana,Hombre,66,2,4
15,73,Medio,Medio,Sí,7,60,Alto,Sí,3,Medio,Medio,Público,Neutral,4,No,Universidad,Cercana,Mujer,66,2,1
21,90,Medio,Bajo,No,7,55,Medio,Sí,2,Medio,Medio,Público,Neutral,2,No,Universidad,Cercana,Mujer,68,2,1
17,72,Bajo,Medio,No,7,83,Bajo,Sí,3,Medio,Alto,Público,Negativa,3,Sí,Instituto,Lejana,Mujer,62,1,4
21,91,Medio,Alto,Sí,8,74,Bajo,Sí,0,Medio,Medio,Público,Negativa,2,No,Postgrado,Cercana,Mujer,70,2,3
29,90,Medio,Medio,Sí,9,83,Medio,Sí,0,Medio,Alto,Privado,Positiva,3,No,Instituto,Cercana,Mujer,72,2,4
24,70,Bajo,Bajo,Sí,10,69,Alto,Sí,1,Alto,Medio,Público,Negativa,2,No,Instituto,Moderada,Mujer,64,1,2
23,89,Bajo,Medio,No,9,88,Alto,Sí,1,Alto,Medio,Público,Neutral,5,No,Postgrado,Cercana,Hombre,71,2,4
17,90,Medio,Alto,No,8,84,Medio,Sí,1,Bajo,Bajo,Público,Negativa,4,No,Instituto,Lejana,Mujer,67,2,4
11,76,Bajo,Medio,No,6,83,Alto,Sí,3,Medio,Medio,Público,Positiva,1,No,Instituto,Cercana,Mujer,64,1,4
19,68,Alto,Alto,No,7,51,Medio,No,1,Alto,Medio,Público,Positiva,1,No,Instituto,Moderada,Mujer,64,1,1
27,81,Medio,Alto,Sí,8,93,Medio,Sí,0,Alto,Alto,Público,Neutral,3,No,Universidad,Cercana,Mujer,72,2,5
11,97,Bajo,Bajo,Sí,7,69,Medio,Sí,3,Bajo,Medio,Público,Positiva,2,No,Instituto,Cercana,Mujer,66,2,2
14,86,Alto,Medio,No,6,57,Medio,Sí,3,Alto,Alto,Privado,Neutral,2,No,Universidad,Cercana,Mujer,68,2,1
21,67,Medio,Medio,Sí,6,88,Medio,Sí,1,Bajo,Medio,Privado,Positiva,5,No,Postgrado,Cercana,Mujer,95,5,4
14,87,Medio,Bajo,Sí,8,74,Medio,Sí,0,Medio,Alto,Público,Neutral,3,Sí,Universidad,Moderada,Hombre,64,1,3
15,77,Medio,Medio,Sí,7,52,Medio,Sí,1,Medio,Medio,Público,Neutral,2,No,Universidad,Cercana,Hombre,64,1,1
17,84,Bajo,Alto,Sí,7,89,Medio,Sí,2,Alto,Medio,Público,Positiva,2,No,Instituto,Moderada,Hombre,68,2,4
12,89,Medio,Bajo,Sí,7,72,Medio,Sí,1,Alto,Alto,Público,Neutral,5,No,Universidad,Cercana,Hombre,67,2,3
14,81,Medio,Medio,No,6,88,Medio,Sí,1,Alto,Medio,Público,Positiva,3,No,Postgrado,Moderada,Mujer,67,2,4
24,93,Alto,Medio,Sí,7,88,Bajo,Sí,1,Medio,Alto,Público,Negativa,3,No,Instituto,Moderada,Mujer,71,2,4
12,89,Medio,Bajo,Sí,6,55,Bajo,Sí,1,Bajo,Alto,Público,Negativa,3,No,Instituto,Cercana,Mujer,63,1,1
10,85,Medio,Medio,Sí,6,81,Medio,Sí,3,Bajo,Medio,Público,Neutral,3,No,Instituto,Cercana,Mujer,66,2,4
16,66,Alto,Alto,No,5,68,Alto,No,2,Bajo,Medio,Público,Positiva,5,No,Postgrado,Moderada,Hombre,65,2,2
24,93,Medio,Bajo,Sí,7,77,Medio,Sí,0,Bajo,Medio,Privado,Negativa,3,No,Instituto,Cercana,Mujer,68,2,3
19,97,Medio,Bajo,Sí,8,54,Medio,Sí,0,Alto,Medio,Público,Neutral,2,No,Instituto,Cercana,Hombre,68,2,1
17,65,Medio,Alto,No,9,79,Medio,Sí,0,Medio,Medio,Público,Positiva,2,Sí,Instituto,Moderada,Hombre,62,1,3
20,80,Bajo,Medio,Sí,5,89,Medio,Sí,0,Alto,Alto,Público,Neutral,3,No,Postgrado,Lejana,Hombre,67,2,4
10,70,Alto,Alto,Sí,9,99,Medio,Sí,1,Medio,Medio,Público,Neutral,4,No,Instituto,Moderada,Mujer,65,2,5
23,90,Alto,Medio,Sí,7,66,Bajo,Sí,2,Alto,Alto,Público,Neutral,3,No,Instituto,Cercana,Mujer,71,2,2
22,89,Medio,Alto,Sí,5,58,Medio,Sí,4,Alto,Alto,Público,Neutral,2,Sí,Universidad,Cercana,Mujer,71,2,1
18,66,Alto,Medio,Sí,6,68,Bajo,No,1,Medio,Alto,Público,Positiva,3,Sí,Instituto,Lejana,Hombre,61,1,2
26,95,Medio,Medio,No,4,51,Medio,Sí,1,Bajo,Medio,Público,Positiva,2,No,Instituto,Cercana,Hombre,70,2,1
13,67,Medio,Bajo,Sí,5,70,Medio,Sí,0,Bajo,Alto,Privado,Negativa,2,No,Instituto,Cercana,Hombre,60,1,2
27,92,Bajo,Medio,No,10,96,Medio,Sí,0,Bajo,Medio,Público,Neutral,2,No,Postgrado,Lejana,Hombre,70,2,5
21,78,Medio,Alto,No,6,60,Alto,Sí,1,Bajo,Alto,Privado,Neutral,2,No,Universidad,Cercana,Mujer,67,2,1
18,73,Medio,Medio,Sí,8,74,Bajo,No,3,Medio,Alto,Privado,Neutral,2,No,Postgrado,Cercana,Hombre,66,2,3
20,66,Bajo,Bajo,Sí,7,79,Medio,Sí,2,Medio,Medio,Privado,Positiva,2,No,Instituto,Moderada,Mujer,63,1,3
19,67,Medio,Medio,No,7,59,Bajo,Sí,3,Bajo,Alto,Privado,Positiva,3,No,Postgrado,Cercana,Mujer,65,2,1
27,86,Alto,Medio,Sí,8,67,Alto,Sí,5,Alto,Alto,Público,Positiva,2,Sí,Postgrado,Cercana,Mujer,75,3,2
14,82,Alto,Medio,No,4,96,Bajo,Sí,2,Alto,Medio,Privado,Negativa,4,Sí,Instituto,Cercana,Hombre,66,2,5
15,65,Medio,Medio,No,9,65,Medio,Sí,1,Bajo,Medio,Público,Neutral,2,No,Universidad,Cercana,Mujer,61,1,2
26,65,Medio,Medio,Sí,7,82,Bajo,Sí,1,Bajo,Medio,Público,Positiva,1,No,Postgrado,Lejana,Hombre,65,2,4
16,63,Bajo,Medio,Sí,6,57,Medio,Sí,2,Bajo,Bajo,Público,Neutral,3,No,Postgrado,Cercana,Hombre,61,1,1
25,90,Alto,Alto,Sí,8,83,Medio,Sí,2,Medio,Medio,Público,Negativa,3,No,Universidad,Cercana,Hombre,73,2,4
30,88,Alto,Medio,Sí,6,64,Medio,Sí,1,Alto,Medio,Público,Neutral,2,No,Universidad,Cercana,Mujer,73,2,2
18,62,Medio,Medio,Sí,7,62,Medio,Sí,1,Medio,Medio,Público,Positiva,5,No,Universidad,Moderada,Hombre,63,1,2
24,82,Bajo,Medio,No,7,56,Medio,Sí,1,Medio,Medio,Público,Positiva,3,No,Postgrado,Moderada,Hombre,67,2,1
13,63,Medio,Alto,Sí,8,52,Medio,Sí,2,Bajo,Medio,Público,Positiva,4,No,Instituto,Cercana,Hombre,62,1,1
25,96,Bajo,Bajo,No,7,98,Medio,Sí,1,Medio,Medio,Privado,Neutral,3,No,Universidad,Cercana,Hombre,71,2,5
21,96,Medio,Medio,Sí,5,71,Medio,Sí,2,Bajo,Alto,Público,Negativa,4,No,Instituto,Moderada,Hombre,70,2,3
23,88,Medio,Medio,No,8,89,Medio,Sí,0,Medio,Alto,Privado,Positiva,5,No,Instituto,Cercana,Mujer,70,2,4
16,97,Medio,Medio,No,7,96,Bajo,No,4,Bajo,Alto,Privado,Neutral,2,No,Instituto,Cercana,Mujer,69,2,5
10,92,Medio,Medio,No,4,60,Alto,Sí,3,Bajo,Bajo,Público,Positiva,2,No,Universidad,Cercana,Mujer,66,2,1
23,93,Bajo,Alto,Sí,7,93,Alto,Sí,1,Medio,Alto,Público,Negativa,3,No,Instituto,Cercana,Mujer,72,2,5
8,83,Alto,Bajo,Sí,6,85,Bajo,Sí,1,Bajo,Alto,Público,Neutral,3,No,Instituto,Lejana,Mujer,63,1,4
18,72,Bajo,Medio,Sí,8,79,Medio,Sí,1,Medio,Alto,Público,Positiva,4,No,Instituto,Moderada,Hombre,65,2,3
26,69,Alto,Alto,Sí,6,90,Medio,Sí,3,Medio,Medio,Público,Positiva,3,No,Universidad,Moderada,Mujer,71,2,5
21,73,Medio,Medio,No,5,56,Medio,Sí,5,Alto,Medio,Privado,Neutral,3,No,Instituto,Moderada,Hombre,66,2,1
32,85,Medio,Bajo,Sí,9,63,Bajo,No,2,Alto,Medio,Público,Neutral,3,No,Instituto,Moderada,Hombre,69,2,2
26,67,Bajo,Medio,No,8,57,Medio,Sí,0,Medio,Medio,Público,Negativa,4,No,Universidad,Lejana,Mujer,62,1,1
16,70,Alto,Alto,No,7,95,Alto,No,1,Medio,Medio,Público,Neutral,3,No,Instituto,Cercana,Mujer,66,2,5
20,79,Medio,Bajo,Sí,8,55,Bajo,Sí,3,Bajo,Medio,Privado,Positiva,4,No,Instituto,Cercana,Mujer,66,2,1
20,69,Medio,Bajo,Sí,8,99,Alto,Sí,1,Medio,Alto,Público,Negativa,3,Sí,Instituto,Moderada,Mujer,64,1,5
11,84,Bajo,Medio,Sí,7,55,Alto,Sí,0,Medio,Alto,Público,Negativa,3,No,Instituto,Cercana,Hombre,63,1,1
14,97,Medio,Medio,Sí,5,83,Medio,Sí,0,Bajo,Medio,Público,Positiva,2,No,Instituto,Cercana,Mujer,68,2,4
17,90,Medio,Medio,No,7,83,Bajo,Sí,5,Medio,Alto,Público,Negativa,3,Sí,Instituto,Cercana,Hombre,68,2,4
8,87,Alto,Alto,No,9,97,Bajo,Sí,2,Bajo,Medio,Público,Positiva,3,No,Instituto,Cercana,Hombre,67,2,5
20,83,Alto,Bajo,Sí,8,66,Medio,Sí,1,Alto,Medio,Privado,Neutral,3,Sí,Universidad,Cercana,Mujer,67,2,2
19,80,Alto,Alto,Sí,7,67,Medio,Sí,2,Bajo,Alto,Público,Neutral,2,Sí,Postgrado,Cercana,Mujer,68,2,2
10,67,Alto,Medio,Sí,8,92,Medio,Sí,1,Medio,Alto,Público,Negativa,4,No,Postgrado,Cercana,Hombre,65,2,5
22,96,Bajo,Alto,Sí,7,99,Alto,Sí,4,Bajo,Medio,Público,Positiva,4,No,Universidad,Moderada,Hombre,74,3,5
24,70,Medio,Alto,Sí,9,52,Alto,Sí,1,Bajo,Medio,Público,Positiva,2,No,Postgrado,Moderada,Hombre,85,4,1
21,64,Medio,Medio,No,9,82,Medio,Sí,2,Bajo,Medio,Público,Neutral,3,No,Universidad,Moderada,Hombre,64,1,4
18,90,Bajo,Medio,Sí,5,62,Alto,Sí,3,Medio,Medio,Privado,Neutral,2,No,Instituto,Moderada,Mujer,67,2,2
24,67,Alto,Alto,Sí,9,86,Medio,Sí,2,Medio,Medio,Público,Negativa,2,No,Universidad,Cercana,Mujer,68,2,4
24,75,Bajo,Medio,Sí,10,89,Bajo,Sí,0,Medio,Alto,Privado,Positiva,3,No,Universidad,Cercana,Mujer,67,2,4
22,61,Alto,Medio,No,8,88,Bajo,Sí,1,Medio,Alto,Público,Neutral,4,No,Instituto,Cercana,Mujer,65,2,4
15,65,Alto,Alto,Sí,8,72,Bajo,Sí,2,Bajo,Medio,Privado,Neutral,2,Sí,Postgrado,Lejana,Hombre,63,1,3
22,67,Medio,Medio,Sí,6,58,Medio,Sí,1,Bajo,Medio,Público,Neutral,2,No,Postgrado,Cercana,Hombre,64,1,1
27,62,Bajo,Bajo,Sí,6,79,Medio,Sí,0,Bajo,Medio,Privado,Negativa,3,No,Universidad,Moderada,Hombre,62,1,3
16,86,Bajo,Alto,Sí,7,89,Bajo,Sí,1,Medio,Bajo,Público,Positiva,2,No,Postgrado,Cercana,Mujer,68,2,4
33,93,Medio,Medio,Sí,6,96,Alto,Sí,0,Bajo,Medio,Privado,Positiva,4,No,Postgrado,Lejana,Mujer,75,3,5
17,75,Medio,Bajo,No,5,73,Alto,Sí,0,Bajo,Medio,Privado,Neutral,4,No,Instituto,Cercana,Mujer,63,1,3
20,95,Medio,Bajo,Sí,7,62,Bajo,Sí,2,Bajo,Medio,Público,Neutral,4,No,Universidad,Moderada,Hombre,68,2,2
16,69,Medio,Medio,No,8,56,Bajo,Sí,2,Medio,Medio,Privado,Neutral,3,No,Postgrado,Cercana,Hombre,63,1,1
21,73,Alto,Alto,No,5,90,Medio,Sí,0,Medio,Medio,Público,Neutral,2,No,Universidad,Cercana,Mujer,68,2,5
10,66,Medio,Alto,No,7,77,Medio,Sí,0,Medio,Alto,Público,Positiva,2,No,Instituto,Cercana,Hombre,62,1,3
17,85,Bajo,Medio,Sí,7,84,Medio,Sí,3,Medio,Medio,Público,Positiva,2,No,Universidad,Lejana,Mujer,67,2,4
13,77,Alto,Alto,No,7,58,Medio,Sí,2,Bajo,Medio,Público,Positiva,3,No,Instituto,Cercana,Hombre,66,2,1
21,85,Medio,Medio,No,8,50,Bajo,Sí,1,Medio,Alto,Privado,Neutral,2,No,Instituto,Lejana,Hombre,65,2,1
26,90,Medio,Medio,Sí,8,98,Medio,Sí,0,Bajo,Bajo,Privado,Negativa,3,Sí,Postgrado,Moderada,Mujer,69,2,5
24,82,Alto,Medio,No,6,91,Medio,Sí,2,Alto,Medio,Público,Positiva,1,No,Instituto,Cercana,Hombre,70,2,5
6,85,Alto,Medio,Sí,9,70,Alto,Sí,0,Bajo,Medio,Público,Positiva,3,Sí,Postgrado,Cercana,Mujer,64,1,2
32,97,Alto,Medio,Sí,8,73,Medio,Sí,0,Alto,Medio,Público,Negativa,3,No,Universidad,Cercana,Mujer,75,3,3
22,72,Bajo,Bajo,Sí,9,96,Alto,Sí,1,Bajo,Medio,Privado,Positiva,3,No,Universidad,Cercana,Hombre,66,2,5
15,74,Medio,Bajo,No,7,60,Bajo,Sí,2,Medio,Medio,Público,Positiva,3,No,Instituto,Lejana,Mujer,62,1,1
21,89,Bajo,Medio,No,7,90,Bajo,Sí,4,Alto,Medio,Público,Neutral,5,No,Postgrado,Lejana,Hombre,70,2,5
21,84,Alto,Alto,No,7,51,Medio,Sí,0,Medio,Medio,Público,Positiva,3,No,Instituto,Moderada,Hombre,68,2,1
16,67,Medio,Alto,Sí,9,94,Alto,Sí,1,Medio,Medio,Privado,Neutral,2,No,Postgrado,Cercana,Mujer,66,2,5
21,75,Bajo,Alto,Sí,7,79,Medio,Sí,0,Bajo,Medio,Público,Neutral,2,No,Instituto,Cercana,Hombre,65,2,3
16,79,Alto,Medio,Sí,7,74,Alto,Sí,3,Medio,Medio,Privado,Positiva,2,No,Postgrado,Lejana,Hombre,68,2,3
18,77,Alto,Medio,No,10,85,Bajo,Sí,2,Medio,Medio,Público,Positiva,3,No,Postgrado,Cercana,Mujer,68,2,4
16,67,Medio,Medio,Sí,5,53,Bajo,Sí,2,Medio,Medio,Privado,Positiva,3,No,Instituto,Moderada,Hombre,62,1,1
11,97,Bajo,Medio,Sí,8,60,Bajo,Sí,2,Bajo,Medio,Público,Positiva,3,No,Universidad,Cercana,Mujer,66,2,1
21,90,Medio,Bajo,No,7,70,Medio,Sí,2,Bajo,Medio,Público,Negativa,2,No,Postgrado,Cercana,Mujer,68,2,2
24,79,Alto,Medio,No,7,81,Alto,Sí,0,Alto,Medio,Público,Positiva,2,No,Instituto,Moderada,Hombre,69,2,4
23,87,Medio,Bajo,No,6,57,Medio,Sí,2,Alto,Medio,Público,Positiva,3,Sí,Instituto,Cercana,Hombre,67,2,1
25,96,Bajo,Alto,Sí,6,69,Bajo,Sí,3,Alto,Medio,Público,Positiva,2,No,Postgrado,Cercana,Hombre,74,3,2
22,65,Bajo,Medio,No,6,63,Medio,No,2,Medio,Medio,Público,Neutral,3,No,Instituto,Lejana,Hombre,61,1,2
17,70,Alto,Medio,No,8,82,Bajo,Sí,2,Alto,Alto,Público,Negativa,2,Sí,Instituto,Moderada,Mujer,64,1,4
25,82,Medio,Medio,No,8,96,Medio,Sí,1,Bajo,Medio,Privado,Positiva,2,No,Instituto,Moderada,Mujer,69,2,5
12,92,Alto,Medio,No,4,58,Bajo,Sí,2,Medio,Medio,Público,Positiva,2,Sí,Universidad,Moderada,Hombre,66,2,1
15,61,Medio,Medio,No,5,59,Alto,Sí,0,Bajo,Alto,Público,Neutral,4,No,Instituto,Cercana,Mujer,61,1,1
14,99,Medio,Medio,Sí,8,80,Alto,Sí,3,Medio,Bajo,Privado,Neutral,4,No,Universidad,Cercana,Mujer,71,2,4
26,78,Alto,Alto,Sí,8,73,Medio,No,2,Bajo,Medio,Privado,Positiva,4,No,Universidad,Cercana,Mujer,71,2,3
26,74,Medio,Medio,No,5,86,Bajo,Sí,2,Bajo,Alto,Público,Positiva,4,No,Universidad,Cercana,Mujer,69,2,4
23,72,Medio,Medio,Sí,8,64,Bajo,Sí,1,Bajo,Medio,Público,Neutral,4,No,Postgrado,Cercana,Mujer,66,2,2
26,67,Bajo,Medio,Sí,7,77,Bajo,Sí,2,Bajo,Alto,Privado,Neutral,3,Sí,Instituto,Moderada,Hombre,64,1,3
15,92,Bajo,Medio,No,8,69,Medio,Sí,1,Alto,Medio,Privado,Neutral,4,No,Postgrado,Cercana,Hombre,68,2,2
22,98,Alto,Medio,Sí,6,64,Bajo,Sí,0,Medio,Alto,Público,Positiva,3,No,Instituto,Moderada,Mujer,71,2,2
19,77,Alto,Medio,Sí,5,86,Alto,Sí,0,Medio,Bajo,Público,Negativa,4,Sí,Instituto,Cercana,Hombre,66,2,4
25,98,Medio,Medio,Sí,7,90,Alto,Sí,1,Alto,Bajo,Público,Neutral,4,No,Postgrado,Cercana,Hombre,94,5,5
19,93,Bajo,Alto,Sí,7,66,Bajo,Sí,1,Medio,Medio,Privado,Neutral,3,No,Instituto,Cercana,Mujer,68,2,2
18,79,Medio,Medio,No,7,81,Medio,No,1,Medio,Alto,Privado,Positiva,4,No,Universidad,Moderada,Mujer,66,2,4
23,87,Alto,Bajo,No,6,59,Medio,Sí,4,Medio,Alto,Público,Neutral,2,No,Instituto,Cercana,Hombre,70,2,1
25,77,Medio,Medio,No,10,90,Medio,Sí,1,Bajo,Medio,Público,Neutral,3,No,Instituto,Cercana,Hombre,68,2,5
16,82,Alto,Bajo,No,4,64,Bajo,Sí,1,Medio,Medio,Privado,Neutral,2,No,Postgrado,Moderada,Hombre,65,2,2
20,62,Medio,Medio,Sí,6,59,Bajo,Sí,3,Medio,Medio,Público,Positiva,4,No,Instituto,Cercana,Hombre,64,1,1
14,88,Alto,Medio,Sí,6,97,Medio,Sí,0,Bajo,Medio,Público,Positiva,3,No,Universidad,Cercana,Hombre,69,2,5
5,62,Alto,Alto,No,7,71,Bajo,Sí,1,Bajo,Medio,Privado,Positiva,4,No,Universidad,Lejana,Hombre,59,1,3
21,93,Bajo,Medio,No,8,82,Medio,Sí,2,Medio,Alto,Privado,Neutral,4,No,Universidad,Cercana,Hombre,70,2,4
24,93,Alto,Bajo,Sí,8,90,Alto,Sí,0,Alto,Medio,Privado,Negativa,2,No,Universidad,Cercana,Hombre,72,2,5
22,69,Bajo,Medio,No,9,84,Medio,Sí,0,Medio,Medio,Público,Neutral,3,No,Universidad,Moderada,Hombre,64,1,4
8,73,Medio,Alto,No,8,78,Alto,Sí,0,Medio,Alto,Privado,Negativa,3,No,Instituto,Cercana,Hombre,63,1,3
18,79,Medio,Medio,Sí,4,69,Medio,Sí,2,Alto,Bajo,Privado,Positiva,3,No,Universidad,Cercana,Hombre,67,2,2
7,84,Medio,Medio,Sí,5,96,Medio,No,1,Bajo,Bajo,Público,Positiva,3,Sí,Instituto,Cercana,Hombre,62,1,5
28,71,Medio,Medio,Sí,9,57,Alto,Sí,1,Bajo,Alto,Público,Neutral,4,No,Postgrado,Cercana,Mujer,69,2,1
13,84,Medio,Medio,Sí,9,94,Medio,Sí,3,Medio,Medio,Público,Negativa,2,Sí,Instituto,Cercana,Hombre,66,2,5
28,72,Bajo,Bajo,No,8,85,Alto,Sí,4,Bajo,Medio,Privado,Negativa,2,No,Instituto,Cercana,Mujer,66,2,4
26,62,Bajo,Medio,No,6,79,Medio,Sí,1,Bajo,Medio,Público,Positiva,3,Sí,Universidad,Cercana,Mujer,63,1,3
15,60,Medio,Medio,No,7,66,Alto,Sí,2,Alto,Medio,Público,Neutral,4,No,Instituto,Cercana,Hombre,62,1,2
13,64,Medio,Alto,No,6,57,Bajo,Sí,1,Bajo,Bajo,Público,Neutral,3,Sí,Instituto,Moderada,Mujer,58,1,1
22,92,Medio,Bajo,No,5,72,Bajo,Sí,0,Medio,Medio,Privado,Negativa,4,No,Universidad,Moderada,Hombre,67,2,3
15,98,Medio,Medio,Sí,7,89,Bajo,No,2,Bajo,Bajo,Público,Neutral,3,No,Universidad,Moderada,Hombre,68,2,4
21,77,Alto,Medio,No,10,87,Bajo,Sí,1,Bajo,Medio,Público,Neutral,3,No,Universidad,Cercana,Hombre,67,2,4
17,81,Medio,Medio,No,6,82,Medio,Sí,3,Bajo,Medio,Privado,Neutral,4,No,Universidad,Cercana,Hombre,67,2,4
9,66,Bajo,Medio,No,9,100,Bajo,Sí,3,Medio,Medio,Público,Neutral,3,No,Universidad,Cercana,Hombre,62,1,5
7,82,Medio,Alto,Sí,6,99,Medio,Sí,2,Medio,Alto,Público,Negativa,2,No,Postgrado,Moderada,Hombre,66,2,5
21,66,Medio,Medio,Sí,5,70,Medio,Sí,1,Bajo,Alto,Privado,Positiva,5,No,Instituto,Cercana,Mujer,65,2,2
17,84,Medio,Alto,Sí,8,60,Medio,Sí,0,Bajo,Bajo,Privado,Positiva,5,No,Universidad,Cercana,Mujer,67,2,1
17,97,Medio,Bajo,No,7,73,Alto,No,1,Medio,Alto,Privado,Neutral,4,No,Universidad,Cercana,Hombre,69,2,3
24,68,Medio,Alto,Sí,9,92,Bajo,Sí,1,Bajo,Alto,Público,Positiva,2,No,Instituto,Cercana,Hombre,67,2,5
27,91,Bajo,Medio,Sí,9,73,Bajo,Sí,0,Bajo,Medio,Privado,Neutral,3,No,Universidad,Cercana,Hombre,69,2,3
18,61,Medio,Bajo,No,7,67,Bajo,Sí,2,Alto,Medio,Público,Positiva,4,No,Instituto,Cercana,Hombre,62,1,2
18,75,Medio,Medio,Sí,9,87,Bajo,Sí,3,Bajo,Medio,Público,Negativa,3,No,Postgrado,Cercana,Mujer,67,2,4
23,64,Medio,Bajo,Sí,6,83,Medio,Sí,0,Medio,Medio,Público,Neutral,3,No,Instituto,Moderada,Hombre,63,1,4
12,74,Medio,Medio,No,6,98,Alto,Sí,2,Bajo,Medio,Público,Neutral,3,No,Universidad,Cercana,Hombre,65,2,5
21,67,Medio,Medio,Sí,9,77,Medio,Sí,3,Alto,Bajo,Público,Neutral,3,No,Universidad,Moderada,Mujer,66,2,3
23,75,Medio,Alto,Sí,5,98,Medio,Sí,3,Medio,Alto,Público,Positiva,1,No,Universidad,Cercana,Mujer,71,2,5
24,77,Bajo,Alto,Sí,7,65,Alto,Sí,1,Medio,Alto,Privado,Positiva,4,No,Postgrado,Cercana,Hombre,70,2,2
8,72,Alto,Alto,Sí,9,93,Alto,Sí,4,Medio,Medio,Público,Positiva,4,No,Instituto,Cercana,Hombre,68,2,5
15,86,Alto,Medio,Sí,9,68,Alto,Sí,0,Medio,Bajo,Público,Neutral,3,No,Instituto,Cercana,Hombre,67,2,2
15,97,Medio,Alto,No,6,90,Alto,Sí,2,Alto,Alto,Privado,Neutral,0,No,Instituto,Cercana,Hombre,71,2,5
21,76,Bajo,Medio,Sí,9,96,Medio,Sí,1,Bajo,Bajo,Público,Negativa,5,No,Instituto,Cercana,Hombre,65,2,5
23,68,Bajo,Medio,Sí,5,81,Bajo,Sí,1,Bajo,Bajo,Público,Neutral,2,No,Postgrado,Cercana,Hombre,64,1,4
29,71,Medio,Medio,Sí,6,86,Medio,Sí,1,Bajo,Medio,Público,Positiva,2,No,Universidad,Cercana,Mujer,69,2,4
17,94,Medio,Bajo,Sí,7,98,Bajo,Sí,1,Medio,Alto,Público,Negativa,2,No,Instituto,Cercana,Hombre,68,2,5
17,83,Medio,Bajo,Sí,8,69,Bajo,Sí,4,Bajo,Alto,Público,Neutral,3,No,Universidad,Cercana,Hombre,67,2,2
27,78,Medio,Medio,Sí,5,76,Alto,Sí,1,Medio,Medio,Privado,Positiva,4,No,Postgrado,Cercana,Hombre,71,2,3
22,66,Medio,Bajo,Sí,10,95,Medio,Sí,1,Medio,Medio,Privado,Negativa,3,No,Instituto,Cercana,Hombre,64,1,5
28,78,Medio,Alto,Sí,4,84,Medio,Sí,2,Bajo,Bajo,Público,Negativa,3,No,Universidad,Lejana,Mujer,69,2,4
22,71,Medio,Alto,Sí,7,94,Medio,Sí,1,Medio,Medio,Público,Neutral,4,No,Instituto,Cercana,Hombre,68,2,5
13,98,Alto,Bajo,Sí,7,81,Medio,Sí,1,Medio,Bajo,Privado,Negativa,3,No,Postgrado,Cercana,Hombre,69,2,4
12,95,Medio,Medio,No,4,87,Medio,Sí,0,Bajo,Medio,Público,Positiva,3,No,Instituto,Moderada,Hombre,67,2,4
11,63,Medio,Alto,Sí,9,51,Alto,Sí,0,Bajo,Bajo,Público,Negativa,3,Sí,Universidad,Moderada,Hombre,58,1,1
24,81,Bajo,Medio,Sí,6,67,Alto,Sí,0,Medio,Alto,Público,Negativa,2,No,Instituto,Lejana,Hombre,66,2,2
27,69,Medio,Alto,Sí,7,89,Bajo,Sí,2,Alto,Alto,Privado,Neutral,1,No,Instituto,Moderada,Hombre,69,2,4
31,76,Medio,Alto,Sí,7,70,Bajo,Sí,3,Bajo,Medio,Público,Neutral,3,No,Universidad,Moderada,Hombre,70,2,2
25,95,Medio,Bajo,Sí,5,68,Medio,Sí,1,Medio,Alto,Público,Positiva,3,No,Instituto,Lejana,Hombre,70,2,2
27,81,Medio,Bajo,Sí,5,98,Medio,Sí,0,Alto,Medio,Público,Positiva,3,No,Instituto,Cercana,Hombre,70,2,5
17,73,Alto,Alto,No,9,78,Medio,Sí,0,Bajo,Alto,Público,Negativa,3,No,Postgrado,Moderada,Mujer,66,2,3
13,68,Bajo,Alto,No,7,60,Medio,Sí,1,Medio,Bajo,Privado,Positiva,3,No,Universidad,Moderada,Mujer,61,1,1
25,92,Medio,Medio,Sí,4,74,Medio,Sí,3,Bajo,Alto,Público,Positiva,2,Sí,Instituto,Moderada,Mujer,71,2,3
23,85,Alto,Bajo,Sí,7,76,Alto,Sí,2,Bajo,Medio,Público,Neutral,3,No,Universidad,Cercana,Mujer,69,2,3
21,79,Medio,Medio,Sí,7,99,Medio,Sí,2,Bajo,Medio,Público,Positiva,2,No,Postgrado,Cercana,Hombre,69,2,5
22,69,Alto,Medio,No,7,86,Bajo,Sí,0,Medio,Medio,Público,Neutral,1,No,Instituto,Cercana,Mujer,65,2,4
22,73,Alto,Alto,Sí,4,76,Alto,Sí,3,Medio,Medio,Público,Negativa,4,No,Universidad,Lejana,Hombre,69,2,3
28,98,Medio,Alto,Sí,7,72,Medio,Sí,1,Bajo,Alto,Privado,Positiva,2,No,Universidad,Cercana,Hombre,74,3,3
28,81,Medio,Medio,Sí,6,96,Alto,Sí,2,Bajo,Medio,Privado,Positiva,5,No,Instituto,Moderada,Hombre,71,2,5
23,76,Alto,Medio,No,7,82,Alto,Sí,0,Medio,Alto,Privado,Neutral,1,No,Universidad,Cercana,Hombre,68,2,4
25,81,Alto,Alto,Sí,8,68,Bajo,Sí,0,Bajo,Alto,Público,Neutral,3,No,Universidad,Moderada,Mujer,69,2,2
23,91,Bajo,Medio,Sí,8,73,Medio,No,3,Medio,Medio,Público,Negativa,5,No,Instituto,Lejana,Hombre,68,2,3
17,74,Medio,Bajo,No,9,64,Medio,Sí,2,Medio,Medio,Público,Neutral,3,No,Instituto,Cercana,Hombre,63,1,2
25,67,Medio,Medio,Sí,10,98,Alto,Sí,0,Alto,Medio,Público,Positiva,2,No,Instituto,Cercana,Hombre,68,2,5
12,83,Alto,Medio,Sí,5,85,Medio,Sí,2,Bajo,Alto,Privado,Negativa,2,No,Universidad,Cercana,Hombre,67,2,4
26,87,Medio,Alto,No,6,70,Bajo,Sí,3,Medio,Medio,Público,Neutral,3,No,Universidad,Moderada,Hombre,71,2,2
13,89,Alto,Alto,No,8,59,Bajo,Sí,0,Bajo,Alto,Público,Neutral,2,No,Postgrado,Moderada,Hombre,66,2,1
22,95,Alto,Medio,No,7,59,Medio,Sí,2,Bajo,Medio,Público,Negativa,3,Sí,Instituto,Cercana,Hombre,69,2,1
15,75,Alto,Medio,Sí,4,74,Medio,Sí,3,Medio,Alto,Público,Positiva,4,No,Universidad,Cercana,Mujer,68,2,3
23,63,Medio,Medio,No,7,73,Bajo,Sí,1,Bajo,Medio,Público,Neutral,3,No,Universidad,Moderada,Hombre,63,1,3
20,98,Medio,Medio,No,9,71,Medio,Sí,0,Bajo,Medio,Público,Negativa,4,No,Universidad,Moderada,Hombre,69,2,3
10,77,Bajo,Alto,Sí,5,93,Medio,Sí,3,Bajo,Medio,Público,Positiva,3,No,Universidad,Cercana,Mujer,66,2,5
23,85,Medio,Medio,Sí,7,99,Alto,Sí,1,Bajo,Alto,Público,Neutral,5,No,Universidad,Cercana,Mujer,71,2,5
17,87,Medio,Alto,No,4,68,Medio,Sí,2,Bajo,Bajo,Público,Positiva,4,No,Postgrado,Moderada,Hombre,68,2,2
25,82,Medio,Medio,Sí,8,65,Medio,Sí,0,Alto,Medio,Privado,Neutral,4,No,Instituto,Cercana,Hombre,69,2,2
20,68,Medio,Medio,Sí,7,89,Medio,Sí,0,Medio,Alto,Privado,Positiva,3,No,Instituto,Lejana,Mujer,65,2,4
22,90,Medio,Bajo,Sí,6,72,Medio,Sí,0,Bajo,Medio,Público,Neutral,4,No,Universidad,Cercana,Hombre,68,2,3
14,92,Alto,Medio,Sí,6,61,Alto,Sí,0,Bajo,Medio,Privado,Neutral,2,No,Universidad,Moderada,Hombre,67,2,2
16,82,Medio,Medio,No,5,59,Medio,Sí,1,Medio,Medio,Público,Positiva,3,No,Instituto,Cercana,Hombre,65,2,1
17,80,Bajo,Medio,Sí,9,64,Medio,Sí,1,Bajo,Medio,Privado,Positiva,4,No,Postgrado,Lejana,Mujer,65,2,2
25,65,Medio,Bajo,Sí,6,50,Medio,Sí,2,Bajo,Medio,Público,Positiva,2,No,Universidad,Cercana,Mujer,64,1,1
30,63,Alto,Alto,No,8,97,Medio,Sí,1,Bajo,Alto,Público,Neutral,3,No,Instituto,Cercana,Mujer,69,2,5
15,74,Alto,Bajo,No,6,72,Bajo,Sí,2,Bajo,Medio,Público,Positiva,3,No,Instituto,Cercana,Hombre,64,1,3
26,72,Medio,Medio,No,10,54,Medio,No,2,Alto,Alto,Público,Neutral,2,No,Universidad,Moderada,Hombre,66,2,1
7,98,Medio,Bajo,Sí,9,58,Medio,Sí,2,Medio,Medio,Privado,Neutral,5,Sí,Universidad,Cercana,Hombre,65,2,1
13,91,Alto,Medio,Sí,10,66,Medio,Sí,2,Medio,Medio,Público,Positiva,4,No,Instituto,Cercana,Mujer,69,2,2
14,86,Bajo,Medio,Sí,10,78,Medio,Sí,3,Medio,Alto,Privado,Negativa,4,Sí,Instituto,Cercana,Mujer,66,2,3
12,81,Medio,Medio,Sí,6,85,Alto,Sí,0,Bajo,Medio,Privado,Positiva,2,Sí,Instituto,Cercana,Hombre,64,1,4
10,67,Medio,Medio,Sí,6,65,Medio,Sí,1,Medio,Alto,Público,Negativa,4,No,Instituto,Cercana,Mujer,61,1,2
22,99,Medio,Medio,No,10,98,Bajo,Sí,1,Medio,Medio,Privado,Neutral,1,No,Universidad,Cercana,Hombre,72,2,5
19,75,Medio,Medio,Sí,7,88,Bajo,Sí,1,Medio,Medio,Privado,Positiva,3,No,Postgrado,Moderada,Hombre,67,2,4
22,64,Bajo,Medio,Sí,8,91,Bajo,Sí,0,Bajo,Medio,Público,Neutral,4,No,Universidad,Moderada,Mujer,63,1,5
24,80,Medio,Alto,No,6,66,Alto,Sí,1,Medio,Medio,Público,Neutral,3,No,Universidad,Moderada,Hombre,69,2,2
22,95,Bajo,Alto,Sí,6,69,Alto,Sí,3,Medio,Medio,Público,Neutral,2,Sí,Postgrado,Lejana,Hombre,70,2,2
24,95,Medio,Alto,Sí,8,77,Bajo,Sí,1,Bajo,Medio,Público,Positiva,3,Sí,Instituto,Cercana,Hombre,71,2,3
20,60,Medio,Bajo,Sí,4,73,Medio,Sí,0,Bajo,Bajo,Público,Neutral,1,No,Postgrado,Moderada,Mujer,60,1,3
13,95,Medio,Alto,Sí,8,63,Medio,Sí,3,Medio,Medio,Privado,Neutral,2,No,Postgrado,Cercana,Mujer,70,2,2
26,71,Bajo,Alto,No,8,100,Bajo,Sí,1,Bajo,Alto,Privado,Positiva,4,No,Universidad,Cercana,Mujer,69,2,5
16,62,Medio,Alto,No,6,92,Medio,No,0,Medio,Medio,Privado,Positiva,4,No,Instituto,Cercana,Mujer,63,1,5
14,94,Medio,Medio,Sí,7,62,Alto,Sí,2,Medio,Alto,Privado,Negativa,1,No,Postgrado,Cercana,Hombre,69,2,2
19,95,Medio,Medio,Sí,7,95,Alto,Sí,0,Medio,Alto,Privado,Negativa,2,No,Universidad,Cercana,Hombre,71,2,5
15,84,Medio,Alto,Sí,7,79,Medio,Sí,1,Medio,Alto,Público,Neutral,4,No,Instituto,Cercana,Mujer,68,2,3
17,83,Medio,Alto,No,8,51,Bajo,Sí,0,Bajo,Medio,Público,Negativa,4,No,Instituto,Moderada,Hombre,64,1,1
22,93,Bajo,Medio,No,6,67,Medio,Sí,0,Medio,Medio,Público,Neutral,3,No,Universidad,Cercana,Mujer,68,2,2
22,91,Bajo,Medio,Sí,10,51,Alto,Sí,2,Alto,Medio,Público,Neutral,3,No,Instituto,Cercana,Mujer,69,2,1
15,96,Medio,Bajo,No,7,54,Bajo,Sí,0,Bajo,Medio,Público,Neutral,3,No,Universidad,Cercana,Mujer,65,2,1
17,82,Medio,Medio,Sí,7,59,Medio,Sí,3,Medio,Medio,Público,Positiva,4,No,Universidad,Cercana,Hombre,68,2,1
26,99,Medio,Alto,Sí,10,74,Medio,Sí,1,Medio,Medio,Privado,Neutral,2,No,Universidad,Cercana,Hombre,74,3,3
23,100,Alto,Bajo,Sí,4,69,Bajo,Sí,0,Bajo,Alto,Público,Positiva,4,No,Postgrado,Cercana,Mujer,72,2,2
32,65,Alto,Medio,No,10,57,Medio,Sí,1,Alto,Medio,Privado,Negativa,2,No,Instituto,Cercana,Mujer,67,2,1
27,94,Alto,Alto,Sí,7,70,Bajo,Sí,1,Medio,Alto,Público,Neutral,2,No,Instituto,Moderada,Mujer,73,2,2
27,80,Medio,Medio,No,6,65,Alto,No,1,Alto,Medio,Privado,Neutral,4,No,Universidad,Moderada,Hombre,68,2,2
12,76,Medio,Bajo,Sí,5,71,Bajo,Sí,0,Medio,Medio,Público,Negativa,4,No,Instituto,Cercana,Hombre,61,1,3
25,85,Alto,Alto,No,5,59,Medio,Sí,3,Bajo,Medio,Público,Neutral,4,No,Instituto,Cercana,Mujer,70,2,1
20,62,Medio,Bajo,Sí,6,80,Alto,No,1,Medio,Alto,Público,Neutral,3,No,Universidad,Moderada,Mujer,62,1,4
17,80,Medio,Medio,Sí,7,52,Alto,Sí,2,Medio,Medio,Privado,Neutral,3,No,Postgrado,Cercana,Mujer,67,2,1
21,95,Bajo,Alto,Sí,8,69,Medio,No,0,Bajo,Alto,Público,Negativa,3,No,Postgrado,Cercana,Hombre,69,2,2
26,69,Alto,Alto,No,7,95,Bajo,No,0,Medio,Medio,Público,Negativa,3,No,Postgrado,Cercana,Mujer,93,5,5
23,77,Medio,Alto,No,6,71,Bajo,Sí,3,Medio,Bajo,Privado,Positiva,4,No,Instituto,Moderada,Hombre,68,2,3
15,98,Medio,Medio,Sí,9,72,Medio,Sí,1,Bajo,Alto,Público,Neutral,2,No,Universidad,Cercana,Mujer,69,2,3
24,77,Medio,Medio,Sí,10,53,Alto,Sí,2,Alto,Medio,Público,Neutral,4,No,Universidad,Moderada,Hombre,68,2,1
16,74,Medio,Alto,No,9,80,Bajo,Sí,0,Medio,Medio,Público,Negativa,5,No,Instituto,Cercana,Hombre,64,1,4
21,78,Alto,Medio,Sí,6,97,Medio,Sí,0,Medio,Medio,Público,Positiva,2,No,Instituto,Cercana,Mujer,69,2,5
18,81,Medio,Medio,No,8,65,Bajo,Sí,2,Bajo,Medio,Público,Neutral,4,No,Postgrado,Cercana,Hombre,66,2,2
19,85,Medio,Medio,No,8,70,Bajo,Sí,4,Alto,Medio,Público,Neutral,3,No,Instituto,Moderada,Hombre,68,2,2
25,92,Medio,Medio,Sí,9,79,Medio,Sí,3,Medio,Alto,Público,Negativa,4,No,Universidad,Moderada,Hombre,72,2,3
14,78,Alto,Medio,No,6,55,Bajo,Sí,2,Bajo,Medio,Privado,Neutral,2,No,Instituto,Cercana,Mujer,63,1,1
32,93,Alto,Medio,No,6,98,Medio,Sí,0,Medio,Medio,Público,Neutral,4,Sí,Instituto,Cercana,Hombre,73,2,5
9,81,Alto,Medio,Sí,9,73,Medio,Sí,1,Medio,Medio,Público,Negativa,1,No,Postgrado,Cercana,Hombre,65,2,3
16,74,Alto,Alto,Sí,8,56,Bajo,Sí,1,Bajo,Medio,Privado,Positiva,2,No,Instituto,Cercana,Mujer,65,2,1
22,86,Bajo,Medio,Sí,5,67,Medio,Sí,0,Alto,Medio,Público,Positiva,2,No,Universidad,Cercana,Hombre,68,2,2
24,89,Alto,Medio,No,8,69,Bajo,No,3,Alto,Medio,Público,Neutral,2,No,Universidad,Cercana,Hombre,70,2,2
19,82,Medio,Medio,No,10,67,Medio,Sí,0,Bajo,Bajo,Público,Positiva,2,No,Postgrado,Lejana,Hombre,65,2,2
20,62,Alto,Medio,Sí,6,85,Medio,Sí,2,Medio,Medio,Público,Neutral,3,No,Universidad,Cercana,Mujer,66,2,4
22,67,Medio,Alto,Sí,6,67,Alto,Sí,1,Bajo,Medio,Privado,Neutral,1,No,Universidad,Cercana,Hombre,66,2,2
19,71,Medio,Alto,Sí,7,66,Bajo,Sí,2,Bajo,Medio,Público,Neutral,3,No,Instituto,Cercana,Mujer,65,2,2
28,71,Medio,Alto,No,8,66,Medio,Sí,2,Bajo,Medio,Privado,Positiva,3,No,Universidad,Cercana,Hombre,69,2,2
25,87,Bajo,Alto,Sí,7,89,Medio,Sí,1,Bajo,Medio,Público,Neutral,4,Sí,Instituto,Cercana,Mujer,69,2,4
25,61,Medio,Alto,No,9,65,Medio,Sí,2,Medio,Medio,Privado,Neutral,4,Sí,Instituto,Moderada,Mujer,64,1,2
14,90,Medio,Medio,Sí,7,51,Medio,Sí,1,Medio,Medio,Público,Positiva,4,Sí,Instituto,Cercana,Mujer,66,2,1
20,71,Bajo,Medio,Sí,9,68,Medio,Sí,1,Bajo,Medio,Privado,Positiva,3,No,Instituto,Lejana,Hombre,63,1,2
18,72,Alto,Medio,Sí,6,64,Medio,Sí,4,Bajo,Medio,Público,Positiva,3,No,Postgrado,Cercana,Mujer,68,2,2
14,81,Alto,Medio,Sí,5,95,Bajo,Sí,2,Bajo,Alto,Público,Positiva,3,No,Instituto,Cercana,Hombre,68,2,5
22,69,Alto,Medio,No,6,74,Alto,Sí,1,Medio,Bajo,Público,Negativa,3,Sí,Universidad,Cercana,Mujer,65,2,3
17,95,Alto,Medio,No,5,62,Alto,Sí,1,Medio,Medio,Privado,Positiva,3,No,Instituto,Moderada,Hombre,69,2,2
24,63,Medio,Medio,No,8,99,Bajo,Sí,2,Bajo,Alto,Público,Neutral,1,No,Postgrado,Cercana,Mujer,66,2,5
14,78,Medio,Medio,No,4,62,Medio,Sí,1,Bajo,Medio,Público,Neutral,4,No,Universidad,Cercana,Hombre,63,1,2
30,94,Bajo,Medio,Sí,6,88,Bajo,Sí,2,Bajo,Medio,Privado,Neutral,3,Sí,Universidad,Cercana,Mujer,72,2,4
15,85,Alto,Medio,No,7,82,Alto,Sí,2,Medio,Medio,Público,Negativa,4,No,Instituto,Lejana,Hombre,67,2,4
21,72,Alto,Alto,No,5,73,Medio,Sí,1,Medio,Medio,Público,Neutral,3,No,Instituto,Cercana,Hombre,67,2,3
25,77,Alto,Medio,Sí,7,70,Medio,Sí,0,Medio,Medio,Público,Neutral,5,No,Instituto,Cercana,Hombre,68,2,2
17,88,Alto,Alto,Sí,7,94,Medio,No,2,Medio,Alto,Público,Positiva,3,No,Instituto,Cercana,Hombre,71,2,5
25,99,Medio,Alto,No,9,74,Medio,Sí,1,Medio,Alto,Privado,Negativa,3,No,Instituto,Cercana,Hombre,73,2,3
13,96,Medio,Medio,No,5,69,Medio,Sí,2,Medio,Bajo,Público,Positiva,3,No,Instituto,Cercana,Hombre,68,2,2
29,74,Alto,Medio,No,8,68,Medio,Sí,0,Medio,Alto,Público,Positiva,4,No,Instituto,Cercana,Mujer,69,2,2
20,100,Medio,Medio,Sí,8,64,Medio,Sí,0,Bajo,Medio,Público,Neutral,2,No,Instituto,Moderada,Hombre,69,2,2
16,60,Medio,Alto,No,7,70,Bajo,Sí,3,Alto,Alto,Privado,Negativa,4,No,Instituto,Cercana,Mujer,63,1,2
18,61,Medio,Medio,Sí,6,56,Medio,Sí,3,Bajo,Medio,Público,Neutral,3,No,Instituto,Moderada,Hombre,62,1,1
25,93,Medio,Medio,Sí,5,53,Medio,Sí,0,Alto,Medio,Privado,Neutral,5,No,Universidad,Moderada,Mujer,70,2,1
16,68,Alto,Medio,No,10,77,Medio,Sí,1,Alto,Medio,Público,Positiva,3,No,Postgrado,Cercana,Hombre,66,2,3
16,62,Medio,Medio,No,7,73,Bajo,Sí,3,Alto,Medio,Público,Negativa,3,No,Instituto,Cercana,Mujer,62,1,3
19,69,Medio,Alto,Sí,7,59,Bajo,Sí,2,Bajo,Bajo,Privado,Neutral,2,No,Postgrado,Moderada,Mujer,64,1,1
13,77,Medio,Medio,Sí,10,55,Bajo,Sí,2,Bajo,Medio,Privado,Positiva,3,No,Universidad,Moderada,Hombre,63,1,1
31,89,Medio,Medio,Sí,7,57,Medio,Sí,1,Alto,Bajo,Público,Positiva,2,No,Universidad,Moderada,Mujer,71,2,1
17,85,Alto,Medio,Sí,10,66,Medio,Sí,1,Alto,Medio,Público,Neutral,1,Sí,Postgrado,Moderada,Hombre,67,2,2
25,70,Bajo,Alto,Sí,5,73,Medio,Sí,2,Medio,Medio,Privado,Neutral,1,No,Postgrado,Cercana,Hombre,67,2,3
21,80,Bajo,Alto,Sí,7,60,Medio,Sí,1,Medio,Alto,Público,Positiva,2,No,Universidad,Moderada,Hombre,67,2,1
14,97,Bajo,Medio,Sí,5,88,Medio,Sí,2,Alto,Medio,Público,Positiva,3,No,Postgrado,Cercana,Hombre,71,2,4
20,93,Alto,Medio,No,7,60,Alto,Sí,0,Bajo,Alto,Público,Neutral,3,No,Instituto,Cercana,Hombre,69,2,1
25,73,Medio,Medio,Sí,7,56,Medio,Sí,2,Alto,Medio,Público,Neutral,4,No,Instituto,Cercana,Mujer,93,5,1
19,99,Alto,Medio,Sí,6,100,Medio,Sí,1,Bajo,Medio,Privado,Positiva,1,No,Instituto,Moderada,Hombre,72,2,5
27,88,Medio,Alto,No,7,72,Medio,Sí,1,Bajo,Alto,Público,Positiva,1,No,Instituto,Cercana,Mujer,71,2,3
26,62,Medio,Medio,No,6,59,Medio,Sí,1,Medio,Medio,Público,Neutral,3,No,Instituto,Moderada,Hombre,63,1,1
26,61,Alto,Bajo,Sí,7,95,Bajo,No,0,Medio,Alto,Público,Neutral,3,No,Postgrado,Moderada,Hombre,65,2,5
17,67,Bajo,Medio,Sí,6,62,Medio,Sí,0,Medio,Medio,Público,Neutral,3,No,Universidad,Moderada,Mujer,61,1,2
14,89,Medio,Bajo,No,9,96,Bajo,Sí,2,Bajo,Alto,Privado,Neutral,3,No,Universidad,Moderada,Mujer,66,2,5
16,67,Medio,Medio,Sí,5,56,Bajo,Sí,1,Bajo,Medio,Público,Negativa,2,No,Universidad,Cercana,Mujer,61,1,1
21,80,Medio,Medio,No,7,92,Bajo,Sí,1,Medio,Medio,Público,Positiva,3,No,Instituto,Moderada,Hombre,67,2,5
23,64,Medio,Bajo,Sí,5,59,Medio,Sí,3,Bajo,Medio,Público,Positiva,5,No,Instituto,Moderada,Mujer,64,1,1
7,97,Bajo,Alto,No,6,97,Medio,Sí,3,Medio,Alto,Privado,Positiva,2,No,Universidad,Moderada,Mujer,69,2,5
20,74,Bajo,Medio,No,6,79,Medio,Sí,1,Alto,Medio,Público,Neutral,2,Sí,Universidad,Lejana,Hombre,64,1,3
21,96,Medio,Medio,Sí,7,59,Bajo,Sí,2,Alto,Medio,Público,Negativa,2,No,Universidad,Cercana,Hombre,70,2,1
18,98,Alto,Medio,Sí,7,92,Medio,Sí,2,Bajo,Alto,Privado,Neutral,4,No,Instituto,Cercana,Hombre,73,2,5
28,60,Bajo,Medio,Sí,5,70,Bajo,Sí,0,Bajo,Medio,Privado,Neutral,5,No,Instituto,Cercana,Hombre,63,1,2
23,79,Medio,Medio,Sí,6,87,Medio,No,2,Bajo,Alto,Público,Neutral,4,No,Universidad,Moderada,Hombre,68,2,4
28,61,Bajo,Bajo,Sí,6,82,Bajo,Sí,0,Medio,Alto,Público,Positiva,3,No,Universidad,Cercana,Mujer,64,1,4
19,96,Medio,Bajo,Sí,5,86,Medio,No,3,Medio,Medio,Público,Positiva,3,No,Instituto,Moderada,Hombre,69,2,4
26,81,Medio,Medio,Sí,9,67,Medio,Sí,3,Bajo,Medio,Público,Neutral,2,No,Universidad,Cercana,Mujer,69,2,2
30,63,Alto,Bajo,No,5,97,Alto,Sí,2,Bajo,Alto,Público,Positiva,2,Sí,Universidad,Moderada,Mujer,67,2,5
28,64,Alto,Bajo,Sí,7,78,Medio,Sí,3,Medio,Alto,Privado,Positiva,4,No,Postgrado,Moderada,Hombre,69,2,3
13,75,Medio,Alto,No,10,54,Medio,Sí,1,Bajo,Medio,Privado,Negativa,3,Sí,Universidad,Cercana,Hombre,62,1,1
18,98,Bajo,Medio,No,9,53,Medio,Sí,0,Alto,Medio,Público,Neutral,1,No,Instituto,Moderada,Hombre,66,2,1
18,88,Bajo,Medio,No,8,87,Medio,Sí,2,Medio,Alto,Público,Neutral,2,No,Postgrado,Moderada,Mujer,68,2,4
23,95,Alto,Bajo,No,7,92,Alto,Sí,1,Bajo,Medio,Público,Positiva,1,No,Instituto,Cercana,Mujer,71,2,5
24,75,Medio,Bajo,No,8,85,Medio,Sí,1,Bajo,Medio,Público,Positiva,2,Sí,Postgrado,Cercana,Hombre,66,2,4
15,62,Bajo,Alto,No,8,64,Alto,Sí,2,Bajo,Medio,Público,Neutral,4,No,Universidad,Cercana,Mujer,62,1,2
20,99,Bajo,Bajo,Sí,9,61,Bajo,Sí,1,Alto,Medio,Privado,Neutral,4,No,Instituto,Moderada,Hombre,68,2,2
8,61,Medio,Bajo,Sí,7,78,Medio,Sí,0,Medio,Medio,Privado,Positiva,3,No,Instituto,Cercana,Mujer,59,1,3
29,98,Medio,Medio,Sí,9,60,Bajo,Sí,0,Bajo,Medio,Privado,Negativa,4,No,Instituto,Cercana,Mujer,70,2,1
17,75,Alto,Bajo,Sí,7,69,Medio,Sí,1,Alto,Medio,Público,Positiva,4,No,Instituto,Cercana,Hombre,66,2,2
20,60,Medio,Medio,Sí,10,81,Medio,Sí,3,Bajo,Medio,Público,Positiva,3,No,Universidad,Cercana,Hombre,65,2,4
18,88,Medio,Medio,No,7,64,Bajo,Sí,0,Medio,Bajo,Público,Positiva,4,No,Universidad,Moderada,Hombre,66,2,2
27,99,Medio,Medio,Sí,5,69,Medio,Sí,2,Medio,Bajo,Público,Positiva,2,No,Postgrado,Moderada,Hombre,73,2,2
3,99,Medio,Bajo,Sí,7,68,Medio,Sí,2,Alto,Medio,Privado,Neutral,3,No,Instituto,Cercana,Mujer,65,2,2
20,66,Medio,Alto,Sí,8,73,Medio,Sí,0,Alto,Bajo,Público,Positiva,3,No,Instituto,Moderada,Hombre,65,2,3
19,67,Alto,Medio,No,9,84,Bajo,Sí,0,Medio,Medio,Público,Positiva,3,No,Instituto,Moderada,Mujer,64,1,4
17,83,Medio,Medio,Sí,6,89,Alto,Sí,0,Bajo,Medio,Público,Positiva,4,No,Postgrado,Cercana,Hombre,69,2,4
30,85,Medio,Medio,No,4,83,Bajo,Sí,2,Alto,Alto,Público,Positiva,3,No,Postgrado,Cercana,Mujer,74,3,4
15,90,Alto,Alto,Sí,8,51,Alto,Sí,2,Alto,Medio,Público,Negativa,2,No,Instituto,Moderada,Mujer,68,2,1
25,67,Bajo,Medio,No,8,95,Medio,Sí,0,Medio,Medio,Público,Neutral,4,No,Postgrado,Moderada,Mujer,65,2,5
22,98,Medio,Alto,Sí,5,79,Medio,No,2,Alto,Medio,Público,Neutral,5,No,Instituto,Moderada,Hombre,72,2,3
28,86,Medio,Medio,Sí,7,96,Medio,Sí,2,Medio,Bajo,Público,Neutral,4,No,Instituto,Cercana,Hombre,71,2,5
16,94,Alto,Medio,No,7,98,Medio,Sí,0,Bajo,Medio,Público,Neutral,4,No,Instituto,Moderada,Mujer,69,2,5
16,82,Bajo,Alto,Sí,8,73,Bajo,Sí,3,Bajo,Alto,Público,Positiva,1,No,Universidad,Cercana,Hombre,67,2,3
27,77,Medio,Alto,Sí,6,96,Bajo,Sí,0,Medio,Alto,Público,Positiva,3,No,Postgrado,Moderada,Hombre,71,2,5
23,99,Bajo,Bajo,Sí,6,68,Alto,Sí,1,Medio,Medio,Público,Neutral,3,Sí,Universidad,Lejana,Hombre,68,2,2
11,83,Bajo,Medio,No,7,63,Alto,Sí,3,Alto,Medio,Público,Negativa,2,No,Instituto,Lejana,Mujer,63,1,2
17,95,Alto,Medio,No,5,54,Bajo,Sí,2,Alto,Alto,Público,Neutral,2,No,Universidad,Moderada,Mujer,69,2,1
22,98,Medio,Bajo,No,10,73,Medio,Sí,1,Bajo,Bajo,Público,Negativa,4,Sí,Universidad,Cercana,Mujer,68,2,3
25,87,Alto,Alto,Sí,8,84,Bajo,Sí,2,Alto,Medio,Público,Positiva,4,No,Universidad,Moderada,Hombre,73,2,4
16,82,Medio,Medio,Sí,6,99,Medio,Sí,3,Alto,Medio,Público,Positiva,2,No,Instituto,Cercana,Hombre,69,2,5
3,60,Medio,Medio,Sí,5,76,Medio,Sí,0,Medio,Alto,Privado,Neutral,4,No,Instituto,Moderada,Mujer,58,1,3
23,62,Alto,Bajo,No,5,87,Medio,Sí,1,Alto,Bajo,Privado,Positiva,3,No,Instituto,Cercana,Hombre,65,2,4
13,68,Medio,Medio,Sí,8,95,Medio,Sí,2,Bajo,Bajo,Privado,Positiva,4,No,Instituto,Moderada,Hombre,63,1,5
8,67,Bajo,Bajo,No,5,77,Bajo,Sí,1,Medio,Alto,Público,Positiva,2,No,Universidad,Cercana,Hombre,59,1,3
3,70,Medio,Medio,Sí,7,58,Medio,Sí,0,Medio,Medio,Privado,Neutral,2,No,Instituto,Moderada,Hombre,58,1,1
25,72,Medio,Medio,Sí,4,92,Alto,Sí,1,Bajo,Medio,Privado,Negativa,2,Sí,Instituto,Cercana,Hombre,66,2,5
21,74,Medio,Alto,Sí,8,79,Medio,Sí,0,Bajo,Alto,Privado,Positiva,4,No,Instituto,Cercana,Hombre,67,2,3
19,77,Alto,Medio,Sí,8,88,Medio,No,3,Bajo,Medio,Público,Positiva,3,No,Universidad,Moderada,Hombre,67,2,4
28,64,Alto,Medio,No,7,83,Bajo,Sí,2,Alto,Medio,Privado,Neutral,4,No,Instituto,Moderada,Hombre,67,2,4
24,62,Alto,Bajo,Sí,7,53,Medio,Sí,0,Medio,Medio,Público,Positiva,6,No,Postgrado,Cercana,Mujer,65,2,1
30,87,Alto,Medio,Sí,8,58,Alto,Sí,1,Bajo,Medio,Público,Negativa,1,No,Universidad,Cercana,Hombre,71,2,1
12,81,Medio,Medio,Sí,7,64,Alto,Sí,2,Alto,Medio,Público,Neutral,3,No,Instituto,Cercana,Hombre,66,2,2
20,78,Medio,Alto,Sí,8,64,Medio,Sí,2,Alto,Medio,Privado,Positiva,2,No,Instituto,Moderada,Mujer,68,2,2
10,85,Medio,Alto,Sí,5,92,Medio,Sí,0,Bajo,Alto,Privado,Positiva,4,Sí,Instituto,Lejana,Mujer,65,2,5
19,93,Alto,Alto,No,8,80,Medio,Sí,1,Medio,Medio,Privado,Neutral,3,No,Universidad,Moderada,Hombre,71,2,4
19,77,Medio,Bajo,Sí,7,54,Bajo,Sí,2,Bajo,Medio,Privado,Positiva,4,No,Instituto,Cercana,Mujer,64,1,1
24,86,Medio,Alto,Sí,9,69,Alto,Sí,1,Medio,Alto,Público,Neutral,3,No,Postgrado,Cercana,Hombre,72,2,2
20,98,Bajo,Bajo,No,7,78,Bajo,Sí,4,Alto,Alto,Público,Neutral,2,No,Instituto,Lejana,Hombre,69,2,3
24,94,Medio,Medio,No,7,63,Medio,Sí,1,Bajo,Alto,Público,Neutral,3,No,Instituto,Cercana,Hombre,70,2,2
24,77,Medio,Medio,Sí,6,52,Medio,Sí,0,Medio,Medio,Privado,Negativa,4,No,Instituto,Cercana,Hombre,66,2,1
33,86,Medio,Medio,No,9,69,Medio,No,0,Medio,Medio,Público,Neutral,3,No,Universidad,Cercana,Mujer,70,2,2
18,67,Alto,Bajo,No,4,73,Bajo,Sí,0,Medio,Medio,Privado,Neutral,2,No,Postgrado,Moderada,Hombre,62,1,3
14,82,Bajo,Medio,Sí,8,95,Medio,Sí,1,Bajo,Medio,Privado,Neutral,3,No,Postgrado,Moderada,Hombre,66,2,5
21,99,Alto,Bajo,No,7,95,Bajo,Sí,2,Bajo,Medio,Público,Negativa,1,No,Instituto,Cercana,Mujer,70,2,5
15,81,Bajo,Bajo,Sí,7,75,Bajo,Sí,1,Medio,Alto,Público,Negativa,1,No,Postgrado,Moderada,Hombre,63,1,3
29,97,Alto,Medio,Sí,7,74,Medio,Sí,1,Medio,Bajo,Público,Positiva,4,Sí,Instituto,Cercana,Mujer,73,2,3
18,76,Medio,Alto,Sí,7,82,Alto,Sí,2,Medio,Alto,Público,Neutral,4,No,Postgrado,Cercana,Mujer,70,2,4
17,100,Alto,Alto,No,8,63,Bajo,Sí,1,Bajo,Medio,Privado,Positiva,5,No,Instituto,Cercana,Hombre,71,2,2
17,83,Bajo,Medio,No,6,64,Medio,Sí,1,Medio,Medio,Privado,Positiva,4,No,Instituto,Cercana,Mujer,65,2,2
24,62,Medio,Bajo,Sí,7,50,Medio,Sí,1,Alto,Alto,Privado,Negativa,2,No,Postgrado,Cercana,Hombre,64,1,1
19,83,Alto,Bajo,Sí,8,54,Medio,Sí,1,Bajo,Medio,Privado,Positiva,4,No,Instituto,Moderada,Hombre,66,2,1
16,71,Bajo,Bajo,Sí,6,59,Alto,Sí,1,Bajo,Alto,Público,Positiva,3,No,Postgrado,Cercana,Hombre,82,3,1
30,61,Bajo,Alto,Sí,8,82,Bajo,Sí,2,Bajo,Alto,Público,Neutral,3,No,Postgrado,Cercana,Mujer,68,2,4
15,93,Medio,Medio,No,8,61,Alto,Sí,1,Medio,Medio,Público,Neutral,4,No,Instituto,Cercana,Mujer,67,2,2
20,71,Bajo,Alto,Sí,6,56,Alto,Sí,5,Medio,Medio,Privado,Positiva,5,No,Universidad,Cercana,Hombre,68,2,1
24,92,Bajo,Alto,Sí,5,81,Medio,Sí,2,Bajo,Medio,Privado,Negativa,3,Sí,Instituto,Cercana,Hombre,69,2,4
10,72,Medio,Medio,Sí,6,83,Medio,Sí,0,Medio,Medio,Público,Positiva,4,No,Instituto,Cercana,Hombre,63,1,4
23,68,Medio,Alto,No,7,53,Alto,Sí,3,Alto,Medio,Público,Neutral,3,No,Instituto,Moderada,Mujer,66,2,1
14,99,Medio,Medio,No,7,89,Alto,No,0,Medio,Medio,Privado,Positiva,2,No,Postgrado,Lejana,Mujer,68,2,4
25,74,Alto,Medio,Sí,9,80,Medio,Sí,4,Medio,Medio,Público,Positiva,3,No,Universidad,Moderada,Mujer,71,2,4
14,84,Medio,Alto,Sí,6,70,Alto,Sí,2,Alto,Medio,Público,Positiva,3,No,Universidad,Cercana,Mujer,69,2,2
24,84,Bajo,Medio,Sí,6,99,Medio,Sí,1,Medio,Alto,Público,Positiva,2,No,Postgrado,Lejana,Mujer,70,2,5
27,82,Medio,Medio,No,8,51,Alto,Sí,3,Alto,Medio,Público,Neutral,2,No,Universidad,Cercana,Hombre,70,2,1
25,97,Medio,Medio,Sí,6,77,Bajo,Sí,1,Bajo,Alto,Privado,Positiva,4,No,Postgrado,Cercana,Hombre,73,2,3
22,87,Medio,Alto,Sí,6,58,Medio,Sí,0,Bajo,Medio,Privado,Neutral,4,No,Instituto,Cercana,Mujer,68,2,1
19,76,Medio,Bajo,Sí,6,66,Medio,Sí,1,Alto,Medio,Público,Positiva,3,No,Instituto,Cercana,Hombre,65,2,2
17,94,Alto,Alto,Sí,4,57,Medio,Sí,4,Medio,Alto,Público,Neutral,4,No,Instituto,Moderada,Hombre,72,2,1
29,67,Alto,Bajo,Sí,8,83,Medio,Sí,2,Bajo,Medio,Privado,Positiva,4,Sí,Instituto,Cercana,Mujer,67,2,4
16,82,Bajo,Medio,Sí,8,70,Alto,Sí,4,Bajo,Alto,Público,Neutral,4,No,Universidad,Cercana,Mujer,68,2,2
14,98,Medio,Medio,Sí,8,99,Bajo,Sí,0,Alto,Medio,Público,Neutral,3,No,Instituto,Cercana,Hombre,69,2,5
24,85,Medio,Medio,Sí,10,83,Bajo,Sí,1,Medio,Alto,Público,Positiva,4,No,Universidad,Moderada,Mujer,70,2,4
15,93,Alto,Medio,Sí,9,96,Medio,Sí,1,Medio,Medio,Público,Negativa,2,No,Instituto,Moderada,Mujer,69,2,5
14,86,Alto,Alto,Sí,6,62,Medio,Sí,1,Medio,Medio,Privado,Positiva,2,No,Instituto,Cercana,Hombre,68,2,2
11,94,Medio,Medio,No,9,66,Medio,No,2,Bajo,Alto,Privado,Positiva,2,No,Instituto,Moderada,Hombre,65,2,2
17,98,Medio,Alto,Sí,7,68,Medio,Sí,1,Bajo,Medio,Público,Positiva,4,No,Universidad,Moderada,Hombre,70,2,2
20,71,Medio,Bajo,Sí,6,92,Alto,Sí,1,Bajo,Medio,Privado,Negativa,4,No,Universidad,Cercana,Hombre,65,2,5
21,67,Medio,Bajo,No,6,61,Medio,Sí,0,Bajo,Medio,Privado,Positiva,3,No,Instituto,Moderada,Mujer,61,1,2
26,79,Medio,Bajo,No,7,97,Medio,Sí,1,Alto,Medio,Privado,Positiva,2,No,Instituto,Cercana,Hombre,69,2,5
23,88,Medio,Bajo,Sí,7,52,Medio,Sí,0,Medio,Bajo,Público,Neutral,4,No,Instituto,Cercana,Hombre,67,2,1
19,69,Medio,Medio,Sí,9,94,Medio,Sí,1,Bajo,Alto,Público,Positiva,3,No,Instituto,Moderada,Hombre,65,2,5
19,60,Medio,Medio,No,8,73,Alto,Sí,3,Medio,Bajo,Privado,Neutral,3,No,Instituto,Cercana,Hombre,63,1,3
23,74,Medio,Alto,Sí,6,76,Medio,Sí,0,Medio,Alto,Privado,Negativa,4,No,Instituto,Cercana,Hombre,67,2,3
28,99,Alto,Bajo,No,5,100,Medio,Sí,6,Medio,Medio,Privado,Neutral,5,No,Instituto,Moderada,Mujer,76,3,5
21,88,Medio,Medio,No,8,94,Medio,Sí,0,Medio,Alto,Público,Neutral,3,No,Universidad,Cercana,Hombre,70,2,5
17,76,Medio,Alto,Sí,8,95,Bajo,Sí,1,Bajo,Medio,Privado,Neutral,4,No,Postgrado,Cercana,Mujer,67,2,5
14,68,Alto,Alto,Sí,9,79,Bajo,Sí,2,Bajo,Medio,Privado,Positiva,4,No,Universidad,Cercana,Mujer,66,2,3
11,74,Medio,Alto,Sí,7,98,Bajo,Sí,1,Bajo,Medio,Público,Positiva,2,No,Instituto,Cercana,Hombre,65,2,5
24,67,Bajo,Alto,No,8,84,Alto,Sí,0,Bajo,Medio,Público,Neutral,1,No,Universidad,Cercana,Mujer,65,2,4
23,64,Bajo,Medio,No,8,91,Medio,Sí,2,Bajo,Medio,Público,Negativa,3,No,Instituto,Lejana,Mujer,63,1,5
23,96,Medio,Alto,Sí,5,86,Medio,Sí,3,Medio,Alto,Público,Neutral,3,Sí,Instituto,Cercana,Hombre,74,3,4
19,100,Bajo,Alto,Sí,7,89,Alto,Sí,2,Alto,Bajo,Privado,Neutral,3,No,Universidad,Moderada,Hombre,72,2,4
28,67,Alto,Alto,No,8,82,Bajo,Sí,1,Alto,Bajo,Público,Neutral,4,No,Instituto,Cercana,Mujer,68,2,4
17,62,Medio,Bajo,No,8,86,Alto,Sí,2,Medio,Medio,Público,Neutral,4,No,Instituto,Moderada,Mujer,62,1,4
26,73,Bajo,Alto,No,7,72,Medio,Sí,1,Bajo,Bajo,Privado,Neutral,3,No,Universidad,Lejana,Hombre,65,2,3
20,78,Alto,Medio,Sí,10,85,Medio,Sí,1,Alto,Alto,Privado,Negativa,3,No,Instituto,Cercana,Hombre,69,2,4
16,68,Medio,Bajo,Sí,10,64,Medio,Sí,2,Alto,Bajo,Público,Negativa,2,No,Instituto,Moderada,Hombre,61,1,2
24,72,Medio,Medio,Sí,7,82,Alto,Sí,2,Medio,Medio,Privado,Positiva,4,No,Instituto,Lejana,Hombre,67,2,4
22,68,Medio,Alto,No,7,76,Medio,Sí,1,Medio,Medio,Público,Positiva,4,No,Instituto,Cercana,Hombre,66,2,3
22,91,Bajo,Medio,Sí,8,95,Medio,Sí,1,Bajo,Alto,Privado,Neutral,2,No,Instituto,Cercana,Hombre,70,2,5
20,89,Medio,Alto,No,7,84,Bajo,Sí,5,Alto,Medio,Público,Neutral,3,No,Postgrado,Moderada,Hombre,72,2,4
20,85,Alto,Bajo,Sí,9,80,Medio,Sí,3,Bajo,Medio,Privado,Neutral,3,No,Postgrado,Moderada,Hombre,69,2,4
34,75,Bajo,Medio,Sí,5,66,Medio,Sí,0,Bajo,Medio,Privado,Positiva,3,No,Instituto,Cercana,Hombre,68,2,2
27,96,Medio,Medio,No,7,93,Medio,Sí,2,Medio,Medio,Público,Neutral,2,No,Universidad,Cercana,Hombre,74,3,5
24,99,Alto,Medio,No,8,53,Alto,Sí,1,Bajo,Medio,Privado,Neutral,3,Sí,Instituto,Cercana,Hombre,70,2,1
21,67,Medio,Medio,Sí,9,95,Alto,Sí,1,Medio,Medio,Privado,Positiva,4,No,Instituto,Cercana,Hombre,67,2,5
26,69,Medio,Medio,Sí,5,83,Medio,Sí,4,Medio,Alto,Privado,Neutral,2,No,Instituto,Moderada,Mujer,68,2,4
23,81,Alto,Bajo,No,6,59,Medio,Sí,2,Alto,Alto,Privado,Neutral,1,No,Postgrado,Cercana,Mujer,69,2,1
20,64,Alto,Bajo,No,4,95,Medio,Sí,4,Medio,Medio,Público,Neutral,4,No,Instituto,Cercana,Hombre,66,2,5
18,77,Medio,Bajo,No,6,66,Alto,Sí,3,Medio,Alto,Público,Positiva,3,No,Universidad,Moderada,Hombre,66,2,2
20,83,Alto,Alto,Sí,5,58,Medio,Sí,1,Medio,Medio,Público,Neutral,3,No,Instituto,Cercana,Hombre,68,2,1
1,81,Medio,Medio,Sí,8,66,Medio,Sí,1,Bajo,Medio,Público,Negativa,2,No,Universidad,Cercana,Hombre,60,1,2
21,73,Alto,Medio,No,7,98,Alto,Sí,0,Alto,Alto,Público,Positiva,4,Sí,Postgrado,Cercana,Hombre,69,2,5
17,82,Alto,Medio,No,7,88,Medio,Sí,1,Medio,Medio,Público,Negativa,1,Sí,Instituto,Cercana,Hombre,66,2,4
30,98,Medio,Alto,Sí,7,96,Medio,Sí,1,Medio,Medio,Privado,Neutral,3,No,Postgrado,Cercana,Mujer,77,3,5
20,68,Medio,Bajo,No,9,65,Bajo,Sí,1,Alto,Medio,Público,Negativa,5,No,Universidad,Cercana,Hombre,63,1,2
13,86,Medio,Bajo,Sí,5,54,Medio,Sí,3,Alto,Alto,Público,Neutral,3,Sí,Universidad,Cercana,Hombre,66,2,1
20,62,Alto,Medio,Sí,4,78,Medio,No,1,Alto,Medio,Privado,Positiva,4,No,Instituto,Moderada,Mujer,64,1,3
14,63,Alto,Alto,No,8,74,Medio,Sí,1,Bajo,Medio,Privado,Neutral,4,No,Postgrado,Moderada,Mujer,63,1,3
23,82,Bajo,Medio,Sí,6,86,Medio,Sí,0,Alto,Medio,Público,Neutral,4,No,Instituto,Cercana,Hombre,68,2,4
22,64,Alto,Medio,No,5,77,Medio,Sí,1,Alto,Medio,Privado,Negativa,2,No,Universidad,Cercana,Hombre,65,2,3
26,61,Alto,Medio,Sí,8,70,Bajo,Sí,1,Medio,Medio,Privado,Neutral,4,Sí,Postgrado,Moderada,Hombre,65,2,2
15,67,Alto,Alto,Sí,4,50,Bajo,Sí,0,Medio,Medio,Público,Positiva,1,No,Universidad,Cercana,Hombre,64,1,1
20,83,Alto,Medio,Sí,6,73,Medio,Sí,0,Alto,Medio,Público,Positiva,3,No,Universidad,Lejana,Hombre,68,2,3
12,88,Bajo,Medio,Sí,4,56,Medio,Sí,0,Bajo,Alto,Privado,Neutral,2,No,Instituto,Lejana,Hombre,62,1,1
24,68,Medio,Medio,Sí,7,96,Medio,Sí,1,Bajo,Alto,Público,Positiva,3,No,Instituto,Cercana,Hombre,67,2,5
23,87,Alto,Alto,Sí,9,96,Alto,Sí,1,Medio,Medio,Privado,Positiva,1,No,Universidad,Cercana,Mujer,73,2,5
23,67,Alto,Alto,Sí,6,90,Medio,Sí,2,Alto,Medio,Privado,Positiva,3,No,Instituto,Cercana,Mujer,69,2,5
20,85,Medio,Medio,No,6,58,Bajo,Sí,0,Bajo,Medio,Privado,Negativa,2,No,Postgrado,Cercana,Hombre,65,2,1
22,76,Medio,Medio,Sí,10,57,Medio,Sí,1,Medio,Alto,Privado,Neutral,3,No,Instituto,Lejana,Hombre,66,2,1
30,86,Alto,Medio,No,8,78,Medio,Sí,4,Medio,Bajo,Público,Positiva,2,No,Universidad,Lejana,Hombre,73,2,3
18,100,Alto,Medio,Sí,10,86,Medio,Sí,1,Medio,Medio,Público,Neutral,3,No,Instituto,Cercana,Hombre,72,2,4
21,98,Medio,Medio,Sí,7,95,Bajo,Sí,3,Alto,Bajo,Público,Neutral,1,No,Instituto,Cercana,Hombre,72,2,5
13,60,Bajo,Alto,Sí,7,95,Medio,Sí,1,Bajo,Medio,Privado,Positiva,1,No,Instituto,Cercana,Mujer,61,1,5
15,95,Alto,Medio,Sí,9,58,Bajo,Sí,2,Bajo,Alto,Privado,Neutral,3,No,Instituto,Cercana,Mujer,69,2,1
21,63,Alto,Medio,No,7,100,Medio,Sí,1,Alto,Medio,Privado,Neutral,2,No,Postgrado,Moderada,Mujer,66,2,5
27,98,Alto,Alto,No,7,58,Medio,Sí,1,Alto,Medio,Público,Positiva,3,No,Postgrado,Lejana,Mujer,74,3,1
18,71,Alto,Bajo,Sí,4,92,Medio,Sí,1,Bajo,Medio,Público,Negativa,4,Sí,Universidad,Cercana,Mujer,64,1,5
19,75,Medio,Alto,Sí,10,79,Medio,Sí,1,Medio,Medio,Público,Neutral,2,No,Instituto,Cercana,Mujer,66,2,3
18,64,Alto,Medio,Sí,8,84,Medio,No,2,Medio,Medio,Público,Neutral,3,No,Universidad,Cercana,Mujer,64,1,4
17,64,Alto,Alto,No,7,80,Bajo,Sí,3,Medio,Medio,Privado,Positiva,4,No,Instituto,Cercana,Hombre,66,2,4
22,89,Medio,Alto,No,8,93,Medio,Sí,2,Alto,Bajo,Privado,Neutral,5,No,Instituto,Cercana,Hombre,72,2,5
11,98,Alto,Alto,Sí,5,82,Alto,Sí,1,Medio,Medio,Privado,Neutral,2,No,Postgrado,Cercana,Hombre,71,2,4
28,84,Alto,Medio,Sí,6,92,Medio,Sí,1,Medio,Medio,Público,Negativa,3,Sí,Instituto,Cercana,Mujer,70,2,5
16,89,Alto,Medio,Sí,8,58,Bajo,Sí,2,Bajo,Medio,Público,Neutral,3,No,Universidad,Moderada,Hombre,67,2,1
24,90,Medio,Alto,No,7,93,Bajo,Sí,1,Bajo,Alto,Público,Neutral,2,Sí,Postgrado,Cercana,Hombre,71,2,5
12,71,Medio,Bajo,No,8,100,Medio,Sí,2,Alto,Medio,Público,Neutral,3,Sí,Universidad,Cercana,Hombre,63,1,5
24,62,Medio,Alto,No,7,83,Bajo,Sí,1,Medio,Bajo,Público,Neutral,2,No,Universidad,Moderada,Mujer,64,1,4
24,60,Medio,Medio,Sí,8,99,Medio,Sí,2,Bajo,Bajo,Público,Neutral,1,No,Instituto,Moderada,Hombre,64,1,5
22,74,Medio,Bajo,No,5,61,Medio,Sí,1,Bajo,Medio,Público,Positiva,3,No,Postgrado,Cercana,Mujer,65,2,2
14,70,Medio,Medio,Sí,9,91,Alto,Sí,2,Medio,Medio,Público,Neutral,4,No,Instituto,Cercana,Mujer,65,2,5
21,62,Medio,Bajo,No,6,58,Medio,Sí,2,Bajo,Alto,Privado,Neutral,3,No,Universidad,Moderada,Mujer,62,1,1
13,67,Alto,Alto,Sí,7,76,Medio,Sí,2,Bajo,Medio,Privado,Neutral,5,No,Instituto,Cercana,Hombre,65,2,3
18,65,Medio,Alto,No,6,83,Bajo,Sí,1,Medio,Alto,Privado,Neutral,2,No,Instituto,Cercana,Hombre,64,1,4
26,97,Medio,Medio,Sí,7,83,Bajo,Sí,2,Bajo,Medio,Público,Positiva,3,No,Postgrado,Cercana,Hombre,74,3,4
25,66,Medio,Alto,Sí,7,84,Bajo,Sí,2,Alto,Medio,Público,Positiva,1,No,Instituto,Cercana,Hombre,67,2,4
20,82,Bajo,Medio,No,8,66,Bajo,Sí,0,Alto,Medio,Público,Positiva,2,No,Postgrado,Cercana,Hombre,66,2,2
14,84,Alto,Alto,No,8,99,Medio,No,3,Medio,Alto,Público,Neutral,4,No,Postgrado,Cercana,Mujer,70,2,5
24,82,Medio,Alto,No,8,50,Medio,Sí,0,Medio,Medio,Público,Positiva,2,No,Postgrado,Moderada,Hombre,68,2,1
20,64,Medio,Medio,No,6,81,Medio,Sí,0,Alto,Alto,Público,Positiva,1,No,Instituto,Moderada,Mujer,64,1,4
6,73,Medio,Medio,No,8,93,Bajo,Sí,0,Bajo,Medio,Privado,Neutral,1,Sí,Instituto,Lejana,Mujer,58,1,5
25,62,Medio,Medio,Sí,7,95,Bajo,Sí,1,Alto,Medio,Público,Neutral,4,Sí,Universidad,Cercana,Hombre,65,2,5
20,76,Medio,Alto,Sí,7,86,Medio,Sí,2,Medio,Medio,Público,Negativa,5,No,Instituto,Cercana,Mujer,68,2,4
27,68,Bajo,Medio,No,8,79,Medio,Sí,2,Bajo,Alto,Privado,Negativa,1,Sí,Postgrado,Moderada,Mujer,64,1,3
13,82,Medio,Alto,No,5,73,Bajo,Sí,4,Bajo,Medio,Público,Negativa,4,No,Instituto,Cercana,Hombre,66,2,3
1,88,Medio,Alto,Sí,4,72,Alto,Sí,3,Medio,Medio,Privado,Negativa,2,No,Universidad,Cercana,Hombre,92,5,3
22,81,Alto,Medio,Sí,9,71,Medio,Sí,2,Alto,Bajo,Público,Negativa,4,No,Instituto,Cercana,Hombre,69,2,3
22,77,Medio,Alto,No,7,85,Bajo,Sí,2,Bajo,Medio,Público,Neutral,2,No,Universidad,Cercana,Hombre,68,2,4
10,75,Medio,Medio,No,8,87,Bajo,Sí,2,Medio,Medio,Público,Positiva,4,Sí,Instituto,Cercana,Mujer,63,1,4
14,94,Bajo,Medio,Sí,6,76,Medio,No,0,Bajo,Bajo,Público,Neutral,3,No,Instituto,Cercana,Hombre,64,1,3
37,69,Medio,Alto,Sí,9,87,Medio,No,1,Bajo,Medio,Público,Negativa,2,No,Universidad,Lejana,Mujer,68,2,4
18,89,Medio,Bajo,No,8,76,Alto,Sí,0,Bajo,Medio,Público,Positiva,2,No,Instituto,Cercana,Hombre,67,2,3
24,90,Bajo,Medio,Sí,7,55,Medio,Sí,1,Alto,Medio,Público,Negativa,2,No,Postgrado,Lejana,Hombre,68,2,1
16,77,Medio,Medio,Sí,7,93,Medio,Sí,1,Bajo,Medio,Público,Positiva,2,No,Instituto,Moderada,Hombre,66,2,5
7,72,Medio,Medio,Sí,4,94,Medio,Sí,4,Medio,Medio,Privado,Positiva,4,No,Postgrado,Cercana,Hombre,66,2,5
19,79,Medio,Alto,Sí,8,63,Medio,Sí,4,Bajo,Alto,Público,Neutral,2,No,Instituto,Moderada,Hombre,68,2,2
18,64,Medio,Alto,Sí,9,89,Bajo,Sí,1,Medio,Alto,Privado,Neutral,3,No,Instituto,Moderada,Hombre,64,1,4
18,62,Alto,Medio,Sí,7,76,Medio,Sí,2,Medio,Medio,Privado,Negativa,3,Sí,Universidad,Cercana,Mujer,63,1,3
19,64,Medio,Medio,Sí,7,56,Medio,Sí,0,Bajo,Medio,Privado,Neutral,4,No,Instituto,Cercana,Mujer,62,1,1
22,67,Medio,Alto,No,7,70,Alto,Sí,2,Bajo,Medio,Privado,Positiva,2,No,Instituto,Cercana,Hombre,66,2,2
19,80,Alto,Medio,Sí,9,54,Medio,Sí,0,Bajo,Medio,Público,Negativa,2,No,Postgrado,Moderada,Hombre,65,2,1
12,94,Medio,Bajo,Sí,9,89,Medio,Sí,1,Bajo,Bajo,Privado,Negativa,3,No,Instituto,Cercana,Hombre,66,2,4
23,69,Medio,Alto,Sí,6,60,Medio,Sí,2,Bajo,Alto,Privado,Negativa,4,No,Instituto,Cercana,Hombre,66,2,1
8,97,Medio,Alto,Sí,8,58,Alto,Sí,2,Alto,Medio,Público,Neutral,2,No,Universidad,Cercana,Mujer,69,2,1
8,98,Bajo,Medio,Sí,7,60,Medio,Sí,1,Alto,Alto,Privado,Negativa,3,No,Postgrado,Cercana,Mujer,67,2,1
24,98,Medio,Alto,No,8,61,Medio,Sí,6,Medio,Alto,Privado,Positiva,3,No,Instituto,Cercana,Mujer,75,3,2
23,94,Alto,Medio,Sí,6,84,Alto,Sí,0,Bajo,Alto,Público,Neutral,3,No,Postgrado,Cercana,Hombre,73,2,4
20,75,Medio,Medio,Sí,9,82,Alto,Sí,0,Bajo,Bajo,Público,Positiva,5,No,Universidad,Moderada,Mujer,66,2,4
12,63,Medio,Medio,No,8,56,Bajo,Sí,4,Medio,Medio,Público,Positiva,4,No,Universidad,Moderada,Hombre,61,1,1
16,83,Medio,Medio,Sí,9,86,Medio,Sí,5,Bajo,Alto,Privado,Negativa,4,No,Instituto,Moderada,Mujer,68,2,4
18,82,Medio,Medio,Sí,5,67,Alto,No,1,Medio,Alto,Público,Neutral,4,No,Universidad,Cercana,Hombre,67,2,2
10,94,Medio,Alto,No,5,73,Medio,Sí,1,Medio,Medio,Público,Negativa,3,No,Instituto,Moderada,Hombre,66,2,3
16,100,Medio,Alto,No,10,56,Medio,Sí,1,Alto,Medio,Público,Neutral,2,No,Instituto,Cercana,Mujer,69,2,1
24,80,Medio,Medio,No,9,85,Bajo,Sí,3,Bajo,Medio,Público,Positiva,4,No,Instituto,Cercana,Hombre,69,2,4
29,74,Medio,Alto,Sí,6,69,Medio,Sí,1,Bajo,Alto,Privado,Negativa,1,No,Universidad,Lejana,Mujer,67,2,2
17,67,Alto,Medio,No,8,82,Medio,Sí,0,Medio,Medio,Público,Positiva,4,No,Instituto,Cercana,Mujer,65,2,4
25,60,Medio,Bajo,No,6,71,Bajo,Sí,2,Alto,Medio,Público,Positiva,2,No,Instituto,Cercana,Hombre,63,1,3
9,80,Medio,Bajo,Sí,4,52,Bajo,Sí,1,Alto,Medio,Público,Positiva,2,No,Postgrado,Cercana,Mujer,63,1,1
24,82,Medio,Medio,No,4,85,Bajo,No,1,Bajo,Medio,Público,Negativa,2,No,Instituto,Cercana,Hombre,66,2,4
15,93,Medio,Medio,Sí,7,78,Bajo,Sí,0,Medio,Medio,Público,Negativa,4,No,Instituto,Moderada,Hombre,66,2,3
22,80,Medio,Alto,Sí,9,72,Bajo,Sí,2,Medio,Medio,Público,Neutral,4,No,Universidad,Cercana,Mujer,69,2,3
19,97,Alto,Medio,Sí,9,60,Alto,Sí,3,Medio,Medio,Público,Negativa,4,No,Postgrado,Moderada,Mujer,72,2,1
28,85,Medio,Medio,Sí,9,81,Bajo,Sí,2,Bajo,Medio,Público,Neutral,3,No,Instituto,Cercana,Hombre,70,2,4
15,94,Medio,Alto,Sí,8,64,Medio,Sí,2,Bajo,Medio,Público,Negativa,1,No,Universidad,Cercana,Hombre,68,2,2
24,66,Alto,Medio,Sí,7,71,Bajo,Sí,1,Bajo,Alto,Público,Neutral,3,No,Instituto,Cercana,Hombre,66,2,3
18,94,Bajo,Medio,Sí,9,53,Medio,Sí,3,Bajo,Medio,Público,Negativa,3,No,Universidad,Moderada,Mujer,67,2,1
19,87,Alto,Medio,No,4,89,Medio,Sí,0,Bajo,Bajo,Público,Positiva,5,Sí,Postgrado,Moderada,Mujer,68,2,4
19,67,Medio,Bajo,Sí,8,55,Medio,No,0,Medio,Alto,Privado,Positiva,4,No,Instituto,Cercana,Hombre,62,1,1
15,68,Medio,Alto,No,5,95,Alto,Sí,1,Medio,Medio,Privado,Positiva,2,Sí,Universidad,Cercana,Mujer,64,1,5
20,97,Alto,Bajo,Sí,6,93,Bajo,Sí,1,Alto,Alto,Público,Positiva,1,No,Universidad,Lejana,Hombre,71,2,5
20,61,Alto,Medio,No,8,99,Medio,Sí,0,Medio,Alto,Público,Neutral,4,No,Universidad,Cercana,Hombre,65,2,5
21,79,Medio,Medio,Sí,8,95,Alto,Sí,0,Medio,Medio,Público,Neutral,2,No,Postgrado,Cercana,Mujer,69,2,5
21,73,Medio,Medio,No,6,99,Medio,No,1,Bajo,Medio,Público,Neutral,5,No,Instituto,Cercana,Hombre,65,2,5
25,87,Medio,Medio,No,8,94,Alto,Sí,0,Medio,Alto,Público,Positiva,4,No,Instituto,Cercana,Hombre,71,2,5
26,94,Bajo,Medio,No,8,56,Bajo,Sí,1,Alto,Medio,Público,Negativa,2,No,Universidad,Cercana,Mujer,69,2,1
14,74,Alto,Medio,Sí,7,72,Alto,No,2,Medio,Medio,Privado,Negativa,3,No,Universidad,Cercana,Hombre,65,2,3
25,77,Bajo,Medio,Sí,7,54,Medio,Sí,2,Medio,Medio,Público,Neutral,1,No,Universidad,Moderada,Hombre,66,2,1
13,99,Medio,Medio,Sí,10,77,Bajo,Sí,0,Medio,Alto,Privado,Negativa,3,No,Universidad,Moderada,Mujer,68,2,3
24,91,Alto,Alto,Sí,7,76,Medio,Sí,0,Medio,Medio,Privado,Positiva,2,No,Instituto,Moderada,Mujer,72,2,3
24,96,Alto,Alto,Sí,7,96,Medio,Sí,1,Medio,Medio,Público,Negativa,3,No,Instituto,Cercana,Mujer,74,3,5
9,78,Medio,Medio,No,7,98,Bajo,Sí,3,Bajo,Medio,Público,Positiva,2,No,Instituto,Cercana,Hombre,64,1,5
21,69,Alto,Bajo,Sí,7,63,Medio,Sí,0,Medio,Medio,Público,Positiva,3,No,Instituto,Moderada,Hombre,64,1,2
17,76,Medio,Medio,Sí,8,79,Bajo,No,1,Bajo,Medio,Público,Neutral,4,Sí,Postgrado,Lejana,Mujer,63,1,3
15,89,Alto,Bajo,No,9,73,Alto,Sí,2,Bajo,Bajo,Privado,Neutral,2,No,Instituto,Cercana,Hombre,66,2,3
28,64,Medio,Medio,Sí,7,77,Medio,Sí,1,Alto,Medio,Público,Positiva,2,No,Instituto,Cercana,Hombre,67,2,3
16,71,Alto,Bajo,Sí,6,77,Bajo,Sí,4,Medio,Medio,Público,Neutral,5,Sí,Universidad,Moderada,Hombre,64,1,3
15,62,Bajo,Alto,No,10,96,Bajo,Sí,0,Medio,Alto,Privado,Positiva,4,No,Instituto,Lejana,Hombre,62,1,5
20,77,Medio,Bajo,Sí,7,95,Alto,Sí,0,Medio,Medio,Público,Positiva,1,No,Instituto,Lejana,Hombre,66,2,5
24,93,Medio,Alto,No,4,56,Bajo,Sí,4,Bajo,Alto,Público,Negativa,2,No,Postgrado,Moderada,Mujer,71,2,1
19,61,Alto,Bajo,Sí,10,67,Bajo,No,1,Medio,Medio,Público,Positiva,6,No,Postgrado,Cercana,Mujer,63,1,2
27,87,Alto,Medio,Sí,9,88,Medio,Sí,1,Bajo,Alto,Público,Positiva,4,Sí,Universidad,Cercana,Hombre,72,2,4
23,97,Medio,Alto,No,9,84,Bajo,Sí,1,Alto,Medio,Público,Positiva,3,Sí,Instituto,Lejana,Mujer,71,2,4
7,69,Bajo,Medio,No,9,82,Bajo,Sí,1,Medio,Alto,Privado,Positiva,3,No,Postgrado,Cercana,Mujer,61,1,4
17,88,Medio,Alto,Sí,10,100,Medio,Sí,1,Bajo,Alto,Público,Positiva,2,No,Postgrado,Cercana,Mujer,71,2,5
17,99,Medio,Medio,No,5,67,Bajo,Sí,2,Medio,Medio,Privado,Neutral,4,No,Postgrado,Lejana,Hombre,69,2,2
23,98,Medio,Alto,Sí,6,76,Bajo,Sí,3,Bajo,Alto,Público,Positiva,3,No,Instituto,Cercana,Hombre,74,3,3
4,69,Medio,Alto,Sí,6,99,Medio,Sí,0,Medio,Alto,Público,Neutral,2,No,Instituto,Moderada,Hombre,61,1,5
35,64,Medio,Bajo,No,6,85,Alto,Sí,2,Medio,Alto,Privado,Neutral,2,No,Instituto,Moderada,Hombre,68,2,4
23,66,Medio,Alto,Sí,7,82,Alto,Sí,1,Medio,Medio,Público,Positiva,2,No,Instituto,Cercana,Hombre,67,2,4
21,88,Alto,Bajo,No,6,58,Medio,Sí,3,Alto,Medio,Privado,Neutral,4,No,Universidad,Cercana,Hombre,70,2,1
27,89,Medio,Medio,No,5,62,Medio,Sí,0,Bajo,Medio,Público,Neutral,3,No,Instituto,Cercana,Hombre,69,2,2
34,87,Medio,Bajo,No,6,69,Alto,Sí,3,Bajo,Medio,Privado,Neutral,2,No,Universidad,Moderada,Hombre,72,2,2
25,73,Medio,Bajo,Sí,7,73,Medio,Sí,1,Medio,Medio,Público,Positiva,2,No,Instituto,Cercana,Hombre,66,2,3
26,67,Medio,Medio,No,9,75,Medio,Sí,2,Medio,Medio,Público,Positiva,3,No,Instituto,Cercana,Hombre,67,2,3
21,83,Medio,Medio,No,6,95,Alto,Sí,4,Alto,Alto,Público,Neutral,2,No,Instituto,Lejana,Mujer,70,2,5
19,79,Medio,Alto,Sí,8,55,Medio,Sí,3,Medio,Medio,Privado,Neutral,4,Sí,Postgrado,Cercana,Hombre,68,2,1
17,89,Bajo,Medio,Sí,5,62,Alto,Sí,2,Medio,Medio,Privado,Positiva,2,No,Universidad,Cercana,Mujer,68,2,2
15,78,Medio,Alto,No,4,57,Alto,Sí,2,Medio,Alto,Público,Negativa,2,No,Instituto,Cercana,Mujer,65,2,1
16,74,Medio,Bajo,Sí,7,87,Medio,Sí,0,Bajo,Bajo,Público,Positiva,3,No,Universidad,Cercana,Mujer,63,1,4
12,72,Bajo,Bajo,Sí,6,99,Alto,Sí,0,Bajo,Medio,Público,Positiva,4,No,Universidad,Lejana,Mujer,62,1,5
20,68,Medio,Alto,Sí,6,95,Medio,Sí,0,Bajo,Medio,Público,Positiva,4,No,Instituto,Cercana,Mujer,66,2,5
10,71,Medio,Alto,Sí,6,86,Medio,Sí,1,Medio,Bajo,Público,Negativa,2,Sí,Postgrado,Cercana,Hombre,62,1,4
21,64,Bajo,Alto,Sí,6,51,Bajo,Sí,0,Alto,Bajo,Público,Negativa,3,No,Universidad,Moderada,Mujer,61,1,1
20,74,Bajo,Medio,Sí,6,67,Alto,Sí,0,Medio,Medio,Privado,Negativa,4,Sí,Universidad,Moderada,Mujer,63,1,2
21,61,Medio,Medio,Sí,6,93,Bajo,Sí,3,Medio,Alto,Privado,Neutral,3,No,Instituto,Cercana,Mujer,65,2,5
17,67,Alto,Bajo,No,5,83,Alto,Sí,3,Bajo,Medio,Público,Positiva,3,No,Instituto,Moderada,Hombre,64,1,4
38,90,Alto,Medio,Sí,4,60,Bajo,Sí,2,Bajo,Medio,Público,Neutral,4,No,Universidad,Moderada,Hombre,74,3,1
28,73,Bajo,Medio,Sí,4,73,Medio,Sí,2,Alto,Alto,Público,Positiva,2,No,Postgrado,Cercana,Mujer,70,2,3
13,87,Bajo,Medio,No,10,54,Bajo,Sí,2,Bajo,Medio,Público,Positiva,2,No,Instituto,Moderada,Mujer,63,1,1
21,89,Bajo,Medio,No,7,76,Medio,Sí,3,Alto,Medio,Público,Positiva,2,No,Instituto,Lejana,Mujer,68,2,3
16,83,Medio,Alto,Sí,9,95,Medio,Sí,2,Bajo,Alto,Público,Neutral,2,No,Universidad,Cercana,Hombre,69,2,5
14,98,Medio,Alto,Sí,7,52,Alto,Sí,1,Medio,Alto,Privado,Negativa,4,No,Instituto,Moderada,Hombre,70,2,1
12,61,Medio,Medio,Sí,7,81,Medio,Sí,2,Alto,Medio,Público,Neutral,3,No,Universidad,Lejana,Hombre,62,1,4
23,90,Alto,Medio,Sí,7,62,Medio,Sí,3,Medio,Bajo,Privado,Positiva,2,No,Postgrado,Moderada,Hombre,71,2,2
16,98,Medio,Bajo,No,8,100,Bajo,Sí,2,Bajo,Medio,Público,Neutral,1,No,Instituto,Cercana,Hombre,69,2,5
26,94,Alto,Bajo,Sí,5,53,Bajo,Sí,0,Bajo,Alto,Público,Neutral,2,No,Instituto,Cercana,Hombre,69,2,1
26,67,Bajo,Alto,Sí,6,81,Alto,Sí,4,Bajo,Alto,Público,Neutral,3,Sí,Universidad,Cercana,Hombre,68,2,4
28,73,Bajo,Medio,Sí,7,63,Bajo,Sí,0,Bajo,Medio,Público,Positiva,2,No,Instituto,Cercana,Hombre,65,2,2
15,67,Medio,Alto,Sí,4,94,Alto,Sí,1,Medio,Medio,Privado,Positiva,5,No,Instituto,Lejana,Hombre,65,2,5
23,84,Bajo,Bajo,Sí,9,56,Bajo,No,1,Medio,Alto,Público,Positiva,4,No,Instituto,Cercana,Mujer,65,2,1
24,88,Alto,Alto,No,9,71,Medio,Sí,2,Alto,Alto,Público,Negativa,3,No,Instituto,Cercana,Mujer,72,2,3
17,73,Medio,Bajo,No,4,59,Alto,Sí,2,Bajo,Alto,Privado,Negativa,4,No,Instituto,Moderada,Mujer,63,1,1
15,82,Medio,Alto,Sí,6,90,Alto,No,2,Alto,Medio,Público,Positiva,2,No,Instituto,Cercana,Hombre,68,2,5
30,88,Medio,Medio,Sí,7,68,Bajo,Sí,1,Medio,Alto,Público,Positiva,3,No,Universidad,Cercana,Mujer,72,2,2
21,77,Medio,Bajo,Sí,8,59,Medio,Sí,3,Bajo,Medio,Privado,Positiva,2,No,Instituto,Cercana,Hombre,66,2,1
24,94,Bajo,Medio,No,9,86,Alto,Sí,2,Bajo,Medio,Público,Neutral,3,No,Universidad,Cercana,Mujer,71,2,4
15,91,Medio,Bajo,Sí,6,91,Bajo,Sí,0,Medio,Medio,Público,Positiva,3,No,Universidad,Moderada,Mujer,67,2,5
13,63,Medio,Medio,No,10,73,Bajo,Sí,2,Bajo,Alto,Público,Negativa,3,No,Postgrado,Moderada,Hombre,61,1,3
17,85,Alto,Alto,Sí,7,69,Medio,Sí,4,Bajo,Alto,Privado,Neutral,2,No,Instituto,Cercana,Mujer,70,2,2
19,69,Medio,Medio,Sí,7,82,Bajo,No,2,Bajo,Medio,Público,Neutral,3,No,Universidad,Cercana,Hombre,64,1,4
14,82,Medio,Medio,Sí,8,83,Medio,Sí,0,Medio,Medio,Público,Negativa,2,No,Instituto,Moderada,Hombre,64,1,4
20,98,Bajo,Alto,Sí,7,83,Medio,No,0,Bajo,Medio,Público,Neutral,3,No,Instituto,Lejana,Mujer,68,2,4
10,95,Alto,Medio,No,7,64,Alto,Sí,4,Bajo,Medio,Privado,Positiva,3,No,Postgrado,Cercana,Hombre,70,2,2
13,76,Bajo,Medio,Sí,10,97,Alto,Sí,4,Bajo,Bajo,Público,Neutral,3,No,Universidad,Moderada,Hombre,65,2,5
24,72,Alto,Alto,No,7,61,Medio,Sí,3,Bajo,Medio,Privado,Neutral,2,No,Instituto,Cercana,Mujer,67,2,2
24,69,Medio,Bajo,Sí,6,69,Medio,Sí,0,Bajo,Alto,Privado,Neutral,4,No,Universidad,Cercana,Hombre,65,2,2
18,81,Bajo,Medio,Sí,6,64,Medio,Sí,1,Medio,Medio,Público,Positiva,4,No,Instituto,Moderada,Mujer,65,2,2
14,65,Medio,Alto,Sí,9,97,Bajo,Sí,3,Bajo,Alto,Público,Positiva,4,No,Instituto,Cercana,Mujer,65,2,5
14,82,Alto,Bajo,Sí,8,91,Alto,Sí,1,Bajo,Medio,Público,Negativa,2,No,Instituto,Cercana,Hombre,66,2,5
18,60,Medio,Alto,No,5,91,Bajo,Sí,2,Bajo,Medio,Público,Negativa,4,Sí,Instituto,Cercana,Hombre,62,1,5
24,73,Medio,Medio,Sí,5,50,Bajo,Sí,1,Bajo,Medio,Público,Negativa,2,No,Instituto,Cercana,Hombre,63,1,1
26,69,Bajo,Bajo,Sí,7,84,Medio,Sí,0,Medio,Medio,Privado,Neutral,3,Sí,Instituto,Moderada,Hombre,63,1,4
17,99,Medio,Medio,Sí,8,62,Medio,Sí,3,Medio,Medio,Privado,Neutral,3,No,Instituto,Cercana,Hombre,70,2,2
13,89,Bajo,Alto,Sí,6,98,Medio,Sí,0,Medio,Medio,Privado,Negativa,4,No,Instituto,Cercana,Hombre,67,2,5
22,74,Alto,Alto,No,4,77,Bajo,Sí,0,Alto,Medio,Privado,Negativa,3,Sí,Instituto,Cercana,Hombre,66,2,3
15,64,Alto,Medio,No,5,78,Medio,Sí,2,Bajo,Medio,Público,Positiva,2,No,Instituto,Moderada,Hombre,63,1,3
17,81,Alto,Bajo,Sí,9,68,Alto,Sí,1,Bajo,Bajo,Privado,Positiva,3,No,Universidad,Cercana,Mujer,66,2,2
28,69,Bajo,Medio,No,8,77,Medio,Sí,3,Medio,Medio,Público,Neutral,4,No,Universidad,Moderada,Mujer,67,2,3
25,81,Medio,Medio,No,9,87,Bajo,Sí,1,Bajo,Alto,Privado,Negativa,1,No,Postgrado,Moderada,Mujer,68,2,4
21,93,Bajo,Alto,Sí,9,78,Bajo,Sí,1,Medio,Bajo,Público,Neutral,2,Sí,Instituto,Lejana,Hombre,67,2,3
12,85,Medio,Alto,Sí,6,82,Medio,Sí,1,Alto,Medio,Público,Neutral,2,No,Instituto,Lejana,Hombre,66,2,4
21,85,Alto,Alto,Sí,6,74,Medio,Sí,2,Medio,Medio,Público,Neutral,4,No,Instituto,Cercana,Mujer,71,2,3
26,82,Medio,Medio,Sí,7,86,Medio,Sí,0,Bajo,Alto,Público,Neutral,2,Sí,Postgrado,Cercana,Hombre,69,2,4
18,97,Alto,Bajo,Sí,8,95,Alto,Sí,1,Medio,Medio,Público,Positiva,2,No,Postgrado,Moderada,Hombre,72,2,5
28,97,Alto,Bajo,Sí,9,53,Bajo,Sí,0,Bajo,Medio,Privado,Negativa,3,No,Universidad,Moderada,Mujer,70,2,1
28,81,Medio,Medio,Sí,10,55,Medio,Sí,2,Medio,Bajo,Privado,Neutral,3,No,Instituto,Cercana,Hombre,68,2,1
30,72,Medio,Medio,No,8,84,Medio,Sí,1,Bajo,Alto,Privado,Positiva,1,No,Instituto,Cercana,Hombre,68,2,4
22,78,Bajo,Alto,Sí,8,69,Alto,Sí,2,Bajo,Medio,Público,Negativa,2,No,Instituto,Cercana,Mujer,67,2,2
24,67,Medio,Medio,No,10,64,Bajo,Sí,1,Bajo,Medio,Público,Positiva,2,Sí,Universidad,Lejana,Mujer,62,1,2
28,85,Medio,Bajo,No,7,59,Bajo,Sí,1,Bajo,Medio,Público,Neutral,3,No,Postgrado,Lejana,Hombre,67,2,1
23,80,Alto,Medio,No,9,79,Medio,Sí,1,Medio,Alto,Público,Negativa,2,No,Postgrado,Cercana,Hombre,69,2,3
17,64,Medio,Alto,Sí,8,67,Medio,Sí,3,Bajo,Medio,Público,Negativa,3,No,Universidad,Cercana,Hombre,64,1,2
17,68,Medio,Alto,Sí,8,75,Medio,Sí,2,Bajo,Alto,Privado,Positiva,3,No,Universidad,Cercana,Mujer,66,2,3
21,79,Alto,Bajo,Sí,7,98,Alto,Sí,2,Bajo,Medio,Público,Positiva,1,No,Instituto,Cercana,Hombre,69,2,5
12,96,Alto,Alto,No,5,88,Alto,Sí,0,Medio,Medio,Privado,Positiva,2,No,Universidad,Moderada,Mujer,70,2,4
19,83,Alto,Medio,No,8,90,Bajo,Sí,3,Bajo,Medio,Público,Positiva,3,No,Universidad,Moderada,Mujer,69,2,5
27,87,Medio,Medio,Sí,8,56,Medio,Sí,3,Medio,Alto,Público,Neutral,3,No,Postgrado,Cercana,Hombre,72,2,1
7,74,Medio,Medio,Sí,6,66,Bajo,Sí,1,Bajo,Alto,Privado,Positiva,2,No,Instituto,Cercana,Mujer,61,1,2
29,83,Medio,Medio,No,7,55,Alto,Sí,2,Bajo,Bajo,Privado,Negativa,4,No,Instituto,Cercana,Mujer,68,2,1
27,78,Medio,Medio,No,6,98,Bajo,Sí,1,Medio,Medio,Público,Positiva,3,No,Instituto,Lejana,Hombre,68,2,5
17,86,Bajo,Medio,No,6,84,Alto,Sí,0,Medio,Medio,Privado,Neutral,3,No,Instituto,Cercana,Mujer,66,2,4
23,62,Medio,Medio,No,6,51,Medio,Sí,5,Alto,Medio,Público,Negativa,2,No,Universidad,Cercana,Hombre,65,2,1
20,80,Alto,Bajo,Sí,5,74,Medio,Sí,2,Bajo,Bajo,Público,Negativa,4,No,Universidad,Moderada,Mujer,66,2,3
27,72,Medio,Medio,No,6,63,Medio,Sí,1,Alto,Medio,Privado,Negativa,5,No,Universidad,Moderada,Mujer,67,2,2
26,73,Medio,Alto,No,8,77,Medio,Sí,0,Medio,Alto,Privado,Positiva,2,No,Universidad,Lejana,Hombre,68,2,3
12,98,Bajo,Medio,No,9,59,Bajo,Sí,1,Alto,Medio,Público,Neutral,2,No,Postgrado,Cercana,Mujer,67,2,1
24,67,Bajo,Medio,Sí,10,53,Medio,Sí,0,Medio,Medio,Público,Positiva,3,Sí,Universidad,Cercana,Mujer,63,1,1
19,72,Medio,Bajo,No,6,66,Medio,Sí,0,Medio,Alto,Privado,Neutral,2,No,Postgrado,Cercana,Hombre,64,1,2
20,80,Medio,Bajo,No,9,65,Alto,Sí,1,Medio,Medio,Privado,Positiva,3,No,Universidad,Lejana,Hombre,66,2,2
16,95,Alto,Medio,Sí,8,86,Medio,Sí,0,Bajo,Bajo,Público,Positiva,4,No,Instituto,Moderada,Hombre,69,2,4
30,77,Medio,Bajo,Sí,7,74,Medio,Sí,3,Alto,Medio,Privado,Neutral,3,No,Postgrado,Moderada,Hombre,70,2,3
26,90,Medio,Medio,No,8,65,Alto,Sí,3,Medio,Alto,Privado,Positiva,2,No,Instituto,Cercana,Mujer,72,2,2
16,94,Medio,Alto,No,9,79,Alto,Sí,2,Alto,Medio,Público,Positiva,5,No,Instituto,Moderada,Mujer,71,2,3
12,72,Medio,Medio,Sí,6,54,Bajo,Sí,3,Bajo,Medio,Público,Positiva,2,No,Postgrado,Cercana,Hombre,63,1,1
18,76,Alto,Alto,No,6,83,Medio,Sí,1,Alto,Medio,Público,Neutral,4,No,Instituto,Cercana,Hombre,68,2,4
23,74,Medio,Alto,Sí,6,57,Bajo,No,1,Alto,Alto,Privado,Neutral,3,No,Universidad,Cercana,Hombre,67,2,1
21,93,Medio,Bajo,No,6,64,Medio,Sí,2,Bajo,Medio,Público,Positiva,4,No,Postgrado,Moderada,Hombre,69,2,2
28,62,Medio,Medio,No,9,64,Alto,Sí,1,Bajo,Medio,Privado,Negativa,2,No,Postgrado,Cercana,Hombre,65,2,2
25,72,Alto,Bajo,Sí,6,73,Alto,Sí,4,Medio,Alto,Público,Neutral,4,No,Universidad,Moderada,Hombre,69,2,3
26,87,Medio,Medio,No,6,98,Alto,Sí,0,Medio,Alto,Público,Negativa,4,No,Universidad,Moderada,Hombre,71,2,5
22,83,Medio,Bajo,Sí,7,66,Medio,Sí,2,Medio,Medio,Privado,Neutral,3,No,Instituto,Cercana,Mujer,67,2,2
12,77,Bajo,Medio,No,7,64,Bajo,Sí,2,Alto,Alto,Público,Positiva,4,No,Universidad,Moderada,Mujer,64,1,2
19,82,Alto,Medio,Sí,6,58,Bajo,Sí,2,Medio,Alto,Privado,Positiva,3,No,Universidad,Cercana,Mujer,68,2,1
26,68,Alto,Bajo,Sí,10,70,Medio,Sí,1,Bajo,Medio,Público,Positiva,3,No,Universidad,Cercana,Hombre,67,2,2
20,77,Bajo,Bajo,No,6,59,Bajo,Sí,1,Alto,Medio,Público,Negativa,2,No,Instituto,Moderada,Mujer,62,1,1
23,80,Alto,Medio,No,7,57,Bajo,Sí,2,Medio,Alto,Público,Negativa,2,No,Postgrado,Moderada,Mujer,68,2,1
18,96,Medio,Medio,Sí,4,93,Medio,Sí,0,Medio,Alto,Público,Positiva,4,No,Universidad,Cercana,Mujer,72,2,5
14,70,Medio,Alto,Sí,7,53,Bajo,Sí,0,Medio,Medio,Público,Negativa,3,No,Instituto,Moderada,Hombre,61,1,1
19,95,Bajo,Bajo,Sí,5,86,Medio,Sí,0,Alto,Medio,Público,Negativa,4,No,Instituto,Moderada,Hombre,67,2,4
22,86,Alto,Medio,No,6,60,Alto,Sí,0,Alto,Alto,Público,Neutral,3,No,Postgrado,Cercana,Hombre,70,2,1
16,61,Bajo,Medio,Sí,4,51,Bajo,Sí,1,Bajo,Medio,Público,Neutral,3,No,Instituto,Cercana,Hombre,59,1,1
19,89,Alto,Medio,Sí,6,90,Alto,Sí,0,Bajo,Alto,Privado,Negativa,4,No,Universidad,Moderada,Mujer,70,2,5
14,61,Bajo,Medio,No,7,85,Alto,Sí,1,Bajo,Medio,Público,Neutral,1,No,Instituto,Cercana,Mujer,60,1,4
27,100,Alto,Medio,No,7,67,Medio,Sí,1,Alto,Alto,Público,Neutral,3,No,Universidad,Moderada,Hombre,74,3,2
18,95,Bajo,Alto,Sí,6,54,Alto,Sí,0,Medio,Alto,Privado,Negativa,3,No,Universidad,Moderada,Hombre,68,2,1
29,72,Medio,Medio,No,7,68,Bajo,Sí,0,Bajo,Medio,Público,Positiva,3,No,Universidad,Cercana,Mujer,67,2,2
29,70,Medio,Bajo,No,6,59,Alto,Sí,2,Medio,Medio,Privado,Neutral,4,No,Postgrado,Lejana,Hombre,67,2,1
20,75,Bajo,Medio,Sí,7,97,Alto,Sí,0,Medio,Medio,Público,Neutral,2,No,Universidad,Cercana,Mujer,66,2,5
14,74,Medio,Medio,No,7,76,Alto,Sí,1,Bajo,Alto,Público,Neutral,2,No,Instituto,Lejana,Mujer,63,1,3
7,75,Medio,Medio,No,7,98,Bajo,No,1,Bajo,Alto,Público,Positiva,3,No,Universidad,Cercana,Hombre,62,1,5
11,73,Alto,Bajo,Sí,7,68,Alto,Sí,3,Bajo,Alto,Privado,Neutral,3,No,Universidad,Moderada,Mujer,64,1,2
12,85,Medio,Medio,Sí,6,78,Alto,Sí,3,Medio,Medio,Público,Neutral,4,No,Universidad,Cercana,Hombre,68,2,3
28,67,Medio,Medio,No,8,60,Alto,Sí,0,Medio,Medio,Público,Positiva,3,No,Instituto,Moderada,Mujer,65,2,1
21,94,Medio,Bajo,Sí,8,90,Bajo,Sí,1,Medio,Medio,Público,Positiva,4,No,Postgrado,Cercana,Mujer,71,2,5
22,92,Medio,Medio,Sí,7,52,Bajo,No,1,Medio,Medio,Privado,Negativa,3,No,Postgrado,Cercana,Mujer,68,2,1
7,79,Bajo,Alto,Sí,9,85,Medio,Sí,0,Medio,Medio,Público,Negativa,2,No,Instituto,Cercana,Hombre,62,1,4
13,94,Alto,Alto,Sí,7,70,Medio,Sí,1,Medio,Medio,Privado,Negativa,3,No,Instituto,Moderada,Hombre,68,2,2
25,70,Medio,Medio,Sí,7,79,Bajo,Sí,3,Alto,Medio,Público,Neutral,3,No,Instituto,Cercana,Hombre,68,2,3
22,61,Alto,Medio,Sí,7,80,Alto,Sí,3,Medio,Alto,Público,Neutral,3,No,Postgrado,Moderada,Hombre,67,2,4
19,85,Medio,Medio,Sí,7,86,Medio,Sí,0,Bajo,Medio,Público,Positiva,2,No,Universidad,Moderada,Mujer,67,2,4
23,78,Alto,Alto,Sí,6,60,Medio,Sí,2,Alto,Alto,Público,Positiva,4,No,Instituto,Lejana,Hombre,70,2,1
30,83,Bajo,Medio,Sí,4,77,Medio,Sí,0,Bajo,Medio,Público,Neutral,4,No,Instituto,Cercana,Mujer,69,2,3
19,96,Bajo,Medio,No,7,71,Medio,Sí,2,Bajo,Alto,Privado,Positiva,3,No,Postgrado,Moderada,Hombre,70,2,3
20,99,Medio,Bajo,No,8,64,Bajo,Sí,1,Alto,Medio,Público,Positiva,2,No,Instituto,Cercana,Hombre,69,2,2
21,85,Alto,Medio,Sí,5,75,Bajo,Sí,1,Alto,Alto,Público,Positiva,2,No,Instituto,Moderada,Mujer,70,2,3
34,91,Medio,Bajo,No,9,98,Medio,Sí,0,Medio,Medio,Público,Neutral,4,No,Instituto,Moderada,Hombre,72,2,5
7,63,Bajo,Medio,No,5,97,Medio,Sí,1,Bajo,Medio,Público,Neutral,2,No,Instituto,Cercana,Mujer,59,1,5
24,66,Medio,Medio,No,6,64,Medio,No,0,Medio,Alto,Público,Neutral,4,No,Instituto,Cercana,Hombre,64,1,2
19,89,Alto,Alto,Sí,10,94,Medio,Sí,0,Alto,Medio,Privado,Neutral,1,No,Universidad,Cercana,Mujer,72,2,5
23,77,Bajo,Alto,Sí,8,94,Medio,Sí,0,Alto,Medio,Privado,Positiva,3,No,Postgrado,Cercana,Hombre,70,2,5
16,78,Bajo,Alto,No,7,62,Medio,Sí,0,Alto,Alto,Público,Negativa,1,No,Instituto,Lejana,Mujer,63,1,2
20,72,Alto,Medio,Sí,7,80,Medio,Sí,1,Bajo,Alto,Privado,Negativa,3,No,Universidad,Cercana,Hombre,66,2,4
24,84,Alto,Alto,No,9,93,Medio,Sí,3,Alto,Medio,Público,Neutral,4,No,Instituto,Lejana,Hombre,72,2,5
39,67,Alto,Alto,Sí,5,76,Medio,No,2,Medio,Medio,Privado,Negativa,4,No,Instituto,Cercana,Mujer,71,2,3
25,85,Alto,Alto,No,9,68,Medio,Sí,1,Alto,Medio,Público,Negativa,3,No,Postgrado,Lejana,Mujer,71,2,2
15,67,Bajo,Medio,Sí,6,83,Bajo,Sí,3,Medio,Bajo,Público,Positiva,3,No,Instituto,Moderada,Hombre,62,1,4
17,63,Medio,Medio,Sí,8,59,Medio,Sí,1,Bajo,Alto,Público,Positiva,1,No,Postgrado,Moderada,Hombre,62,1,1
17,73,Medio,Bajo,No,6,58,Medio,Sí,4,Medio,Medio,Público,Positiva,1,No,Universidad,Cercana,Hombre,64,1,1
9,69,Alto,Alto,Sí,10,92,Medio,Sí,2,Bajo,Medio,Privado,Neutral,3,No,Postgrado,Cercana,Hombre,65,2,5
18,96,Alto,Bajo,Sí,7,52,Bajo,Sí,1,Bajo,Medio,Privado,Neutral,4,No,Universidad,Cercana,Mujer,68,2,1
24,62,Alto,Medio,Sí,5,90,Bajo,Sí,0,Alto,Medio,Privado,Positiva,3,No,Universidad,Cercana,Hombre,67,2,5
12,67,Medio,Medio,Sí,8,65,Bajo,Sí,1,Alto,Medio,Público,Neutral,3,No,Instituto,Moderada,Hombre,61,1,2
26,82,Bajo,Bajo,Sí,9,74,Alto,Sí,2,Medio,Medio,Público,Negativa,5,No,Instituto,Moderada,Mujer,68,2,3
23,79,Medio,Alto,No,9,77,Medio,Sí,1,Bajo,Alto,Público,Neutral,3,No,Instituto,Cercana,Hombre,68,2,3
16,62,Medio,Medio,No,7,88,Medio,Sí,1,Bajo,Alto,Público,Neutral,1,No,Instituto,Cercana,Mujer,62,1,4
19,60,Medio,Bajo,No,8,94,Alto,Sí,1,Bajo,Bajo,Privado,Neutral,3,No,Instituto,Cercana,Mujer,62,1,5
30,100,Alto,Alto,Sí,6,90,Bajo,Sí,0,Medio,Bajo,Público,Positiva,2,Sí,Instituto,Cercana,Hombre,74,3,5
24,86,Medio,Medio,Sí,8,79,Medio,No,0,Bajo,Medio,Público,Neutral,4,No,Instituto,Cercana,Mujer,68,2,3
20,75,Bajo,Alto,No,8,67,Medio,Sí,1,Alto,Bajo,Público,Positiva,4,No,Universidad,Moderada,Hombre,66,2,2
19,79,Medio,Medio,No,4,76,Alto,Sí,1,Medio,Medio,Privado,Neutral,3,No,Instituto,Cercana,Hombre,67,2,3
20,71,Alto,Medio,No,5,52,Alto,Sí,1,Medio,Alto,Público,Neutral,3,No,Instituto,Moderada,Hombre,65,2,1
17,74,Medio,Medio,Sí,7,62,Medio,Sí,2,Alto,Medio,Público,Positiva,4,No,Instituto,Cercana,Hombre,66,2,2
7,86,Alto,Medio,No,7,68,Medio,Sí,5,Bajo,Medio,Público,Positiva,4,No,Postgrado,Moderada,Hombre,67,2,2
32,95,Medio,Medio,Sí,7,66,Alto,Sí,5,Alto,Medio,Privado,Negativa,3,No,Universidad,Cercana,Hombre,76,3,2
21,67,Bajo,Alto,Sí,7,55,Alto,Sí,2,Alto,Alto,Privado,Positiva,3,No,Instituto,Moderada,Mujer,66,2,1
22,94,Bajo,Bajo,No,9,53,Alto,Sí,1,Medio,Alto,Público,Neutral,3,No,Universidad,Cercana,Mujer,68,2,1
20,65,Alto,Medio,Sí,8,71,Bajo,Sí,2,Bajo,Medio,Privado,Neutral,3,Sí,Universidad,Cercana,Mujer,63,1,3
16,69,Medio,Alto,Sí,4,54,Medio,Sí,4,Bajo,Bajo,Público,Positiva,4,No,Universidad,Cercana,Mujer,65,2,1
19,61,Alto,Medio,No,10,64,Medio,Sí,3,Bajo,Medio,Público,Positiva,3,No,Instituto,Moderada,Hombre,63,1,2
10,66,Medio,Medio,No,4,74,Bajo,Sí,2,Bajo,Medio,Público,Negativa,2,No,Instituto,Moderada,Hombre,59,1,3
34,97,Medio,Medio,No,8,60,Medio,Sí,2,Medio,Medio,Privado,Neutral,4,No,Instituto,Cercana,Hombre,74,3,1
13,78,Medio,Bajo,Sí,5,54,Bajo,Sí,2,Bajo,Alto,Público,Positiva,3,Sí,Universidad,Cercana,Hombre,62,1,1
14,63,Bajo,Bajo,Sí,9,72,Medio,Sí,3,Bajo,Bajo,Público,Positiva,4,Sí,Instituto,Cercana,Mujer,59,1,3
17,98,Medio,Alto,Sí,7,72,Alto,Sí,0,Bajo,Medio,Público,Positiva,3,No,Instituto,Cercana,Hombre,71,2,3
28,95,Medio,Medio,No,8,96,Medio,Sí,1,Medio,Medio,Público,Neutral,3,No,Postgrado,Moderada,Hombre,73,2,5
20,90,Alto,Medio,Sí,4,56,Medio,Sí,0,Bajo,Alto,Privado,Positiva,1,No,Instituto,Moderada,Hombre,68,2,1
13,97,Medio,Medio,Sí,8,81,Medio,Sí,3,Bajo,Medio,Público,Neutral,1,No,Instituto,Lejana,Hombre,68,2,4
28,69,Medio,Medio,Sí,8,66,Medio,Sí,0,Bajo,Medio,Público,Positiva,6,No,Universidad,Lejana,Hombre,66,2,2
24,93,Bajo,Alto,Sí,8,56,Medio,Sí,1,Bajo,Medio,Público,Neutral,3,No,Universidad,Moderada,Hombre,69,2,1
23,88,Medio,Medio,No,8,70,Medio,Sí,2,Medio,Alto,Público,Neutral,4,No,Instituto,Cercana,Mujer,70,2,2
24,95,Medio,Alto,Sí,7,71,Alto,Sí,1,Medio,Alto,Público,Positiva,3,No,Instituto,Cercana,Hombre,74,3,3
34,92,Alto,Medio,No,7,68,Bajo,Sí,0,Medio,Alto,Público,Positiva,5,No,Universidad,Cercana,Mujer,75,3,2
33,74,Medio,Medio,Sí,6,88,Medio,Sí,2,Medio,Medio,Privado,Neutral,3,No,Universidad,Cercana,Hombre,71,2,4
16,91,Alto,Alto,Sí,6,92,Bajo,Sí,2,Bajo,Alto,Privado,Positiva,3,No,Instituto,Moderada,Hombre,71,2,5
30,70,Medio,Medio,No,9,57,Medio,Sí,1,Bajo,Medio,Público,Negativa,4,No,Universidad,Lejana,Mujer,65,2,1
22,73,Bajo,Medio,No,6,58,Alto,Sí,1,Medio,Medio,Privado,Positiva,3,No,Postgrado,Moderada,Hombre,65,2,1
23,64,Medio,Alto,No,4,71,Bajo,Sí,2,Medio,Medio,Público,Negativa,1,No,Postgrado,Cercana,Hombre,65,2,3
10,97,Medio,Medio,No,6,66,Medio,Sí,2,Bajo,Medio,Público,Neutral,2,No,Postgrado,Cercana,Mujer,67,2,2
19,72,Medio,Medio,Sí,8,91,Alto,Sí,1,Bajo,Medio,Privado,Positiva,4,No,Instituto,Moderada,Hombre,67,2,5
15,81,Medio,Medio,Sí,7,100,Medio,Sí,1,Bajo,Medio,Público,Neutral,3,No,Postgrado,Moderada,Hombre,67,2,5
25,76,Alto,Alto,Sí,8,59,Medio,Sí,4,Medio,Medio,Privado,Neutral,4,No,Universidad,Cercana,Mujer,71,2,1
26,98,Alto,Bajo,No,4,88,Bajo,Sí,1,Medio,Alto,Público,Neutral,1,No,Universidad,Moderada,Mujer,72,2,4
8,73,Medio,Alto,Sí,4,80,Bajo,Sí,0,Bajo,Alto,Público,Neutral,4,No,Universidad,Moderada,Hombre,62,1,4
20,91,Alto,Bajo,Sí,7,82,Medio,Sí,0,Medio,Medio,Público,Neutral,4,No,Universidad,Cercana,Hombre,70,2,4
27,94,Medio,Alto,No,9,63,Alto,Sí,0,Bajo,Medio,Público,Neutral,4,No,Universidad,Cercana,Mujer,72,2,2
19,77,Bajo,Medio,Sí,4,55,Medio,Sí,0,Medio,Bajo,Público,Positiva,4,No,Universidad,Moderada,Hombre,64,1,1
24,75,Alto,Bajo,Sí,8,77,Alto,Sí,1,Bajo,Medio,Privado,Negativa,1,No,Universidad,Moderada,Hombre,66,2,3
22,90,Bajo,Medio,Sí,9,81,Medio,Sí,0,Medio,Medio,Público,Neutral,4,No,Instituto,Cercana,Hombre,69,2,4
22,97,Alto,Medio,No,7,98,Alto,Sí,0,Medio,Medio,Público,Negativa,0,No,Universidad,Moderada,Mujer,71,2,5
18,90,Medio,Bajo,No,8,84,Alto,Sí,2,Bajo,Alto,Privado,Positiva,3,No,Instituto,Moderada,Hombre,68,2,4
13,69,Medio,Medio,Sí,7,72,Bajo,Sí,2,Alto,Medio,Público,Positiva,2,No,Instituto,Moderada,Mujer,63,1,3
13,96,Medio,Alto,Sí,7,100,Medio,No,4,Medio,Alto,Público,Negativa,3,No,Instituto,Cercana,Hombre,71,2,5
24,76,Alto,Bajo,Sí,8,69,Bajo,Sí,3,Bajo,Medio,Privado,Negativa,1,No,Instituto,Cercana,Hombre,65,2,2
20,83,Bajo,Alto,Sí,10,58,Medio,Sí,0,Bajo,Alto,Público,Neutral,1,No,Instituto,Cercana,Mujer,66,2,1
19,93,Bajo,Bajo,Sí,6,81,Medio,Sí,2,Alto,Medio,Privado,Positiva,3,Sí,Universidad,Moderada,Mujer,68,2,4
17,68,Medio,Medio,Sí,7,63,Medio,No,0,Bajo,Medio,Público,Neutral,3,No,Instituto,Moderada,Hombre,61,1,2
18,91,Bajo,Alto,No,6,96,Medio,Sí,2,Bajo,Medio,Privado,Positiva,3,No,Postgrado,Cercana,Hombre,71,2,5
26,84,Medio,Alto,Sí,7,71,Medio,Sí,0,Medio,Medio,Público,Neutral,2,No,Instituto,Cercana,Mujer,70,2,3
18,96,Alto,Bajo,No,7,57,Bajo,Sí,1,Bajo,Medio,Público,Negativa,3,No,Instituto,Moderada,Mujer,66,2,1
12,67,Alto,Medio,Sí,9,57,Bajo,Sí,0,Bajo,Medio,Privado,Positiva,2,No,Universidad,Moderada,Hombre,61,1,1
24,77,Alto,Bajo,Sí,9,82,Bajo,Sí,1,Medio,Medio,Privado,Neutral,2,No,Instituto,Cercana,Hombre,67,2,4
19,93,Alto,Medio,Sí,8,68,Medio,Sí,1,Alto,Alto,Público,Positiva,3,No,Postgrado,Cercana,Mujer,72,2,2
20,61,Alto,Alto,No,9,68,Medio,Sí,1,Alto,Bajo,Privado,Positiva,3,No,Instituto,Cercana,Mujer,65,2,2
30,64,Alto,Medio,No,6,81,Bajo,Sí,3,Medio,Medio,Público,Negativa,2,No,Universidad,Cercana,Mujer,68,2,4
20,100,Bajo,Medio,Sí,6,61,Alto,No,3,Medio,Medio,Público,Positiva,4,No,Universidad,Lejana,Hombre,70,2,2
22,71,Medio,Bajo,Sí,8,57,Medio,Sí,1,Bajo,Alto,Público,Negativa,4,No,Instituto,Moderada,Hombre,63,1,1
13,99,Alto,Bajo,No,7,83,Medio,Sí,1,Medio,Medio,Público,Neutral,4,No,Postgrado,Lejana,Mujer,69,2,4
19,67,Medio,Bajo,No,10,50,Medio,Sí,0,Alto,Medio,Público,Positiva,3,No,Instituto,Cercana,Hombre,62,1,1
24,74,Alto,Alto,No,4,95,Alto,Sí,1,Alto,Medio,Público,Neutral,4,No,Postgrado,Moderada,Mujer,71,2,5
11,90,Bajo,Bajo,Sí,8,59,Bajo,Sí,1,Bajo,Alto,Público,Positiva,4,No,Instituto,Cercana,Hombre,64,1,1
21,86,Alto,Medio,No,8,72,Medio,Sí,0,Alto,Alto,Público,Positiva,3,No,Instituto,Moderada,Hombre,69,2,3
21,83,Medio,Alto,Sí,6,61,Alto,Sí,2,Bajo,Alto,Público,Positiva,3,No,Postgrado,Cercana,Hombre,71,2,2
20,81,Bajo,Medio,Sí,6,61,Bajo,No,0,Bajo,Medio,Público,Positiva,4,Sí,Instituto,Cercana,Mujer,63,1,2
26,94,Bajo,Alto,Sí,6,92,Bajo,Sí,1,Bajo,Alto,Público,Neutral,3,No,Instituto,Cercana,Mujer,72,2,5
22,69,Medio,Medio,Sí,5,79,Medio,Sí,1,Bajo,Bajo,Público,Positiva,3,No,Universidad,Cercana,Hombre,66,2,3
29,78,Alto,Medio,Sí,9,66,Medio,Sí,2,Bajo,Medio,Público,Neutral,4,No,Instituto,Moderada,Hombre,69,2,2
14,66,Medio,Medio,Sí,10,63,Bajo,Sí,0,Bajo,Medio,Público,Positiva,3,No,Instituto,Moderada,Hombre,60,1,2
21,84,Alto,Alto,Sí,6,61,Bajo,Sí,1,Medio,Alto,Privado,Negativa,4,No,Instituto,Moderada,Mujer,68,2,2
21,70,Medio,Alto,No,6,78,Medio,Sí,3,Medio,Bajo,Público,Neutral,2,No,Universidad,Lejana,Hombre,65,2,3
14,73,Alto,Medio,No,5,87,Alto,Sí,2,Medio,Medio,Público,Positiva,4,No,Universidad,Cercana,Mujer,67,2,4
26,79,Medio,Bajo,Sí,5,63,Medio,Sí,0,Bajo,Medio,Público,Positiva,2,No,Instituto,Cercana,Hombre,66,2,2
34,61,Medio,Medio,Sí,6,67,Alto,Sí,1,Alto,Medio,Privado,Neutral,2,No,Postgrado,Moderada,Hombre,68,2,2
20,64,Bajo,Medio,Sí,9,86,Medio,Sí,0,Bajo,Alto,Privado,Negativa,4,No,Instituto,Cercana,Mujer,63,1,4
23,87,Alto,Alto,Sí,10,87,Medio,Sí,1,Medio,Medio,Privado,Positiva,3,No,Universidad,Cercana,Hombre,73,2,4
21,77,Medio,Medio,Sí,6,60,Medio,Sí,1,Medio,Medio,Privado,Neutral,3,No,Universidad,Moderada,Hombre,66,2,1
16,95,Bajo,Medio,Sí,6,69,Bajo,Sí,2,Bajo,Alto,Público,Neutral,3,Sí,Universidad,Cercana,Hombre,67,2,2
9,88,Bajo,Medio,Sí,5,93,Bajo,Sí,2,Medio,Medio,Público,Neutral,4,No,Postgrado,Cercana,Hombre,66,2,5
16,60,Medio,Bajo,No,8,87,Bajo,Sí,0,Bajo,Bajo,Público,Positiva,5,No,Instituto,Cercana,Hombre,60,1,4
12,85,Alto,Alto,No,8,58,Bajo,Sí,1,Bajo,Alto,Público,Positiva,3,No,Postgrado,Cercana,Hombre,67,2,1
30,64,Medio,Medio,No,7,69,Medio,Sí,3,Alto,Bajo,Público,Negativa,4,No,Instituto,Cercana,Mujer,67,2,2
19,91,Medio,Medio,Sí,6,99,Alto,Sí,0,Medio,Medio,Público,Neutral,2,No,Instituto,Cercana,Mujer,70,2,5
18,100,Alto,Bajo,No,9,76,Bajo,Sí,1,Bajo,Medio,Público,Positiva,2,No,Instituto,Cercana,Mujer,69,2,3
25,81,Medio,Bajo,Sí,8,86,Medio,Sí,1,Bajo,Medio,Público,Negativa,3,No,Postgrado,Cercana,Hombre,68,2,4
13,87,Alto,Bajo,Sí,8,55,Alto,Sí,1,Alto,Alto,Privado,Positiva,3,No,Instituto,Cercana,Mujer,67,2,1
15,69,Medio,Alto,No,8,92,Bajo,Sí,0,Bajo,Medio,Público,Neutral,1,No,Universidad,Moderada,Hombre,63,1,5
20,78,Alto,Medio,No,7,80,Alto,Sí,2,Alto,Medio,Público,Positiva,3,No,Universidad,Cercana,Hombre,70,2,4
26,94,Bajo,Medio,No,6,59,Alto,Sí,4,Bajo,Medio,Público,Neutral,3,No,Instituto,Cercana,Mujer,71,2,1
23,67,Alto,Alto,Sí,8,69,Bajo,Sí,1,Alto,Medio,Público,Neutral,2,No,Instituto,Cercana,Mujer,67,2,2
21,71,Medio,Medio,No,8,54,Alto,Sí,1,Medio,Medio,Privado,Neutral,3,No,Instituto,Cercana,Hombre,64,1,1
20,78,Bajo,Medio,No,8,89,Alto,No,0,Medio,Medio,Privado,Neutral,4,No,Universidad,Cercana,Mujer,66,2,4
22,88,Medio,Medio,Sí,5,87,Bajo,Sí,1,Bajo,Alto,Público,Neutral,3,No,Postgrado,Cercana,Hombre,70,2,4
21,75,Medio,Bajo,Sí,8,75,Alto,Sí,1,Medio,Medio,Privado,Negativa,2,No,Instituto,Moderada,Hombre,65,2,3
14,97,Bajo,Medio,Sí,7,73,Medio,Sí,2,Medio,Bajo,Público,Positiva,3,No,Universidad,Moderada,Hombre,68,2,3
20,64,Medio,Bajo,Sí,6,73,Alto,Sí,3,Medio,Alto,Público,Negativa,5,No,Postgrado,Lejana,Mujer,65,2,3
14,75,Alto,Medio,No,8,52,Medio,Sí,3,Medio,Medio,Público,Neutral,1,No,Postgrado,Cercana,Hombre,65,2,1
20,88,Medio,Medio,Sí,7,68,Medio,Sí,0,Bajo,Alto,Público,Positiva,4,No,Universidad,Cercana,Mujer,69,2,2
17,69,Medio,Medio,No,10,56,Medio,Sí,1,Medio,Medio,Público,Neutral,4,No,Instituto,Cercana,Mujer,63,1,1
35,86,Bajo,Medio,No,8,59,Medio,Sí,2,Bajo,Bajo,Público,Positiva,2,No,Universidad,Moderada,Mujer,70,2,1
20,67,Bajo,Bajo,Sí,7,98,Medio,Sí,1,Medio,Medio,Público,Neutral,4,No,Universidad,Cercana,Hombre,64,1,5
12,62,Medio,Alto,Sí,7,63,Alto,Sí,1,Alto,Medio,Público,Neutral,4,No,Instituto,Cercana,Mujer,62,1,2
19,65,Alto,Alto,Sí,5,74,Medio,Sí,1,Bajo,Medio,Privado,Positiva,3,No,Instituto,Cercana,Mujer,66,2,3
23,97,Alto,Bajo,Sí,9,94,Alto,Sí,2,Bajo,Medio,Público,Positiva,3,No,Instituto,Moderada,Hombre,73,2,5
30,82,Medio,Alto,Sí,7,71,Medio,Sí,3,Bajo,Alto,Público,Neutral,3,No,Postgrado,Lejana,Mujer,72,2,3
16,92,Medio,Medio,Sí,7,76,Alto,No,0,Alto,Medio,Privado,Neutral,2,No,Postgrado,Lejana,Hombre,68,2,3
11,73,Medio,Alto,No,5,58,Medio,No,0,Medio,Medio,Privado,Positiva,4,No,Universidad,Cercana,Hombre,62,1,1
25,84,Medio,Bajo,No,8,64,Medio,Sí,2,Bajo,Medio,Privado,Neutral,4,No,Instituto,Cercana,Hombre,67,2,2
12,80,Medio,Bajo,No,6,75,Medio,Sí,1,Bajo,Alto,Público,Negativa,4,No,Instituto,Moderada,Hombre,62,1,3
17,98,Alto,Alto,No,6,68,Medio,Sí,2,Medio,Medio,Público,Positiva,3,No,Instituto,Cercana,Hombre,72,2,2
18,90,Bajo,Alto,No,7,52,Alto,Sí,2,Medio,Alto,Público,Negativa,2,No,Instituto,Cercana,Hombre,67,2,1
20,89,Alto,Medio,Sí,6,70,Bajo,Sí,1,Bajo,Medio,Privado,Positiva,3,No,Instituto,Moderada,Mujer,68,2,2
24,62,Bajo,Alto,Sí,6,91,Medio,Sí,2,Medio,Medio,Público,Neutral,3,No,Instituto,Moderada,Mujer,65,2,5
16,82,Medio,Medio,No,7,56,Bajo,Sí,0,Alto,Alto,Privado,Negativa,1,Sí,Instituto,Lejana,Mujer,79,3,1
18,79,Alto,Bajo,No,9,51,Alto,Sí,2,Medio,Medio,Privado,Positiva,3,No,Instituto,Cercana,Hombre,66,2,1
20,97,Medio,Medio,Sí,8,56,Bajo,Sí,1,Bajo,Medio,Privado,Neutral,2,No,Instituto,Cercana,Mujer,68,2,1
21,70,Bajo,Bajo,Sí,8,84,Medio,Sí,1,Alto,Alto,Público,Positiva,3,Sí,Postgrado,Cercana,Hombre,65,2,4
21,71,Medio,Alto,Sí,8,90,Medio,Sí,3,Bajo,Medio,Público,Neutral,4,No,Instituto,Moderada,Mujer,67,2,5
23,76,Medio,Alto,Sí,6,52,Bajo,Sí,3,Medio,Medio,Público,Neutral,4,No,Universidad,Moderada,Hombre,67,2,1
25,70,Bajo,Medio,Sí,9,94,Medio,Sí,1,Medio,Medio,Público,Neutral,4,No,Instituto,Moderada,Hombre,67,2,5
22,65,Medio,Medio,Sí,4,81,Alto,Sí,5,Medio,Medio,Público,Positiva,4,No,Universidad,Lejana,Mujer,68,2,4
23,94,Medio,Alto,No,8,76,Bajo,Sí,3,Medio,Medio,Público,Positiva,3,No,Instituto,Moderada,Hombre,72,2,3
11,82,Alto,Medio,No,8,63,Alto,Sí,1,Medio,Medio,Público,Neutral,5,No,Instituto,Cercana,Hombre,65,2,2
20,94,Bajo,Medio,No,7,69,Bajo,Sí,0,Bajo,Medio,Público,Positiva,3,Sí,Instituto,Moderada,Mujer,65,2,2
23,93,Medio,Medio,Sí,6,97,Bajo,No,1,Medio,Medio,Público,Positiva,2,No,Universidad,Moderada,Hombre,70,2,5
24,71,Medio,Medio,Sí,7,96,Medio,Sí,2,Bajo,Medio,Público,Negativa,2,No,Instituto,Cercana,Hombre,67,2,5
16,82,Medio,Alto,Sí,6,81,Medio,Sí,1,Medio,Medio,Privado,Neutral,4,No,Universidad,Cercana,Hombre,68,2,4
16,63,Medio,Medio,No,8,79,Medio,Sí,2,Bajo,Alto,Público,Positiva,3,No,Universidad,Moderada,Hombre,63,1,3
17,97,Medio,Medio,Sí,8,61,Bajo,Sí,2,Bajo,Medio,Público,Neutral,2,No,Instituto,Cercana,Hombre,68,2,2
23,76,Medio,Alto,Sí,8,98,Medio,Sí,0,Medio,Bajo,Público,Neutral,2,No,Postgrado,Moderada,Mujer,69,2,5
26,76,Bajo,Bajo,Sí,8,88,Bajo,Sí,2,Bajo,Bajo,Público,Positiva,4,No,Instituto,Cercana,Hombre,66,2,4
18,72,Alto,Medio,Sí,8,69,Alto,No,2,Alto,Medio,Público,Neutral,4,Sí,Instituto,Lejana,Mujer,64,1,2
25,78,Alto,Bajo,Sí,8,91,Medio,Sí,3,Bajo,Medio,Público,Negativa,4,No,Instituto,Cercana,Hombre,69,2,5
21,70,Bajo,Medio,No,6,61,Medio,Sí,1,Bajo,Medio,Público,Neutral,3,No,Instituto,Cercana,Hombre,62,1,2
19,75,Medio,Alto,Sí,5,61,Alto,Sí,0,Medio,Medio,Público,Negativa,3,No,Instituto,Cercana,Mujer,65,2,2
19,92,Medio,Medio,Sí,7,90,Medio,Sí,1,Bajo,Alto,Público,Positiva,2,No,Instituto,Cercana,Mujer,70,2,5
24,93,Bajo,Alto,Sí,8,78,Medio,Sí,1,Alto,Medio,Público,Neutral,4,No,Instituto,Cercana,Mujer,72,2,3
22,72,Medio,Medio,No,5,78,Alto,Sí,1,Bajo,Alto,Público,Positiva,3,No,Instituto,Cercana,Mujer,66,2,3
34,79,Alto,Bajo,Sí,7,79,Bajo,Sí,3,Medio,Alto,Privado,Negativa,2,Sí,Instituto,Moderada,Hombre,70,2,3
15,95,Medio,Medio,No,9,56,Medio,No,3,Bajo,Alto,Público,Positiva,1,No,Instituto,Cercana,Hombre,67,2,1
23,62,Alto,Alto,Sí,7,67,Bajo,Sí,1,Bajo,Medio,Público,Negativa,4,No,Postgrado,Moderada,Mujer,65,2,2
17,96,Medio,Bajo,Sí,9,79,Bajo,No,3,Medio,Medio,Privado,Neutral,2,No,Postgrado,Moderada,Hombre,68,2,3
15,69,Bajo,Medio,Sí,9,62,Bajo,Sí,2,Medio,Alto,Público,Neutral,3,No,Instituto,Moderada,Hombre,62,1,2
20,87,Bajo,Medio,Sí,7,75,Alto,Sí,1,Bajo,Medio,Público,Negativa,3,No,Postgrado,Cercana,Hombre,68,2,3
21,83,Alto,Medio,No,6,78,Medio,Sí,2,Alto,Alto,Público,Positiva,3,Sí,Instituto,Cercana,Mujer,69,2,3
38,82,Medio,Bajo,No,6,97,Bajo,Sí,2,Bajo,Medio,Privado,Negativa,3,No,Universidad,Cercana,Hombre,72,2,5
19,94,Bajo,Medio,No,7,62,Medio,Sí,0,Medio,Medio,Público,Negativa,3,Sí,Instituto,Moderada,Hombre,65,2,2
13,64,Medio,Alto,Sí,5,72,Medio,Sí,2,Medio,Medio,Privado,Neutral,2,No,Postgrado,Moderada,Hombre,63,1,3
22,74,Alto,Alto,Sí,5,99,Medio,Sí,0,Bajo,Medio,Público,Neutral,2,No,Universidad,Cercana,Mujer,68,2,5
8,82,Alto,Bajo,No,4,59,Medio,Sí,1,Medio,Medio,Público,Neutral,2,No,Universidad,Cercana,Hombre,62,1,1
19,92,Medio,Medio,Sí,7,89,Medio,No,0,Bajo,Alto,Privado,Neutral,2,No,Postgrado,Cercana,Hombre,69,2,4
20,69,Medio,Bajo,No,10,59,Medio,Sí,2,Alto,Alto,Público,Positiva,4,No,Instituto,Cercana,Mujer,65,2,1
25,92,Alto,Medio,No,4,93,Alto,Sí,3,Alto,Medio,Público,Neutral,2,No,Instituto,Cercana,Mujer,74,3,5
26,76,Alto,Bajo,Sí,7,74,Medio,Sí,4,Medio,Alto,Público,Positiva,3,No,Instituto,Moderada,Mujer,70,2,3
17,68,Medio,Bajo,Sí,7,99,Alto,Sí,2,Medio,Medio,Público,Positiva,3,No,Instituto,Cercana,Mujer,65,2,5
19,90,Alto,Alto,No,7,59,Bajo,Sí,3,Alto,Medio,Público,Neutral,3,No,Universidad,Moderada,Hombre,70,2,1
15,64,Bajo,Bajo,Sí,9,84,Bajo,Sí,0,Medio,Medio,Público,Neutral,3,No,Universidad,Lejana,Hombre,59,1,4
13,81,Bajo,Medio,Sí,6,85,Bajo,Sí,1,Bajo,Medio,Privado,Neutral,3,No,Instituto,Moderada,Hombre,63,1,4
22,63,Bajo,Alto,Sí,4,86,Bajo,Sí,0,Bajo,Alto,Público,Neutral,4,No,Universidad,Cercana,Mujer,64,1,4
12,74,Bajo,Alto,Sí,6,55,Alto,Sí,0,Medio,Bajo,Público,Positiva,3,No,Postgrado,Cercana,Hombre,63,1,1
18,84,Alto,Bajo,No,6,64,Medio,Sí,2,Bajo,Alto,Público,Positiva,2,No,Instituto,Cercana,Mujer,67,2,2
14,82,Medio,Medio,Sí,4,67,Medio,Sí,1,Alto,Medio,Público,Neutral,4,No,Instituto,Moderada,Mujer,65,2,2
23,76,Medio,Medio,No,7,66,Medio,Sí,2,Medio,Medio,Público,Neutral,3,No,Universidad,Cercana,Hombre,67,2,2
31,77,Alto,Medio,No,5,84,Medio,Sí,2,Alto,Alto,Público,Positiva,5,No,Instituto,Cercana,Hombre,73,2,4
12,69,Alto,Alto,Sí,7,53,Bajo,Sí,2,Bajo,Alto,Público,Neutral,3,No,Universidad,Cercana,Hombre,64,1,1
9,78,Bajo,Alto,No,6,87,Medio,Sí,0,Medio,Alto,Privado,Positiva,3,No,Postgrado,Cercana,Hombre,65,2,4
19,98,Medio,Alto,Sí,5,76,Medio,Sí,2,Medio,Medio,Privado,Positiva,3,No,Instituto,Moderada,Hombre,72,2,3
20,94,Alto,Medio,No,8,59,Alto,Sí,3,Medio,Medio,Público,Positiva,4,No,Instituto,Cercana,Mujer,72,2,1
21,66,Alto,Medio,No,7,61,Medio,Sí,2,Alto,Alto,Público,Neutral,2,No,Universidad,Cercana,Hombre,66,2,2
17,61,Alto,Medio,Sí,7,55,Alto,Sí,1,Medio,Medio,Privado,Negativa,2,Sí,Universidad,Cercana,Hombre,62,1,1
19,97,Bajo,Medio,No,8,73,Medio,Sí,2,Medio,Medio,Privado,Negativa,1,No,Universidad,Cercana,Hombre,68,2,3
22,81,Medio,Bajo,Sí,7,80,Bajo,Sí,1,Medio,Medio,Público,Positiva,3,No,Universidad,Moderada,Mujer,67,2,4
26,82,Alto,Bajo,No,7,79,Medio,Sí,1,Medio,Medio,Público,Positiva,2,Sí,Postgrado,Cercana,Mujer,69,2,3
8,91,Alto,Bajo,No,6,98,Medio,Sí,1,Medio,Medio,Privado,Positiva,3,No,Instituto,Cercana,Mujer,67,2,5
18,73,Medio,Medio,No,5,65,Medio,Sí,1,Bajo,Alto,Público,Negativa,3,No,Universidad,Moderada,Mujer,63,1,2
21,79,Bajo,Medio,Sí,7,88,Bajo,Sí,0,Bajo,Medio,Privado,Negativa,4,No,Instituto,Moderada,Hombre,65,2,4
14,99,Alto,Medio,No,6,86,Bajo,Sí,2,Alto,Alto,Privado,Negativa,4,No,Universidad,Cercana,Hombre,71,2,4
30,87,Medio,Medio,No,8,53,Bajo,Sí,1,Bajo,Alto,Privado,Neutral,1,No,Postgrado,Cercana,Hombre,70,2,1
16,66,Medio,Medio,Sí,7,97,Medio,Sí,5,Bajo,Alto,Público,Positiva,3,No,Postgrado,Cercana,Hombre,68,2,5
20,65,Medio,Medio,Sí,8,97,Alto,Sí,0,Bajo,Medio,Público,Negativa,3,No,Universidad,Cercana,Mujer,65,2,5
23,68,Medio,Alto,Sí,6,70,Medio,Sí,4,Medio,Medio,Público,Positiva,2,No,Instituto,Cercana,Hombre,68,2,2
16,91,Medio,Medio,Sí,5,71,Medio,Sí,2,Alto,Medio,Público,Negativa,3,No,Universidad,Cercana,Hombre,69,2,3
9,72,Medio,Alto,Sí,10,91,Medio,No,1,Alto,Medio,Público,Neutral,2,No,Instituto,Lejana,Mujer,62,1,5
17,61,Bajo,Alto,Sí,7,75,Medio,No,2,Medio,Alto,Público,Negativa,4,No,Universidad,Cercana,Mujer,62,1,3
26,98,Alto,Bajo,No,8,90,Bajo,Sí,1,Alto,Bajo,Público,Positiva,2,Sí,Postgrado,Moderada,Mujer,72,2,5
18,67,Alto,Medio,No,5,52,Alto,Sí,0,Medio,Medio,Privado,Neutral,4,No,Postgrado,Moderada,Hombre,64,1,1
15,60,Alto,Medio,No,7,63,Bajo,Sí,0,Bajo,Alto,Público,Positiva,1,Sí,Instituto,Lejana,Mujer,58,1,2
26,69,Alto,Medio,No,9,55,Bajo,Sí,1,Bajo,Medio,Público,Neutral,3,No,Universidad,Cercana,Hombre,66,2,1
18,69,Medio,Bajo,Sí,5,73,Bajo,Sí,1,Bajo,Alto,Público,Positiva,4,No,Postgrado,Moderada,Hombre,64,1,3
17,77,Medio,Alto,Sí,10,93,Bajo,Sí,3,Alto,Alto,Privado,Positiva,1,No,Universidad,Lejana,Mujer,68,2,5
21,97,Bajo,Bajo,No,7,78,Medio,Sí,0,Alto,Medio,Público,Neutral,3,No,Postgrado,Cercana,Mujer,69,2,3
25,95,Bajo,Alto,No,6,76,Medio,Sí,1,Bajo,Medio,Público,Positiva,5,No,Instituto,Cercana,Hombre,71,2,3
34,78,Medio,Alto,Sí,8,68,Medio,Sí,1,Medio,Medio,Público,Negativa,2,No,Universidad,Cercana,Hombre,71,2,2
25,76,Medio,Medio,Sí,9,53,Medio,Sí,0,Alto,Alto,Privado,Positiva,3,No,Instituto,Moderada,Hombre,67,2,1
27,82,Alto,Bajo,Sí,6,88,Medio,Sí,2,Alto,Alto,Privado,Neutral,3,No,Instituto,Cercana,Hombre,71,2,4
17,70,Medio,Medio,Sí,6,79,Bajo,Sí,2,Medio,Medio,Público,Positiva,3,No,Instituto,Cercana,Mujer,64,1,3
14,62,Medio,Medio,Sí,7,97,Alto,Sí,0,Medio,Medio,Público,Positiva,1,No,Instituto,Moderada,Hombre,62,1,5
20,98,Medio,Medio,No,8,72,Medio,Sí,1,Alto,Medio,Público,Negativa,4,No,Instituto,Cercana,Mujer,70,2,3
21,67,Bajo,Alto,No,7,70,Bajo,Sí,2,Bajo,Medio,Privado,Negativa,2,No,Postgrado,Moderada,Mujer,63,1,2
14,68,Alto,Medio,Sí,8,99,Alto,Sí,0,Alto,Medio,Público,Positiva,3,No,Instituto,Cercana,Mujer,66,2,5
19,79,Medio,Medio,Sí,8,57,Bajo,Sí,2,Bajo,Bajo,Público,Positiva,3,No,Instituto,Moderada,Hombre,65,2,1
22,80,Medio,Alto,No,7,63,Medio,Sí,1,Alto,Medio,Público,Positiva,3,No,Universidad,Cercana,Hombre,69,2,2
22,61,Alto,Bajo,Sí,6,74,Medio,Sí,1,Bajo,Medio,Público,Negativa,3,No,Instituto,Cercana,Hombre,63,1,3
23,66,Medio,Medio,No,7,76,Bajo,Sí,1,Alto,Medio,Público,Neutral,2,No,Universidad,Moderada,Hombre,64,1,3
22,75,Medio,Medio,Sí,10,77,Alto,Sí,2,Bajo,Bajo,Público,Neutral,2,No,Instituto,Cercana,Hombre,66,2,3
17,87,Medio,Medio,Sí,7,61,Medio,Sí,4,Alto,Medio,Público,Negativa,3,Sí,Instituto,Cercana,Mujer,67,2,2
17,69,Alto,Alto,Sí,9,96,Medio,Sí,2,Bajo,Medio,Público,Negativa,3,No,Universidad,Lejana,Hombre,66,2,5
13,77,Bajo,Alto,No,6,85,Bajo,Sí,2,Bajo,Medio,Público,Neutral,4,No,Postgrado,Cercana,Mujer,65,2,4
31,82,Alto,Medio,Sí,7,63,Medio,No,2,Alto,Medio,Privado,Positiva,2,No,Postgrado,Moderada,Hombre,72,2,2
20,96,Alto,Medio,Sí,8,65,Alto,Sí,0,Medio,Bajo,Público,Neutral,2,No,Instituto,Cercana,Mujer,70,2,2
19,73,Medio,Medio,Sí,9,94,Medio,Sí,1,Alto,Bajo,Público,Positiva,1,No,Universidad,Cercana,Mujer,67,2,5
14,65,Medio,Alto,No,9,69,Bajo,Sí,4,Medio,Medio,Público,Neutral,3,No,Universidad,Cercana,Hombre,64,1,2
38,80,Alto,Medio,No,5,78,Medio,Sí,1,Bajo,Medio,Público,Positiva,4,No,Universidad,Lejana,Mujer,72,2,3
14,90,Medio,Medio,Sí,9,56,Medio,Sí,0,Bajo,Medio,Público,Neutral,4,No,Instituto,Cercana,Mujer,65,2,1
17,64,Alto,Bajo,Sí,10,63,Medio,Sí,0,Alto,Medio,Público,Positiva,3,No,Instituto,Moderada,Mujer,62,1,2
22,77,Medio,Alto,No,6,71,Alto,Sí,3,Bajo,Medio,Público,Negativa,4,No,Instituto,Lejana,Mujer,67,2,3
24,61,Medio,Medio,No,6,83,Alto,Sí,0,Medio,Medio,Público,Positiva,3,Sí,Instituto,Cercana,Hombre,64,1,4
26,61,Medio,Medio,No,7,64,Bajo,Sí,0,Medio,Medio,Privado,Negativa,3,No,Postgrado,Cercana,Hombre,63,1,2
31,79,Medio,Alto,No,7,98,Medio,Sí,1,Medio,Alto,Público,Neutral,2,No,Universidad,Moderada,Hombre,72,2,5
23,72,Bajo,Medio,No,6,61,Alto,Sí,1,Alto,Medio,Público,Positiva,5,No,Instituto,Cercana,Hombre,66,2,2
14,94,Alto,Medio,Sí,5,89,Medio,Sí,0,Medio,Medio,Público,Positiva,1,No,Postgrado,Cercana,Mujer,70,2,4
18,84,Medio,Bajo,Sí,9,68,Bajo,Sí,0,Medio,Alto,Privado,Negativa,2,No,Postgrado,Cercana,Mujer,66,2,2
22,78,Alto,Alto,No,6,92,Bajo,Sí,1,Alto,Alto,Público,Positiva,3,No,Instituto,Moderada,Hombre,70,2,5
32,76,Bajo,Bajo,Sí,6,96,Bajo,Sí,0,Bajo,Alto,Público,Neutral,2,No,Instituto,Moderada,Mujer,67,2,5
12,80,Medio,Medio,Sí,7,59,Alto,Sí,1,Bajo,Alto,Público,Positiva,2,No,Instituto,Cercana,Mujer,64,1,1
27,62,Alto,Medio,No,5,75,Medio,Sí,2,Medio,Alto,Público,Positiva,2,No,Instituto,Cercana,Hombre,67,2,3
21,96,Alto,Alto,Sí,5,58,Medio,Sí,0,Alto,Alto,Público,Neutral,4,No,Universidad,Lejana,Hombre,72,2,1
25,100,Alto,Bajo,No,6,85,Bajo,Sí,1,Medio,Medio,Público,Positiva,3,No,Instituto,Cercana,Hombre,72,2,4
19,67,Alto,Medio,Sí,8,92,Bajo,Sí,2,Alto,Medio,Público,Neutral,5,No,Postgrado,Moderada,Mujer,68,2,5
15,65,Medio,Medio,Sí,7,69,Medio,Sí,1,Alto,Medio,Público,Neutral,3,No,Postgrado,Cercana,Mujer,64,1,2
25,66,Alto,Medio,Sí,4,70,Medio,No,1,Alto,Medio,Público,Positiva,3,No,Instituto,Moderada,Hombre,66,2,2
24,86,Bajo,Alto,No,9,60,Medio,Sí,0,Bajo,Alto,Privado,Positiva,3,No,Universidad,Lejana,Hombre,68,2,1
26,86,Bajo,Bajo,No,8,65,Bajo,Sí,0,Bajo,Alto,Público,Neutral,4,No,Instituto,Cercana,Mujer,66,2,2
20,94,Bajo,Alto,Sí,7,66,Alto,Sí,1,Bajo,Alto,Privado,Positiva,1,No,Instituto,Cercana,Mujer,70,2,2
16,90,Alto,Alto,Sí,7,58,Alto,Sí,1,Bajo,Medio,Público,Neutral,4,No,Postgrado,Cercana,Mujer,70,2,1
11,78,Bajo,Alto,Sí,8,65,Medio,Sí,0,Medio,Medio,Privado,Neutral,2,No,Instituto,Cercana,Mujer,62,1,2
25,85,Bajo,Medio,Sí,10,95,Medio,Sí,0,Medio,Bajo,Público,Positiva,1,No,Universidad,Cercana,Hombre,69,2,5
23,88,Medio,Medio,Sí,8,66,Bajo,Sí,2,Medio,Alto,Privado,Positiva,2,No,Universidad,Moderada,Hombre,69,2,2
14,81,Medio,Medio,Sí,7,64,Medio,Sí,2,Medio,Medio,Público,Positiva,4,Sí,Universidad,Cercana,Hombre,66,2,2
17,79,Alto,Alto,No,5,69,Medio,Sí,4,Bajo,Medio,Público,Negativa,3,No,Postgrado,Cercana,Mujer,68,2,2
17,86,Medio,Alto,No,7,98,Medio,Sí,2,Bajo,Alto,Público,Positiva,5,No,Postgrado,Moderada,Hombre,71,2,5
11,82,Medio,Medio,Sí,8,88,Medio,No,1,Bajo,Medio,Privado,Negativa,2,No,Postgrado,Moderada,Mujer,64,1,4
15,86,Bajo,Alto,No,7,60,Medio,Sí,2,Medio,Medio,Público,Positiva,3,No,Universidad,Cercana,Hombre,67,2,1
13,85,Medio,Alto,Sí,6,88,Medio,Sí,2,Medio,Alto,Público,Positiva,3,No,Instituto,Moderada,Mujer,68,2,4
18,89,Bajo,Alto,Sí,8,88,Bajo,Sí,0,Alto,Medio,Público,Negativa,1,No,Instituto,Moderada,Hombre,67,2,4
16,86,Medio,Medio,No,6,98,Alto,Sí,1,Bajo,Medio,Público,Neutral,3,No,Postgrado,Cercana,Hombre,68,2,5
10,81,Medio,Alto,Sí,8,95,Medio,Sí,5,Bajo,Alto,Público,Positiva,3,No,Instituto,Cercana,Mujer,69,2,5
32,87,Medio,Alto,Sí,6,55,Medio,Sí,0,Bajo,Alto,Público,Neutral,3,No,Instituto,Cercana,Hombre,71,2,1
28,78,Alto,Bajo,Sí,4,73,Bajo,No,3,Bajo,Medio,Privado,Positiva,4,No,Instituto,Moderada,Mujer,68,2,3
15,70,Alto,Alto,No,6,85,Alto,Sí,0,Bajo,Medio,Privado,Positiva,2,No,Universidad,Moderada,Hombre,65,2,4
22,60,Bajo,Medio,No,7,99,Medio,Sí,1,Bajo,Alto,Público,Neutral,3,No,Universidad,Moderada,Hombre,63,1,5
23,82,Bajo,Medio,Sí,8,54,Medio,Sí,0,Medio,Alto,Público,Negativa,1,No,Instituto,Cercana,Mujer,65,2,1
27,84,Alto,Alto,No,8,68,Bajo,Sí,3,Bajo,Alto,Privado,Positiva,2,Sí,Postgrado,Cercana,Mujer,72,2,2
15,99,Bajo,Medio,Sí,5,75,Bajo,Sí,2,Medio,Bajo,Público,Neutral,1,No,Universidad,Moderada,Hombre,67,2,3
27,74,Medio,Alto,No,7,71,Medio,Sí,1,Medio,Medio,Público,Positiva,3,No,Instituto,Cercana,Mujer,69,2,3
17,76,Medio,Medio,No,6,73,Medio,Sí,3,Bajo,Alto,Privado,Neutral,3,No,Postgrado,Cercana,Hombre,67,2,3
12,68,Alto,Medio,Sí,6,68,Bajo,Sí,2,Medio,Medio,Público,Positiva,4,No,Universidad,Cercana,Hombre,64,1,2
24,63,Medio,Bajo,No,6,99,Bajo,No,0,Bajo,Medio,Público,Positiva,3,No,Instituto,Moderada,Mujer,62,1,5
28,91,Bajo,Medio,No,7,90,Medio,Sí,2,Alto,Bajo,Privado,Neutral,3,No,Instituto,Cercana,Hombre,71,2,5
36,70,Bajo,Alto,No,10,87,Medio,Sí,2,Bajo,Medio,Público,Positiva,3,No,Instituto,Cercana,Hombre,70,2,4
13,84,Bajo,Medio,No,10,71,Bajo,Sí,1,Medio,Alto,Público,Neutral,3,No,Universidad,Moderada,Hombre,64,1,3
24,88,Medio,Medio,Sí,6,94,Medio,Sí,0,Bajo,Medio,Privado,Negativa,2,No,Postgrado,Moderada,Hombre,69,2,5
18,79,Medio,Medio,Sí,7,55,Medio,Sí,1,Bajo,Alto,Público,Positiva,3,No,Instituto,Moderada,Mujer,65,2,1
25,95,Alto,Alto,Sí,7,57,Medio,Sí,2,Alto,Medio,Privado,Negativa,2,No,Universidad,Moderada,Mujer,73,2,1
11,78,Medio,Bajo,Sí,7,98,Bajo,Sí,2,Medio,Medio,Público,Neutral,3,No,Instituto,Cercana,Mujer,64,1,5
12,71,Medio,Alto,Sí,8,78,Bajo,Sí,2,Medio,Medio,Público,Negativa,2,No,Postgrado,Cercana,Mujer,64,1,3
15,96,Medio,Medio,Sí,7,58,Medio,Sí,3,Medio,Medio,Público,Neutral,4,No,Postgrado,Moderada,Hombre,70,2,1
20,94,Bajo,Bajo,Sí,6,97,Bajo,Sí,2,Medio,Medio,Público,Positiva,5,No,Universidad,Cercana,Hombre,70,2,5
16,67,Alto,Alto,No,9,99,Medio,Sí,2,Medio,Medio,Público,Neutral,2,Sí,Instituto,Moderada,Hombre,64,1,5
24,61,Bajo,Medio,No,5,94,Medio,Sí,3,Medio,Alto,Privado,Neutral,2,Sí,Universidad,Moderada,Mujer,64,1,5
26,64,Medio,Medio,Sí,7,62,Alto,Sí,3,Medio,Alto,Privado,Negativa,2,No,Instituto,Cercana,Hombre,66,2,2
24,71,Bajo,Alto,Sí,5,64,Medio,Sí,1,Medio,Medio,Público,Neutral,3,No,Universidad,Cercana,Hombre,66,2,2
30,99,Medio,Medio,Sí,5,70,Bajo,Sí,2,Medio,Medio,Público,Neutral,4,No,Instituto,Cercana,Mujer,74,3,2
22,82,Alto,Alto,No,8,79,Medio,No,2,Medio,Medio,Público,Negativa,1,No,Universidad,Cercana,Mujer,69,2,3
13,75,Bajo,Alto,Sí,6,100,Alto,Sí,1,Medio,Medio,Público,Positiva,3,No,Postgrado,Cercana,Hombre,67,2,5
28,96,Medio,Medio,No,4,98,Alto,Sí,5,Bajo,Medio,Público,Neutral,5,Sí,Instituto,Lejana,Hombre,73,2,5
16,78,Bajo,Medio,No,6,96,Alto,Sí,0,Medio,Medio,Público,Positiva,1,No,Postgrado,Cercana,Mujer,66,2,5
25,73,Alto,Medio,No,6,54,Alto,Sí,2,Medio,Medio,Público,Neutral,4,No,Instituto,Moderada,Mujer,67,2,1
29,98,Medio,Alto,Sí,5,88,Bajo,Sí,3,Bajo,Medio,Público,Neutral,2,No,Universidad,Cercana,Hombre,75,3,4
23,94,Medio,Alto,Sí,8,94,Bajo,Sí,2,Medio,Alto,Público,Positiva,2,No,Instituto,Cercana,Hombre,73,2,5
11,94,Medio,Medio,No,5,67,Medio,Sí,2,Alto,Medio,Público,Neutral,5,No,Instituto,Cercana,Mujer,67,2,2
14,80,Alto,Bajo,Sí,6,61,Medio,Sí,0,Medio,Alto,Público,Neutral,4,No,Universidad,Moderada,Mujer,65,2,2
28,92,Medio,Medio,Sí,7,87,Bajo,Sí,1,Bajo,Bajo,Público,Positiva,1,No,Instituto,Cercana,Mujer,71,2,4
19,67,Medio,Medio,Sí,6,55,Bajo,Sí,1,Medio,Medio,Público,Neutral,4,No,Instituto,Cercana,Hombre,63,1,1
20,83,Medio,Bajo,Sí,6,97,Alto,Sí,2,Bajo,Alto,Público,Neutral,4,No,Instituto,Moderada,Mujer,68,2,5
25,99,Medio,Alto,No,6,58,Alto,Sí,0,Medio,Medio,Privado,Positiva,4,No,Instituto,Cercana,Hombre,72,2,1
24,72,Bajo,Alto,Sí,5,73,Bajo,Sí,2,Medio,Alto,Público,Positiva,2,No,Instituto,Cercana,Hombre,67,2,3
22,92,Medio,Alto,No,6,99,Bajo,Sí,1,Medio,Medio,Público,Negativa,4,No,Universidad,Cercana,Mujer,71,2,5
19,80,Bajo,Bajo,No,8,99,Alto,Sí,1,Bajo,Medio,Público,Positiva,4,No,Postgrado,Cercana,Hombre,67,2,5
18,62,Medio,Alto,Sí,6,89,Medio,Sí,0,Alto,Alto,Privado,Positiva,3,No,Postgrado,Cercana,Mujer,66,2,4
25,91,Medio,Alto,No,7,92,Medio,Sí,3,Bajo,Medio,Público,Negativa,5,No,Instituto,Cercana,Hombre,72,2,5
23,67,Bajo,Bajo,No,9,98,Medio,Sí,2,Bajo,Alto,Público,Negativa,0,No,Universidad,Cercana,Mujer,64,1,5
18,85,Medio,Medio,No,8,96,Medio,Sí,0,Alto,Alto,Público,Negativa,3,No,Universidad,Moderada,Hombre,68,2,5
26,63,Alto,Alto,No,5,81,Medio,Sí,0,Bajo,Medio,Público,Negativa,2,No,Instituto,Moderada,Mujer,65,2,4
19,98,Medio,Alto,Sí,8,87,Alto,Sí,1,Medio,Medio,Privado,Positiva,4,No,Postgrado,Moderada,Hombre,74,3,4
15,72,Medio,Bajo,Sí,9,80,Medio,Sí,4,Medio,Alto,Privado,Neutral,4,No,Universidad,Moderada,Mujer,65,2,4
15,69,Alto,Bajo,Sí,6,75,Medio,No,2,Bajo,Alto,Público,Positiva,2,No,Instituto,Cercana,Mujer,63,1,3
14,65,Medio,Medio,Sí,5,94,Medio,Sí,5,Bajo,Medio,Privado,Negativa,3,No,Postgrado,Moderada,Hombre,65,2,5
18,98,Bajo,Alto,Sí,6,87,Medio,Sí,0,Medio,Medio,Público,Neutral,1,No,Instituto,Cercana,Hombre,70,2,4
27,88,Medio,Alto,Sí,7,93,Medio,Sí,0,Bajo,Medio,Público,Neutral,4,No,Instituto,Moderada,Hombre,71,2,5
15,90,Medio,Medio,Sí,8,55,Medio,Sí,1,Bajo,Medio,Público,Neutral,1,No,Universidad,Cercana,Mujer,66,2,1
21,80,Medio,Medio,Sí,6,79,Bajo,Sí,2,Medio,Alto,Público,Positiva,3,No,Universidad,Cercana,Hombre,69,2,3
16,79,Medio,Alto,Sí,4,66,Alto,Sí,2,Medio,Medio,Público,Neutral,2,No,Universidad,Moderada,Hombre,67,2,2
18,64,Medio,Alto,Sí,5,76,Bajo,Sí,1,Bajo,Medio,Público,Positiva,4,No,Instituto,Moderada,Hombre,64,1,3
11,82,Alto,Alto,No,8,81,Alto,Sí,2,Bajo,Alto,Público,Positiva,2,No,Instituto,Moderada,Mujer,67,2,4
19,70,Medio,Alto,Sí,10,92,Medio,Sí,1,Bajo,Alto,Público,Positiva,4,No,Instituto,Cercana,Hombre,67,2,5
19,99,Alto,Medio,No,7,52,Medio,Sí,1,Medio,Medio,Público,Neutral,4,No,Instituto,Cercana,Hombre,70,2,1
23,92,Alto,Alto,No,9,58,Medio,Sí,2,Bajo,Medio,Privado,Neutral,1,No,Postgrado,Cercana,Mujer,71,2,1
21,77,Medio,Bajo,Sí,5,96,Alto,Sí,2,Bajo,Alto,Privado,Neutral,5,No,Instituto,Cercana,Mujer,68,2,5
13,66,Alto,Alto,No,6,98,Bajo,Sí,1,Alto,Alto,Público,Positiva,2,No,Instituto,Cercana,Hombre,65,2,5
27,91,Medio,Medio,No,4,53,Medio,Sí,1,Bajo,Medio,Privado,Positiva,3,No,Postgrado,Cercana,Mujer,70,2,1
21,65,Medio,Alto,Sí,8,67,Bajo,No,1,Bajo,Medio,Público,Positiva,4,No,Instituto,Cercana,Mujer,64,1,2
21,68,Alto,Alto,Sí,6,50,Alto,Sí,3,Medio,Bajo,Privado,Neutral,4,No,Instituto,Cercana,Hombre,67,2,1
20,68,Bajo,Bajo,No,8,88,Medio,Sí,5,Bajo,Bajo,Privado,Neutral,3,No,Instituto,Moderada,Hombre,63,1,4
17,82,Medio,Bajo,Sí,6,84,Alto,Sí,2,Bajo,Bajo,Público,Negativa,3,No,Instituto,Moderada,Mujer,65,2,4
21,91,Medio,Medio,Sí,10,78,Alto,Sí,2,Bajo,Alto,Público,Negativa,2,No,Instituto,Cercana,Hombre,70,2,3
23,73,Medio,Alto,No,10,85,Medio,Sí,1,Bajo,Medio,Público,Neutral,3,No,Universidad,Cercana,Hombre,67,2,4
10,63,Medio,Alto,No,4,77,Bajo,No,3,Bajo,Medio,Privado,Neutral,3,No,Instituto,Cercana,Hombre,60,1,3
17,79,Bajo,Alto,No,8,62,Bajo,Sí,1,Bajo,Medio,Público,Neutral,3,No,Instituto,Cercana,Mujer,64,1,2
18,90,Bajo,Medio,No,6,88,Bajo,Sí,1,Medio,Medio,Privado,Negativa,1,No,Instituto,Moderada,Mujer,65,2,4
22,69,Medio,Medio,No,8,89,Bajo,No,0,Bajo,Alto,Público,Positiva,5,No,Instituto,Moderada,Mujer,64,1,4
27,69,Medio,Bajo,Sí,5,93,Medio,Sí,1,Medio,Medio,Público,Positiva,4,No,Universidad,Moderada,Hombre,67,2,5
15,98,Medio,Medio,Sí,9,98,Alto,Sí,0,Medio,Medio,Privado,Positiva,3,No,Instituto,Cercana,Mujer,71,2,5
17,98,Medio,Medio,No,9,87,Bajo,Sí,0,Alto,Medio,Privado,Positiva,3,No,Instituto,Moderada,Mujer,69,2,4
17,100,Medio,Alto,Sí,5,53,Bajo,Sí,1,Medio,Alto,Público,Positiva,4,No,Instituto,Cercana,Hombre,70,2,1
15,92,Medio,Medio,Sí,7,51,Medio,Sí,1,Alto,Alto,Público,Positiva,3,No,Universidad,Cercana,Mujer,69,2,1
18,68,Alto,Alto,Sí,7,87,Alto,Sí,3,Medio,Medio,Público,Positiva,4,No,Instituto,Cercana,Hombre,69,2,4
25,68,Bajo,Medio,Sí,8,53,Bajo,Sí,2,Medio,Medio,Público,Neutral,3,No,Universidad,Moderada,Mujer,64,1,1
14,74,Bajo,Medio,Sí,7,66,Medio,Sí,0,Medio,Alto,Privado,Negativa,3,No,Postgrado,Cercana,Hombre,63,1,2
23,73,Alto,Medio,No,8,57,Medio,Sí,3,Medio,Medio,Público,Positiva,2,No,Universidad,Cercana,Hombre,67,2,1
10,98,Medio,Medio,No,7,98,Bajo,No,0,Medio,Medio,Público,Neutral,3,No,Universidad,Moderada,Mujer,66,2,5
17,92,Medio,Alto,Sí,8,66,Medio,Sí,2,Bajo,Medio,Público,Positiva,3,No,Instituto,Cercana,Mujer,69,2,2
18,89,Medio,Medio,No,5,53,Medio,Sí,5,Bajo,Alto,Privado,Neutral,4,No,Universidad,Cercana,Hombre,69,2,1
30,67,Medio,Medio,No,7,97,Alto,Sí,2,Alto,Medio,Público,Neutral,3,Sí,Instituto,Cercana,Hombre,69,2,5
18,96,Medio,Alto,Sí,9,80,Alto,Sí,1,Bajo,Medio,Público,Positiva,3,No,Universidad,Cercana,Hombre,72,2,4
7,93,Alto,Alto,Sí,9,52,Alto,Sí,1,Medio,Bajo,Privado,Negativa,3,No,Instituto,Moderada,Mujer,65,2,1
8,67,Medio,Medio,Sí,7,92,Medio,Sí,0,Alto,Alto,Privado,Positiva,2,No,Universidad,Cercana,Hombre,63,1,5
20,95,Medio,Medio,No,7,58,Bajo,Sí,1,Bajo,Alto,Público,Neutral,4,No,Universidad,Cercana,Hombre,69,2,1
24,71,Alto,Medio,Sí,9,90,Bajo,Sí,3,Medio,Alto,Privado,Neutral,3,No,Universidad,Cercana,Hombre,69,2,5
22,63,Medio,Bajo,Sí,7,80,Medio,Sí,2,Alto,Alto,Privado,Negativa,2,No,Universidad,Moderada,Mujer,64,1,4
21,86,Medio,Bajo,Sí,9,59,Alto,Sí,2,Medio,Alto,Privado,Positiva,3,No,Universidad,Cercana,Hombre,69,2,1
27,86,Medio,Alto,No,7,88,Medio,Sí,1,Medio,Medio,Privado,Neutral,3,No,Postgrado,Moderada,Hombre,72,2,4
17,64,Medio,Bajo,No,7,73,Alto,Sí,1,Bajo,Medio,Público,Neutral,4,No,Universidad,Cercana,Hombre,62,1,3
25,73,Alto,Medio,Sí,5,82,Bajo,No,1,Medio,Medio,Privado,Positiva,3,Sí,Instituto,Cercana,Hombre,66,2,4
10,100,Bajo,Medio,No,5,93,Bajo,Sí,2,Medio,Bajo,Público,Neutral,1,No,Instituto,Lejana,Mujer,65,2,5
15,87,Alto,Alto,Sí,8,63,Medio,Sí,0,Alto,Medio,Público,Neutral,3,No,Universidad,Cercana,Mujer,69,2,2
9,89,Medio,Bajo,No,10,68,Alto,Sí,1,Alto,Alto,Público,Negativa,3,No,Instituto,Cercana,Mujer,65,2,2
18,69,Alto,Medio,Sí,7,100,Medio,Sí,3,Medio,Alto,Público,Negativa,2,No,Instituto,Cercana,Hombre,67,2,5
20,63,Bajo,Medio,Sí,7,75,Bajo,Sí,2,Medio,Alto,Público,Neutral,2,No,Instituto,Cercana,Mujer,63,1,3
21,71,Alto,Medio,No,9,78,Bajo,Sí,2,Medio,Medio,Público,Neutral,4,No,Instituto,Cercana,Hombre,66,2,3
20,70,Bajo,Medio,No,8,64,Bajo,Sí,0,Bajo,Bajo,Privado,Positiva,3,No,Instituto,Lejana,Hombre,61,1,2
14,69,Alto,Medio,Sí,4,71,Medio,Sí,1,Medio,Medio,Público,Positiva,4,No,Instituto,Cercana,Mujer,64,1,3
19,68,Medio,Bajo,Sí,8,75,Bajo,Sí,1,Medio,Medio,Privado,Neutral,4,No,Postgrado,Cercana,Hombre,64,1,3
11,83,Medio,Medio,Sí,5,63,Medio,Sí,2,Bajo,Medio,Público,Neutral,3,No,Universidad,Cercana,Hombre,65,2,2
28,73,Medio,Bajo,No,7,62,Medio,Sí,3,Alto,Medio,Público,Neutral,3,No,Postgrado,Moderada,Mujer,68,2,2
18,93,Bajo,Alto,Sí,6,80,Medio,Sí,1,Medio,Medio,Privado,Negativa,3,No,Instituto,Cercana,Hombre,69,2,4
17,67,Medio,Medio,No,6,59,Medio,Sí,0,Medio,Medio,Público,Negativa,3,No,Instituto,Cercana,Mujer,61,1,1
30,79,Medio,Alto,No,7,78,Medio,No,3,Alto,Alto,Privado,Positiva,2,No,Postgrado,Moderada,Mujer,72,2,3
13,61,Medio,Bajo,Sí,8,85,Medio,Sí,4,Bajo,Medio,Privado,Neutral,3,No,Universidad,Moderada,Hombre,61,1,4
13,79,Alto,Alto,No,7,60,Medio,Sí,1,Bajo,Alto,Privado,Neutral,4,No,Universidad,Moderada,Hombre,66,2,1
13,62,Bajo,Medio,Sí,9,87,Medio,Sí,1,Bajo,Medio,Público,Negativa,1,No,Universidad,Moderada,Hombre,60,1,4
20,99,Medio,Bajo,No,9,68,Bajo,Sí,1,Bajo,Alto,Público,Positiva,3,No,Postgrado,Lejana,Hombre,69,2,2
23,92,Medio,Alto,No,9,100,Medio,Sí,1,Alto,Alto,Público,Neutral,2,Sí,Universidad,Cercana,Hombre,72,2,5
24,80,Medio,Alto,Sí,7,99,Bajo,Sí,2,Medio,Medio,Público,Negativa,2,No,Instituto,Moderada,Mujer,69,2,5
35,63,Alto,Alto,Sí,6,90,Bajo,Sí,0,Medio,Medio,Público,Positiva,3,No,Universidad,Cercana,Hombre,71,2,5
7,84,Medio,Alto,No,7,67,Medio,Sí,1,Medio,Medio,Privado,Neutral,3,No,Universidad,Cercana,Hombre,64,1,2
24,90,Bajo,Bajo,Sí,9,97,Alto,Sí,3,Bajo,Medio,Público,Positiva,4,No,Instituto,Cercana,Hombre,71,2,5
17,68,Bajo,Medio,Sí,9,100,Alto,Sí,1,Medio,Alto,Público,Negativa,3,No,Instituto,Moderada,Hombre,64,1,5
16,83,Medio,Medio,Sí,4,73,Alto,Sí,3,Bajo,Bajo,Público,Negativa,3,No,Universidad,Cercana,Mujer,67,2,3
16,93,Medio,Bajo,Sí,7,81,Medio,Sí,2,Bajo,Medio,Privado,Negativa,3,Sí,Postgrado,Moderada,Hombre,67,2,4
15,91,Bajo,Alto,Sí,4,50,Alto,Sí,1,Medio,Medio,Público,Neutral,3,No,Instituto,Moderada,Mujer,66,2,1
30,92,Bajo,Medio,Sí,7,52,Medio,Sí,3,Alto,Medio,Privado,Positiva,4,No,Universidad,Cercana,Hombre,73,2,1
25,95,Medio,Alto,Sí,6,75,Medio,Sí,1,Medio,Medio,Privado,Positiva,4,No,Instituto,Moderada,Hombre,73,2,3
20,98,Medio,Medio,No,6,80,Medio,Sí,0,Medio,Medio,Público,Positiva,2,No,Universidad,Moderada,Hombre,70,2,4
28,76,Bajo,Medio,Sí,8,66,Medio,Sí,5,Alto,Bajo,Público,Positiva,4,No,Universidad,Moderada,Hombre,70,2,2
11,83,Medio,Bajo,Sí,6,55,Bajo,Sí,0,Bajo,Medio,Público,Positiva,4,Sí,Postgrado,Cercana,Mujer,62,1,1
12,92,Alto,Bajo,Sí,7,89,Medio,Sí,1,Medio,Alto,Privado,Neutral,2,No,Postgrado,Moderada,Hombre,68,2,4
7,88,Alto,Alto,Sí,6,71,Medio,Sí,0,Bajo,Medio,Público,Positiva,3,No,Instituto,Moderada,Mujer,65,2,3
16,100,Alto,Alto,Sí,7,82,Medio,Sí,2,Alto,Medio,Público,Positiva,2,No,Instituto,Cercana,Hombre,73,2,4
21,61,Alto,Medio,Sí,8,83,Alto,No,1,Bajo,Medio,Privado,Neutral,3,No,Universidad,Cercana,Mujer,65,2,4
21,74,Medio,Alto,Sí,6,77,Alto,No,0,Medio,Medio,Público,Neutral,3,No,Universidad,Cercana,Hombre,66,2,3
21,71,Bajo,Medio,Sí,8,59,Medio,Sí,3,Bajo,Medio,Público,Neutral,3,No,Universidad,Moderada,Hombre,64,1,1
12,70,Medio,Alto,No,7,81,Alto,Sí,0,Bajo,Medio,Público,Positiva,3,No,Instituto,Cercana,Hombre,63,1,4
25,69,Medio,Medio,No,7,66,Medio,No,0,Bajo,Bajo,Público,Neutral,3,Sí,Universidad,Cercana,Hombre,62,1,2
21,88,Alto,Medio,Sí,6,91,Bajo,Sí,0,Bajo,Medio,Privado,Neutral,4,No,Postgrado,Moderada,Mujer,70,2,5
24,63,Medio,Medio,No,8,60,Medio,Sí,3,Alto,Medio,Público,Neutral,3,No,Instituto,Cercana,Hombre,65,2,1
9,90,Medio,Medio,Sí,8,65,Medio,Sí,0,Medio,Medio,Privado,Neutral,5,No,Instituto,Lejana,Hombre,64,1,2
22,88,Medio,Medio,No,7,72,Bajo,Sí,4,Alto,Medio,Público,Negativa,2,No,Postgrado,Cercana,Hombre,70,2,3
13,70,Medio,Medio,No,7,87,Medio,Sí,1,Bajo,Bajo,Público,Neutral,5,No,Instituto,Cercana,Hombre,62,1,4
18,70,Medio,Medio,No,8,86,Medio,Sí,5,Alto,Medio,Público,Positiva,2,No,Instituto,Cercana,Mujer,67,2,4
23,85,Medio,Bajo,No,8,67,Bajo,Sí,1,Medio,Medio,Privado,Neutral,3,No,Postgrado,Lejana,Mujer,66,2,2
21,90,Alto,Alto,Sí,7,76,Alto,Sí,2,Alto,Alto,Público,Positiva,3,No,Universidad,Moderada,Mujer,74,3,3
15,95,Medio,Alto,Sí,9,62,Medio,Sí,2,Medio,Medio,Público,Positiva,3,No,Instituto,Lejana,Hombre,69,2,2
20,94,Medio,Alto,Sí,8,89,Bajo,Sí,0,Medio,Medio,Público,Positiva,4,Sí,Instituto,Moderada,Mujer,70,2,4
11,99,Medio,Medio,No,10,60,Medio,Sí,1,Alto,Medio,Público,Positiva,1,No,Universidad,Cercana,Mujer,68,2,1
27,83,Medio,Bajo,No,5,91,Medio,Sí,3,Bajo,Medio,Público,Neutral,2,No,Postgrado,Cercana,Hombre,70,2,5
19,96,Medio,Medio,Sí,8,97,Medio,Sí,3,Medio,Medio,Público,Negativa,2,No,Instituto,Cercana,Hombre,71,2,5
27,92,Medio,Bajo,Sí,9,100,Alto,Sí,2,Medio,Alto,Público,Positiva,0,No,Postgrado,Moderada,Mujer,73,2,5
17,96,Medio,Medio,No,9,93,Bajo,Sí,3,Medio,Medio,Privado,Neutral,2,No,Instituto,Lejana,Hombre,69,2,5
17,60,Bajo,Bajo,Sí,7,61,Medio,Sí,1,Bajo,Medio,Público,Positiva,4,No,Postgrado,Cercana,Mujer,61,1,2
15,99,Medio,Medio,Sí,5,71,Medio,Sí,0,Medio,Medio,Público,Neutral,2,No,Universidad,Moderada,Hombre,68,2,3
25,79,Medio,Bajo,Sí,9,54,Medio,Sí,1,Bajo,Medio,Privado,Positiva,2,No,Postgrado,Lejana,Hombre,66,2,1
16,92,Alto,Bajo,Sí,6,58,Bajo,Sí,0,Alto,Medio,Privado,Positiva,4,No,Instituto,Cercana,Mujer,67,2,1
24,65,Bajo,Alto,Sí,7,52,Medio,Sí,1,Alto,Medio,Público,Neutral,1,No,Postgrado,Moderada,Mujer,64,1,1
18,76,Bajo,Alto,Sí,10,82,Alto,Sí,1,Medio,Medio,Privado,Negativa,4,No,Universidad,Cercana,Hombre,67,2,4
8,71,Alto,Medio,Sí,5,77,Medio,No,0,Alto,Medio,Público,Neutral,4,No,Instituto,Moderada,Mujer,61,1,3
17,72,Bajo,Medio,No,8,96,Alto,Sí,2,Bajo,Alto,Público,Neutral,3,No,Instituto,Cercana,Hombre,65,2,5
13,65,Bajo,Alto,Sí,6,73,Medio,Sí,0,Bajo,Medio,Privado,Positiva,3,No,Postgrado,Cercana,Mujer,62,1,3
20,92,Bajo,Alto,No,6,82,Medio,Sí,0,Medio,Medio,Público,Neutral,5,No,Instituto,Cercana,Mujer,69,2,4
13,60,Alto,Alto,No,7,70,Medio,Sí,1,Medio,Medio,Público,Negativa,3,No,Universidad,Lejana,Mujer,61,1,2
26,73,Alto,Medio,No,8,91,Medio,Sí,4,Bajo,Bajo,Público,Neutral,5,No,Instituto,Moderada,Hombre,69,2,5
19,67,Medio,Bajo,No,8,96,Alto,No,1,Alto,Bajo,Público,Positiva,3,No,Universidad,Cercana,Hombre,64,1,5
19,84,Medio,Bajo,No,9,72,Alto,Sí,1,Bajo,Medio,Público,Positiva,3,No,Instituto,Lejana,Mujer,65,2,3
24,70,Medio,Alto,No,6,54,Bajo,Sí,1,Alto,Medio,Público,Neutral,1,No,Instituto,Moderada,Mujer,64,1,1
26,70,Alto,Alto,Sí,5,58,Medio,Sí,1,Bajo,Bajo,Privado,Positiva,3,No,Postgrado,Moderada,Hombre,68,2,1
20,80,Bajo,Medio,Sí,6,86,Alto,Sí,1,Bajo,Medio,Privado,Positiva,3,No,Instituto,Cercana,Mujer,67,2,4
15,86,Alto,Medio,Sí,8,66,Bajo,Sí,0,Medio,Alto,Privado,Positiva,5,No,Universidad,Cercana,Hombre,68,2,2
9,65,Bajo,Medio,Sí,7,89,Medio,Sí,2,Bajo,Medio,Público,Positiva,4,No,Instituto,Moderada,Hombre,61,1,4
16,67,Medio,Alto,Sí,4,87,Alto,Sí,5,Alto,Alto,Público,Positiva,4,No,Universidad,Cercana,Hombre,69,2,4
16,70,Bajo,Alto,Sí,4,85,Alto,Sí,0,Medio,Medio,Privado,Neutral,3,No,Instituto,Cercana,Hombre,64,1,4
21,99,Alto,Medio,Sí,7,91,Medio,No,3,Medio,Medio,Público,Positiva,4,No,Universidad,Cercana,Hombre,74,3,5
18,76,Medio,Medio,No,8,88,Bajo,Sí,1,Medio,Medio,Público,Neutral,4,No,Universidad,Cercana,Mujer,66,2,4
24,84,Medio,Medio,No,6,82,Medio,Sí,1,Medio,Medio,Público,Negativa,2,No,Instituto,Cercana,Hombre,68,2,4
16,70,Medio,Alto,Sí,8,50,Alto,Sí,3,Alto,Medio,Privado,Neutral,3,No,Postgrado,Lejana,Hombre,65,2,1
20,80,Medio,Alto,Sí,5,76,Medio,No,0,Bajo,Medio,Privado,Negativa,3,No,Universidad,Cercana,Mujer,66,2,3
27,63,Alto,Bajo,No,7,80,Medio,No,2,Medio,Alto,Público,Positiva,2,No,Instituto,Cercana,Mujer,66,2,4
22,61,Medio,Bajo,No,7,98,Alto,Sí,3,Alto,Bajo,Privado,Neutral,2,No,Universidad,Cercana,Mujer,65,2,5
20,79,Medio,Medio,No,8,83,Medio,Sí,3,Bajo,Medio,Privado,Neutral,4,No,Universidad,Moderada,Hombre,67,2,4
16,76,Bajo,Medio,Sí,5,79,Medio,Sí,0,Bajo,Alto,Público,Positiva,4,No,Postgrado,Moderada,Mujer,65,2,3
16,65,Medio,Medio,No,5,77,Medio,Sí,1,Alto,Alto,Público,Positiva,3,No,Instituto,Moderada,Hombre,63,1,3
15,88,Alto,Medio,No,8,55,Medio,Sí,1,Alto,Alto,Privado,Neutral,2,No,Instituto,Cercana,Hombre,67,2,1
17,100,Medio,Alto,Sí,5,71,Bajo,Sí,2,Bajo,Medio,Público,Neutral,4,No,Instituto,Cercana,Hombre,70,2,3
25,76,Alto,Alto,Sí,6,57,Bajo,No,0,Medio,Medio,Público,Positiva,3,No,Postgrado,Moderada,Hombre,68,2,1
19,85,Medio,Medio,Sí,9,53,Alto,Sí,1,Medio,Medio,Público,Neutral,3,No,Universidad,Lejana,Hombre,66,2,1
12,99,Medio,Medio,Sí,7,66,Bajo,Sí,3,Medio,Bajo,Privado,Negativa,1,No,Postgrado,Moderada,Mujer,67,2,2
31,93,Medio,Bajo,No,8,82,Bajo,Sí,2,Alto,Alto,Privado,Neutral,1,No,Instituto,Cercana,Hombre,72,2,4
22,79,Alto,Alto,Sí,8,93,Medio,Sí,0,Medio,Medio,Privado,Negativa,2,Sí,Instituto,Cercana,Mujer,68,2,5
12,89,Medio,Alto,No,8,91,Medio,No,1,Bajo,Alto,Público,Neutral,2,No,Instituto,Cercana,Hombre,66,2,5
17,65,Medio,Medio,No,7,65,Medio,Sí,0,Alto,Medio,Privado,Neutral,4,No,Instituto,Moderada,Hombre,62,1,2
21,80,Alto,Bajo,Sí,6,52,Medio,Sí,1,Bajo,Medio,Público,Negativa,4,No,Instituto,Cercana,Hombre,65,2,1
30,71,Alto,Bajo,No,10,70,Bajo,Sí,3,Medio,Medio,Público,Neutral,4,Sí,Instituto,Cercana,Mujer,67,2,2
13,66,Medio,Medio,Sí,7,66,Bajo,Sí,3,Medio,Medio,Público,Negativa,2,No,Universidad,Cercana,Mujer,62,1,2
26,77,Medio,Bajo,Sí,7,69,Bajo,Sí,1,Alto,Medio,Público,Neutral,3,Sí,Instituto,Cercana,Mujer,66,2,2
28,65,Medio,Medio,No,8,78,Alto,No,1,Alto,Medio,Privado,Positiva,3,No,Universidad,Cercana,Mujer,67,2,3
16,88,Medio,Medio,Sí,6,52,Medio,Sí,2,Alto,Alto,Público,Positiva,3,No,Instituto,Cercana,Mujer,68,2,1
18,78,Medio,Medio,Sí,6,69,Medio,Sí,1,Medio,Medio,Público,Negativa,4,No,Postgrado,Moderada,Mujer,66,2,2
14,81,Alto,Alto,No,9,78,Medio,Sí,0,Medio,Medio,Privado,Positiva,4,No,Universidad,Cercana,Mujer,68,2,3
19,66,Bajo,Medio,No,6,72,Medio,Sí,2,Bajo,Medio,Público,Negativa,5,No,Instituto,Cercana,Hombre,62,1,3
20,66,Medio,Alto,No,8,83,Medio,Sí,1,Bajo,Medio,Público,Neutral,2,Sí,Universidad,Cercana,Hombre,64,1,4
24,83,Alto,Bajo,No,8,59,Medio,Sí,1,Bajo,Medio,Público,Positiva,3,No,Instituto,Cercana,Hombre,68,2,1
27,99,Bajo,Bajo,Sí,7,58,Bajo,Sí,2,Medio,Medio,Privado,Positiva,2,No,Postgrado,Moderada,Hombre,71,2,1
16,64,Medio,Medio,No,7,65,Medio,Sí,2,Medio,Alto,Público,Neutral,4,No,Instituto,Cercana,Hombre,63,1,2
8,71,Alto,Medio,No,8,55,Alto,Sí,1,Bajo,Alto,Público,Positiva,2,No,Universidad,Moderada,Hombre,62,1,1
20,95,Alto,Bajo,Sí,7,62,Bajo,Sí,1,Bajo,Bajo,Privado,Positiva,3,No,Universidad,Cercana,Hombre,69,2,2
22,63,Medio,Medio,Sí,4,54,Medio,Sí,0,Medio,Medio,Privado,Positiva,3,No,Instituto,Moderada,Hombre,62,1,1
21,95,Bajo,Medio,Sí,9,70,Medio,Sí,3,Alto,Medio,Público,Positiva,3,No,Instituto,Cercana,Mujer,71,2,2
18,81,Bajo,Alto,Sí,6,86,Medio,Sí,3,Bajo,Medio,Público,Positiva,4,No,Universidad,Cercana,Hombre,69,2,4
21,76,Medio,Medio,Sí,7,64,Bajo,Sí,1,Medio,Alto,Privado,Positiva,2,No,Instituto,Moderada,Hombre,66,2,2
29,72,Bajo,Medio,No,5,50,Bajo,Sí,0,Bajo,Medio,Público,Neutral,4,No,Instituto,Cercana,Mujer,64,1,1
22,72,Bajo,Alto,No,6,78,Bajo,No,1,Bajo,Alto,Público,Neutral,3,No,Postgrado,Cercana,Hombre,65,2,3
18,72,Alto,Alto,No,6,85,Alto,Sí,1,Alto,Alto,Privado,Positiva,1,No,Instituto,Moderada,Hombre,68,2,4
17,95,Alto,Medio,No,7,70,Alto,Sí,1,Bajo,Medio,Público,Neutral,3,No,Instituto,Cercana,Hombre,69,2,2
19,89,Alto,Medio,Sí,6,65,Bajo,Sí,2,Bajo,Medio,Público,Neutral,3,Sí,Postgrado,Cercana,Hombre,68,2,2
30,87,Bajo,Medio,Sí,10,75,Bajo,Sí,3,Bajo,Bajo,Público,Neutral,4,No,Universidad,Cercana,Hombre,71,2,3
19,92,Bajo,Medio,No,7,55,Medio,Sí,1,Medio,Medio,Público,Neutral,5,No,Instituto,Lejana,Hombre,66,2,1
20,70,Alto,Bajo,No,8,82,Medio,Sí,2,Bajo,Alto,Privado,Positiva,3,No,Instituto,Moderada,Hombre,65,2,4
17,85,Alto,Medio,Sí,7,87,Medio,Sí,1,Bajo,Medio,Privado,Neutral,1,No,Instituto,Cercana,Mujer,68,2,4
27,78,Alto,Alto,No,8,85,Medio,Sí,0,Alto,Medio,Público,Positiva,3,No,Universidad,Cercana,Hombre,72,2,4
32,91,Alto,Medio,Sí,4,66,Medio,Sí,3,Bajo,Alto,Público,Neutral,2,No,Postgrado,Cercana,Mujer,75,3,2
23,72,Alto,Bajo,Sí,6,92,Bajo,Sí,2,Alto,Medio,Público,Negativa,3,No,Universidad,Cercana,Hombre,67,2,5
20,86,Medio,Medio,No,6,97,Bajo,Sí,1,Bajo,Medio,Privado,Neutral,2,No,Instituto,Moderada,Hombre,67,2,5
20,95,Medio,Medio,No,6,65,Alto,Sí,2,Bajo,Medio,Público,Neutral,3,No,Universidad,Cercana,Mujer,70,2,2
6,76,Medio,Medio,Sí,8,63,Medio,Sí,5,Medio,Medio,Público,Neutral,3,No,Universidad,Cercana,Hombre,64,1,2
24,63,Medio,Medio,Sí,8,85,Alto,Sí,1,Bajo,Medio,Privado,Positiva,3,No,Instituto,Lejana,Mujer,65,2,4
21,81,Medio,Medio,Sí,7,85,Medio,Sí,1,Bajo,Alto,Público,Negativa,3,No,Postgrado,Moderada,Hombre,68,2,4
23,74,Alto,Alto,No,7,76,Medio,Sí,1,Medio,Bajo,Público,Neutral,2,No,Universidad,Moderada,Mujer,67,2,3
16,87,Bajo,Medio,Sí,10,96,Medio,No,1,Bajo,Alto,Público,Positiva,1,No,Universidad,Moderada,Hombre,66,2,5
18,98,Alto,Medio,No,7,57,Bajo,Sí,0,Alto,Medio,Privado,Neutral,1,No,Postgrado,Moderada,Hombre,69,2,1
18,79,Bajo,Alto,No,4,74,Bajo,Sí,2,Bajo,Medio,Público,Negativa,1,No,Instituto,Cercana,Mujer,64,1,3
26,79,Medio,Alto,Sí,8,52,Alto,Sí,1,Medio,Medio,Público,Negativa,3,Sí,Postgrado,Cercana,Mujer,68,2,1
18,86,Alto,Medio,No,8,53,Bajo,Sí,5,Bajo,Alto,Privado,Negativa,3,No,Instituto,Cercana,Hombre,68,2,1
32,64,Bajo,Alto,Sí,9,53,Bajo,No,1,Bajo,Medio,Privado,Positiva,3,No,Universidad,Cercana,Mujer,65,2,1
23,70,Medio,Medio,Sí,8,75,Medio,Sí,0,Alto,Medio,Público,Positiva,2,No,Instituto,Moderada,Hombre,65,2,3
12,97,Bajo,Medio,Sí,6,79,Medio,No,1,Medio,Medio,Público,Negativa,2,No,Instituto,Cercana,Hombre,65,2,3
19,87,Alto,Medio,No,8,50,Bajo,Sí,0,Alto,Alto,Público,Neutral,2,No,Instituto,Cercana,Mujer,67,2,1
16,61,Alto,Medio,Sí,7,82,Medio,Sí,2,Bajo,Medio,Público,Negativa,3,No,Instituto,Cercana,Mujer,63,1,4
7,68,Alto,Medio,No,9,74,Medio,Sí,1,Bajo,Alto,Público,Positiva,3,No,Instituto,Cercana,Mujer,62,1,3
30,87,Alto,Medio,Sí,9,61,Alto,Sí,2,Medio,Alto,Privado,Neutral,4,No,Instituto,Moderada,Hombre,73,2,2
24,91,Alto,Alto,Sí,7,51,Alto,Sí,2,Medio,Medio,Público,Neutral,3,No,Instituto,Moderada,Hombre,72,2,1
23,94,Bajo,Medio,No,8,58,Alto,Sí,5,Bajo,Bajo,Público,Neutral,6,No,Instituto,Cercana,Mujer,71,2,1
21,72,Medio,Medio,No,9,80,Alto,Sí,3,Bajo,Medio,Público,Neutral,4,No,Instituto,Cercana,Hombre,67,2,4
12,97,Medio,Bajo,Sí,7,83,Medio,Sí,0,Bajo,Medio,Público,Neutral,2,No,Universidad,Moderada,Hombre,66,2,4
17,82,Medio,Alto,Sí,10,82,Alto,Sí,1,Medio,Medio,Privado,Positiva,2,No,Instituto,Moderada,Hombre,68,2,4
25,88,Alto,Alto,Sí,9,58,Bajo,Sí,0,Bajo,Medio,Público,Negativa,4,No,Postgrado,Cercana,Hombre,70,2,1
14,84,Medio,Medio,Sí,6,96,Medio,No,2,Bajo,Medio,Privado,Neutral,2,No,Postgrado,Lejana,Hombre,66,2,5
5,65,Bajo,Alto,No,7,71,Medio,Sí,0,Bajo,Medio,Privado,Negativa,2,No,Universidad,Lejana,Hombre,56,1,3
19,99,Medio,Alto,Sí,8,88,Alto,No,1,Bajo,Alto,Público,Positiva,3,No,Instituto,Lejana,Mujer,71,2,4
19,65,Bajo,Alto,No,10,58,Medio,Sí,2,Medio,Alto,Privado,Positiva,3,No,Postgrado,Moderada,Mujer,64,1,1
21,70,Medio,Medio,No,8,74,Bajo,Sí,2,Medio,Medio,Público,Positiva,3,No,Postgrado,Lejana,Hombre,65,2,3
24,93,Medio,Medio,Sí,7,76,Alto,Sí,2,Bajo,Medio,Público,Neutral,1,Sí,Instituto,Cercana,Hombre,70,2,3
24,85,Alto,Bajo,Sí,9,89,Medio,Sí,1,Bajo,Medio,Público,Positiva,2,No,Postgrado,Moderada,Hombre,70,2,4
22,94,Bajo,Alto,Sí,7,81,Medio,Sí,2,Medio,Alto,Público,Neutral,4,No,Instituto,Lejana,Hombre,71,2,4
27,81,Alto,Alto,Sí,6,70,Medio,Sí,0,Bajo,Medio,Público,Positiva,5,No,Instituto,Lejana,Mujer,70,2,2
11,75,Bajo,Alto,No,8,64,Medio,Sí,3,Bajo,Medio,Público,Neutral,3,Sí,Universidad,Moderada,Mujer,62,1,2
23,97,Medio,Medio,Sí,6,99,Bajo,Sí,1,Bajo,Medio,Privado,Positiva,3,No,Instituto,Cercana,Mujer,72,2,5
24,61,Medio,Medio,No,10,64,Bajo,Sí,0,Bajo,Medio,Privado,Positiva,3,No,Instituto,Cercana,Mujer,62,1,2
13,94,Bajo,Medio,Sí,7,56,Alto,Sí,2,Bajo,Alto,Público,Neutral,4,No,Universidad,Cercana,Hombre,67,2,1
11,69,Bajo,Medio,Sí,8,65,Bajo,Sí,0,Bajo,Medio,Público,Negativa,2,No,Universidad,Moderada,Hombre,58,1,2
16,94,Bajo,Medio,Sí,6,66,Medio,Sí,3,Medio,Alto,Público,Negativa,4,No,Universidad,Cercana,Mujer,69,2,2
16,66,Medio,Bajo,No,9,56,Medio,Sí,0,Bajo,Alto,Privado,Positiva,4,Sí,Universidad,Cercana,Mujer,60,1,1
25,83,Alto,Alto,Sí,7,85,Alto,Sí,2,Bajo,Medio,Público,Negativa,4,No,Universidad,Cercana,Hombre,72,2,4
16,96,Medio,Medio,No,7,81,Medio,Sí,0,Bajo,Bajo,Público,Negativa,3,No,Instituto,Moderada,Hombre,66,2,4
15,79,Medio,Alto,Sí,7,66,Medio,Sí,2,Bajo,Medio,Público,Positiva,3,No,Universidad,Lejana,Mujer,66,2,2
16,90,Medio,Alto,Sí,5,100,Bajo,Sí,1,Alto,Medio,Privado,Negativa,4,No,Instituto,Moderada,Hombre,69,2,5
27,92,Bajo,Medio,Sí,7,83,Bajo,Sí,2,Bajo,Medio,Público,Positiva,4,Sí,Universidad,Moderada,Mujer,70,2,4
20,89,Bajo,Medio,Sí,8,85,Medio,Sí,2,Medio,Alto,Público,Positiva,1,No,Postgrado,Cercana,Mujer,70,2,4
19,97,Alto,Alto,No,5,78,Bajo,Sí,0,Medio,Bajo,Privado,Negativa,3,No,Universidad,Moderada,Hombre,70,2,3
19,78,Bajo,Alto,Sí,9,78,Medio,Sí,2,Bajo,Alto,Público,Negativa,2,No,Universidad,Cercana,Mujer,67,2,3
28,67,Alto,Medio,Sí,7,51,Medio,Sí,2,Medio,Medio,Público,Neutral,3,No,Instituto,Cercana,Mujer,67,2,1
16,62,Bajo,Bajo,No,7,89,Alto,Sí,0,Medio,Medio,Público,Neutral,3,No,Instituto,Lejana,Mujer,59,1,4
28,70,Medio,Medio,Sí,4,96,Bajo,Sí,1,Medio,Medio,Privado,Positiva,2,No,Instituto,Moderada,Hombre,67,2,5
21,66,Alto,Medio,Sí,7,56,Medio,Sí,1,Bajo,Medio,Privado,Neutral,4,No,Postgrado,Moderada,Hombre,65,2,1
19,82,Medio,Medio,No,5,90,Medio,Sí,1,Alto,Medio,Público,Negativa,3,No,Universidad,Cercana,Hombre,68,2,5
35,67,Alto,Alto,Sí,6,77,Bajo,Sí,1,Bajo,Medio,Público,Positiva,3,No,Universidad,Cercana,Hombre,71,2,3
14,62,Medio,Medio,No,5,64,Medio,Sí,2,Bajo,Medio,Público,Neutral,3,No,Universidad,Cercana,Hombre,61,1,2
18,61,Medio,Medio,Sí,6,96,Medio,Sí,0,Medio,Medio,Público,Negativa,3,No,Instituto,Cercana,Hombre,63,1,5
13,93,Medio,Alto,Sí,7,51,Bajo,Sí,1,Bajo,Alto,Privado,Neutral,3,No,Instituto,Cercana,Mujer,67,2,1
26,84,Alto,Medio,No,7,64,Medio,No,1,Medio,Alto,Público,Neutral,4,No,Universidad,Cercana,Hombre,69,2,2
30,74,Medio,Alto,No,8,94,Bajo,Sí,0,Medio,Medio,Público,Positiva,3,No,Instituto,Cercana,Hombre,70,2,5
30,96,Medio,Bajo,Sí,4,74,Alto,No,0,Bajo,Bajo,Público,Negativa,3,No,Instituto,Moderada,Hombre,69,2,3
27,63,Alto,Medio,Sí,7,80,Medio,Sí,1,Bajo,Alto,Público,Neutral,4,No,Instituto,Lejana,Mujer,66,2,4
19,99,Medio,Bajo,Sí,7,87,Bajo,Sí,1,Medio,Medio,Público,Positiva,4,No,Instituto,Moderada,Mujer,70,2,4
18,85,Medio,Medio,Sí,6,57,Bajo,Sí,2,Medio,Alto,Público,Neutral,2,No,Postgrado,Moderada,Hombre,67,2,1
10,67,Alto,Alto,No,6,61,Medio,Sí,0,Bajo,Alto,Privado,Neutral,2,No,Instituto,Cercana,Mujer,61,1,2
32,87,Medio,Alto,Sí,9,100,Medio,Sí,2,Medio,Bajo,Privado,Neutral,2,No,Postgrado,Moderada,Hombre,74,3,5
23,91,Medio,Alto,Sí,10,62,Bajo,Sí,1,Medio,Alto,Privado,Negativa,3,No,Universidad,Cercana,Hombre,70,2,2
17,77,Alto,Medio,Sí,4,77,Bajo,Sí,0,Medio,Medio,Privado,Positiva,4,No,Instituto,Cercana,Mujer,66,2,3
28,94,Medio,Alto,Sí,6,65,Alto,Sí,1,Bajo,Alto,Público,Positiva,1,No,Instituto,Cercana,Mujer,73,2,2
14,66,Medio,Medio,Sí,5,93,Medio,Sí,1,Medio,Medio,Privado,Negativa,2,No,Instituto,Cercana,Hombre,62,1,5
22,71,Medio,Bajo,Sí,7,98,Bajo,Sí,2,Bajo,Alto,Público,Neutral,2,No,Instituto,Moderada,Mujer,65,2,5
19,64,Alto,Medio,No,9,57,Bajo,Sí,0,Medio,Alto,Privado,Neutral,3,No,Instituto,Cercana,Mujer,62,1,1
24,68,Bajo,Medio,Sí,8,80,Medio,No,1,Bajo,Bajo,Público,Positiva,4,No,Postgrado,Moderada,Hombre,64,1,4
20,70,Medio,Medio,Sí,7,91,Medio,Sí,1,Bajo,Medio,Público,Negativa,2,No,Instituto,Lejana,Hombre,63,1,5
11,97,Medio,Medio,No,7,91,Medio,Sí,1,Medio,Medio,Público,Positiva,4,No,Instituto,Cercana,Hombre,69,2,5
20,63,Medio,Medio,No,7,72,Bajo,Sí,3,Bajo,Alto,Público,Negativa,5,Sí,Postgrado,Cercana,Hombre,63,1,3
26,77,Medio,Medio,Sí,8,61,Medio,Sí,1,Bajo,Medio,Público,Neutral,4,No,Universidad,Moderada,Hombre,67,2,2
20,81,Medio,Bajo,No,8,69,Medio,Sí,1,Medio,Medio,Privado,Neutral,2,No,Instituto,Cercana,Mujer,65,2,2
25,96,Medio,Alto,No,8,88,Medio,Sí,0,Bajo,Medio,Privado,Neutral,1,No,Instituto,Cercana,Hombre,71,2,4
14,100,Medio,Medio,Sí,4,100,Medio,Sí,3,Bajo,Medio,Público,Neutral,3,No,Postgrado,Moderada,Mujer,71,2,5
20,90,Medio,Medio,No,7,78,Alto,Sí,0,Medio,Alto,Público,Positiva,4,Sí,Postgrado,Lejana,Hombre,69,2,3
16,99,Medio,Alto,Sí,7,60,Medio,Sí,2,Bajo,Alto,Privado,Neutral,3,No,Postgrado,Moderada,Hombre,71,2,1
24,91,Bajo,Medio,Sí,8,52,Medio,Sí,1,Bajo,Medio,Público,Neutral,5,No,Instituto,Cercana,Hombre,68,2,1
20,99,Bajo,Medio,Sí,7,97,Medio,Sí,2,Bajo,Medio,Público,Neutral,0,No,Instituto,Cercana,Hombre,70,2,5
24,88,Medio,Alto,Sí,8,74,Medio,Sí,0,Bajo,Alto,Privado,Neutral,3,No,Postgrado,Cercana,Hombre,71,2,3
27,63,Medio,Medio,Sí,6,86,Medio,Sí,1,Medio,Medio,Público,Positiva,4,No,Postgrado,Cercana,Mujer,68,2,4
24,76,Bajo,Alto,No,8,83,Medio,Sí,1,Alto,Medio,Privado,Positiva,4,No,Instituto,Cercana,Mujer,69,2,4
22,86,Medio,Medio,Sí,9,95,Medio,Sí,4,Medio,Bajo,Privado,Positiva,2,No,Universidad,Cercana,Hombre,71,2,5
14,74,Alto,Medio,No,5,63,Bajo,No,2,Bajo,Alto,Privado,Positiva,3,No,Universidad,Lejana,Mujer,63,1,2
20,71,Bajo,Medio,No,5,72,Medio,Sí,4,Medio,Medio,Público,Positiva,4,No,Postgrado,Moderada,Hombre,66,2,3
17,83,Medio,Medio,No,8,96,Medio,Sí,1,Bajo,Medio,Público,Positiva,3,No,Universidad,Moderada,Hombre,67,2,5
18,97,Alto,Bajo,Sí,7,79,Medio,Sí,3,Alto,Medio,Privado,Positiva,3,No,Instituto,Lejana,Hombre,71,2,3
18,61,Bajo,Bajo,No,9,54,Medio,Sí,0,Medio,Medio,Público,Neutral,2,No,Universidad,Cercana,Mujer,59,1,1
14,91,Alto,Medio,Sí,7,60,Medio,Sí,0,Alto,Medio,Público,Neutral,2,No,Instituto,Cercana,Hombre,67,2,1
8,89,Alto,Alto,No,8,62,Medio,Sí,2,Medio,Medio,Público,Positiva,4,Sí,Instituto,Moderada,Hombre,66,2,2
16,99,Bajo,Alto,Sí,6,100,Alto,Sí,1,Alto,Alto,Público,Positiva,3,No,Instituto,Lejana,Mujer,72,2,5
21,97,Alto,Alto,No,8,61,Bajo,Sí,0,Bajo,Alto,Público,Neutral,3,Sí,Postgrado,Cercana,Mujer,70,2,2
12,90,Medio,Medio,Sí,8,93,Bajo,Sí,3,Alto,Medio,Público,Neutral,3,No,Instituto,Cercana,Mujer,68,2,5
20,81,Bajo,Medio,No,6,54,Bajo,Sí,0,Bajo,Bajo,Público,Positiva,2,No,Universidad,Moderada,Mujer,63,1,1
31,68,Medio,Medio,No,9,59,Medio,Sí,3,Alto,Alto,Público,Neutral,2,No,Postgrado,Cercana,Mujer,69,2,1
26,82,Bajo,Medio,No,4,94,Bajo,Sí,0,Bajo,Bajo,Privado,Positiva,3,No,Instituto,Cercana,Hombre,67,2,5
30,91,Medio,Alto,Sí,7,95,Bajo,Sí,1,Medio,Alto,Público,Positiva,3,No,Universidad,Cercana,Mujer,75,3,5
22,96,Bajo,Bajo,Sí,5,59,Medio,Sí,0,Medio,Alto,Privado,Positiva,2,No,Instituto,Lejana,Mujer,67,2,1
27,92,Alto,Alto,Sí,5,61,Medio,Sí,0,Medio,Alto,Privado,Positiva,3,No,Postgrado,Cercana,Hombre,74,3,2
16,68,Medio,Alto,Sí,8,77,Medio,Sí,1,Medio,Alto,Público,Positiva,4,No,Postgrado,Moderada,Hombre,66,2,3
16,84,Medio,Alto,Sí,5,53,Medio,No,2,Bajo,Medio,Público,Neutral,1,No,Instituto,Cercana,Hombre,65,2,1
4,73,Bajo,Medio,Sí,5,97,Alto,Sí,1,Bajo,Alto,Público,Negativa,1,No,Instituto,Cercana,Hombre,60,1,5
27,60,Medio,Alto,No,8,68,Alto,Sí,1,Medio,Medio,Privado,Negativa,4,Sí,Instituto,Lejana,Mujer,63,1,2
29,68,Bajo,Alto,Sí,5,74,Bajo,Sí,3,Alto,Alto,Público,Neutral,2,Sí,Postgrado,Cercana,Hombre,69,2,3
17,65,Alto,Alto,No,9,55,Medio,Sí,1,Medio,Medio,Público,Positiva,2,No,Instituto,Cercana,Hombre,64,1,1
18,94,Bajo,Medio,Sí,8,52,Medio,Sí,1,Medio,Medio,Privado,Positiva,4,No,Universidad,Cercana,Mujer,68,2,1
15,70,Medio,Medio,No,6,73,Bajo,Sí,2,Medio,Bajo,Público,Positiva,4,No,Instituto,Moderada,Hombre,63,1,3
22,71,Medio,Medio,Sí,8,56,Bajo,Sí,0,Medio,Alto,Público,Neutral,2,No,Postgrado,Cercana,Hombre,65,2,1
27,98,Medio,Alto,No,4,82,Medio,Sí,0,Alto,Medio,Público,Positiva,3,No,Instituto,Cercana,Mujer,74,3,4
10,75,Medio,Alto,Sí,8,90,Medio,Sí,2,Bajo,Medio,Público,Positiva,2,No,Postgrado,Moderada,Hombre,65,2,5
22,60,Medio,Medio,Sí,5,52,Medio,Sí,0,Bajo,Medio,Público,Negativa,2,No,Instituto,Cercana,Mujer,61,1,1
18,71,Medio,Alto,Sí,6,81,Medio,Sí,1,Bajo,Alto,Público,Positiva,3,No,Instituto,Cercana,Hombre,66,2,4
21,65,Medio,Alto,Sí,6,91,Alto,Sí,1,Medio,Alto,Público,Positiva,3,No,Instituto,Moderada,Hombre,67,2,5
23,64,Alto,Medio,Sí,9,72,Medio,Sí,0,Bajo,Alto,Público,Positiva,3,No,Universidad,Cercana,Hombre,66,2,3
19,63,Alto,Medio,No,6,98,Alto,Sí,4,Alto,Medio,Privado,Positiva,2,No,Postgrado,Cercana,Hombre,69,2,5
19,84,Medio,Medio,Sí,7,56,Bajo,Sí,2,Bajo,Medio,Público,Neutral,3,No,Instituto,Moderada,Mujer,65,2,1
19,68,Alto,Alto,No,6,66,Medio,Sí,2,Medio,Medio,Público,Neutral,3,No,Instituto,Lejana,Mujer,65,2,2
26,74,Alto,Medio,No,6,62,Medio,Sí,0,Bajo,Medio,Privado,Neutral,3,No,Instituto,Cercana,Mujer,66,2,2
23,94,Medio,Alto,No,5,100,Bajo,Sí,2,Medio,Alto,Público,Neutral,2,No,Postgrado,Cercana,Hombre,73,2,5
21,77,Bajo,Medio,Sí,7,65,Medio,Sí,2,Bajo,Alto,Público,Negativa,2,No,Instituto,Moderada,Mujer,64,1,2
12,97,Medio,Bajo,Sí,7,69,Bajo,Sí,0,Bajo,Alto,Público,Positiva,5,No,Instituto,Cercana,Mujer,67,2,2
18,80,Medio,Bajo,Sí,8,92,Alto,Sí,0,Medio,Alto,Privado,Positiva,1,No,Universidad,Cercana,Hombre,67,2,5
25,76,Medio,Bajo,Sí,7,96,Medio,Sí,3,Medio,Medio,Público,Positiva,4,Sí,Instituto,Cercana,Mujer,68,2,5
20,90,Medio,Bajo,Sí,7,97,Medio,Sí,2,Alto,Alto,Público,Positiva,3,No,Universidad,Moderada,Hombre,71,2,5
24,63,Medio,Medio,Sí,8,78,Medio,Sí,0,Bajo,Alto,Privado,Negativa,3,No,Instituto,Cercana,Hombre,64,1,3
31,64,Medio,Medio,Sí,6,83,Medio,Sí,1,Medio,Medio,Público,Positiva,2,No,Instituto,Moderada,Mujer,67,2,4
26,86,Medio,Bajo,No,5,67,Medio,Sí,2,Bajo,Alto,Privado,Positiva,1,No,Instituto,Moderada,Mujer,68,2,2
21,79,Bajo,Medio,Sí,8,80,Alto,Sí,1,Bajo,Alto,Privado,Negativa,3,No,Universidad,Cercana,Hombre,67,2,4
17,92,Bajo,Medio,Sí,6,65,Alto,Sí,3,Medio,Alto,Público,Positiva,2,No,Universidad,Cercana,Hombre,70,2,2
5,97,Medio,Bajo,Sí,7,87,Medio,Sí,2,Medio,Medio,Privado,Neutral,3,Sí,Instituto,Lejana,Mujer,64,1,4
19,76,Medio,Medio,Sí,6,65,Medio,Sí,0,Bajo,Medio,Público,Neutral,4,Sí,Instituto,Cercana,Mujer,63,1,2
18,84,Alto,Alto,No,6,94,Medio,Sí,3,Alto,Medio,Público,Neutral,4,No,Instituto,Cercana,Hombre,71,2,5
22,80,Bajo,Bajo,No,4,57,Bajo,Sí,1,Bajo,Medio,Público,Neutral,3,No,Postgrado,Moderada,Hombre,64,1,1
19,99,Bajo,Bajo,No,8,79,Alto,Sí,3,Medio,Medio,Privado,Positiva,4,No,Instituto,Cercana,Hombre,70,2,3
18,93,Medio,Alto,No,4,76,Alto,Sí,3,Bajo,Medio,Público,Negativa,3,No,Universidad,Cercana,Mujer,70,2,3
9,96,Medio,Alto,Sí,9,63,Medio,Sí,1,Alto,Medio,Privado,Neutral,1,No,Instituto,Cercana,Hombre,67,2,2
14,70,Medio,Medio,Sí,9,51,Bajo,Sí,1,Bajo,Alto,Público,Negativa,4,No,Universidad,Cercana,Hombre,62,1,1
23,91,Medio,Medio,No,6,57,Bajo,Sí,2,Bajo,Alto,Privado,Positiva,2,No,Instituto,Cercana,Hombre,69,2,1
30,71,Bajo,Alto,No,9,98,Bajo,Sí,2,Alto,Medio,Público,Positiva,1,No,Instituto,Moderada,Mujer,69,2,5
19,68,Bajo,Alto,No,10,97,Bajo,No,0,Bajo,Medio,Público,Positiva,3,No,Universidad,Lejana,Mujer,62,1,5
22,98,Bajo,Medio,No,7,56,Alto,Sí,1,Alto,Medio,Privado,Neutral,1,No,Universidad,Cercana,Mujer,70,2,1
26,61,Medio,Medio,Sí,8,69,Alto,Sí,2,Medio,Alto,Público,Positiva,3,No,Instituto,Cercana,Hombre,66,2,2
15,99,Alto,Medio,No,7,73,Bajo,Sí,1,Bajo,Medio,Público,Positiva,3,No,Instituto,Cercana,Hombre,69,2,3
22,66,Medio,Bajo,Sí,9,74,Medio,Sí,3,Bajo,Alto,Público,Negativa,3,No,Postgrado,Cercana,Mujer,65,2,3
16,93,Bajo,Alto,Sí,5,65,Bajo,Sí,0,Medio,Medio,Público,Negativa,3,No,Instituto,Cercana,Mujer,66,2,2
25,71,Alto,Medio,Sí,7,96,Bajo,Sí,2,Bajo,Medio,Público,Positiva,3,No,Instituto,Cercana,Mujer,69,2,5
21,74,Alto,Medio,Sí,8,95,Bajo,Sí,1,Medio,Medio,Privado,Positiva,5,Sí,Instituto,Lejana,Mujer,66,2,5
22,69,Bajo,Alto,Sí,8,51,Medio,Sí,1,Bajo,Alto,Público,Positiva,3,No,Instituto,Cercana,Mujer,65,2,1
15,83,Medio,Bajo,Sí,7,83,Bajo,Sí,1,Alto,Medio,Público,Neutral,2,No,Postgrado,Cercana,Mujer,66,2,4
24,74,Bajo,Bajo,Sí,9,54,Medio,Sí,1,Bajo,Medio,Público,Neutral,3,No,Instituto,Cercana,Mujer,63,1,1
33,86,Bajo,Medio,Sí,7,80,Medio,Sí,0,Bajo,Alto,Público,Neutral,3,No,Postgrado,Cercana,Mujer,72,2,4
14,61,Medio,Medio,Sí,7,93,Bajo,Sí,3,Medio,Alto,Público,Negativa,2,No,Instituto,Moderada,Hombre,62,1,5
18,63,Alto,Alto,No,8,82,Medio,Sí,1,Alto,Medio,Privado,Negativa,1,No,Instituto,Cercana,Hombre,64,1,4
21,64,Medio,Bajo,No,7,73,Alto,Sí,2,Bajo,Medio,Público,Negativa,2,Sí,Universidad,Lejana,Mujer,61,1,3
25,77,Alto,Medio,Sí,7,98,Bajo,Sí,0,Alto,Medio,Público,Positiva,2,No,Instituto,Cercana,Hombre,70,2,5
17,93,Medio,Medio,No,6,87,Medio,Sí,1,Bajo,Alto,Privado,Negativa,2,No,Instituto,Moderada,Mujer,67,2,4
3,96,Alto,Alto,Sí,10,62,Medio,Sí,3,Bajo,Medio,Privado,Neutral,4,No,Instituto,Lejana,Hombre,66,2,2
28,70,Medio,Medio,Sí,6,69,Medio,Sí,2,Bajo,Bajo,Público,Positiva,4,Sí,Instituto,Cercana,Hombre,66,2,2
25,83,Bajo,Medio,Sí,8,88,Bajo,Sí,1,Medio,Alto,Público,Neutral,3,Sí,Universidad,Cercana,Hombre,68,2,4
10,91,Alto,Alto,Sí,10,51,Medio,Sí,0,Bajo,Medio,Público,Positiva,3,No,Postgrado,Moderada,Hombre,67,2,1
16,72,Medio,Alto,No,5,53,Medio,Sí,1,Alto,Alto,Público,Positiva,3,No,Universidad,Cercana,Hombre,65,2,1
29,76,Medio,Alto,Sí,8,93,Bajo,No,0,Medio,Alto,Público,Positiva,4,No,Universidad,Moderada,Hombre,70,2,5
29,81,Medio,Medio,Sí,7,52,Medio,No,1,Alto,Medio,Público,Neutral,4,No,Universidad,Cercana,Mujer,69,2,1
26,65,Medio,Medio,Sí,10,84,Medio,Sí,1,Bajo,Alto,Público,Positiva,4,No,Postgrado,Cercana,Hombre,68,2,4
19,61,Medio,Medio,No,6,66,Medio,Sí,0,Alto,Medio,Público,Neutral,1,No,Instituto,Cercana,Hombre,61,1,2
20,66,Medio,Alto,Sí,6,91,Bajo,Sí,0,Medio,Alto,Público,Negativa,5,No,Instituto,Lejana,Hombre,65,2,5
19,85,Alto,Alto,No,7,92,Medio,Sí,3,Medio,Medio,Público,Neutral,2,No,Universidad,Cercana,Mujer,71,2,5
27,63,Medio,Alto,No,6,98,Bajo,Sí,0,Medio,Medio,Privado,Negativa,3,No,Instituto,Cercana,Mujer,66,2,5
15,68,Medio,Alto,No,6,55,Medio,No,0,Alto,Medio,Privado,Positiva,3,No,Instituto,Cercana,Mujer,62,1,1
15,74,Bajo,Bajo,No,10,71,Medio,Sí,0,Bajo,Alto,Público,Negativa,2,No,Postgrado,Cercana,Hombre,61,1,3
26,63,Alto,Alto,Sí,7,79,Medio,Sí,1,Bajo,Alto,Público,Negativa,2,No,Instituto,Cercana,Hombre,67,2,3
20,68,Medio,Alto,Sí,6,96,Medio,Sí,0,Bajo,Alto,Público,Neutral,3,No,Instituto,Cercana,Mujer,66,2,5
28,96,Bajo,Alto,No,6,63,Alto,No,1,Alto,Medio,Público,Positiva,2,No,Instituto,Moderada,Mujer,71,2,2
16,61,Medio,Alto,Sí,8,54,Alto,Sí,0,Bajo,Alto,Privado,Positiva,3,No,Universidad,Moderada,Hombre,62,1,1
20,86,Medio,Medio,Sí,8,60,Bajo,Sí,1,Alto,Medio,Público,Neutral,3,Sí,Postgrado,Cercana,Hombre,67,2,1
14,75,Medio,Medio,Sí,6,75,Medio,Sí,0,Bajo,Alto,Público,Neutral,2,No,Instituto,Cercana,Hombre,64,1,3
20,87,Medio,Bajo,No,5,84,Medio,Sí,2,Medio,Medio,Privado,Neutral,3,No,Instituto,Cercana,Hombre,68,2,4
11,84,Medio,Medio,Sí,7,85,Alto,Sí,3,Medio,Medio,Público,Neutral,4,No,Universidad,Moderada,Mujer,67,2,4
17,69,Medio,Medio,Sí,7,54,Alto,Sí,1,Alto,Bajo,Público,Neutral,2,No,Instituto,Cercana,Hombre,63,1,1
11,94,Alto,Alto,No,6,88,Medio,Sí,2,Medio,Medio,Público,Positiva,4,No,Instituto,Cercana,Hombre,70,2,4
24,80,Bajo,Alto,Sí,9,83,Medio,Sí,1,Bajo,Bajo,Público,Negativa,1,No,Instituto,Cercana,Hombre,67,2,4
24,93,Medio,Alto,Sí,8,70,Bajo,Sí,1,Medio,Alto,Privado,Neutral,3,No,Instituto,Moderada,Mujer,71,2,2
10,76,Medio,Bajo,Sí,7,79,Bajo,Sí,3,Medio,Medio,Privado,Neutral,4,No,Instituto,Lejana,Mujer,62,1,3
28,99,Medio,Medio,Sí,6,88,Medio,Sí,3,Bajo,Medio,Público,Positiva,4,No,Instituto,Cercana,Mujer,75,3,4
35,91,Bajo,Medio,Sí,10,63,Bajo,Sí,1,Medio,Medio,Público,Neutral,5,No,Instituto,Cercana,Hombre,72,2,2
20,99,Medio,Bajo,Sí,5,97,Bajo,Sí,4,Alto,Medio,Público,Neutral,3,No,Universidad,Cercana,Mujer,73,2,5
16,81,Bajo,Medio,No,6,57,Alto,Sí,3,Bajo,Bajo,Privado,Positiva,3,No,Instituto,Cercana,Hombre,64,1,1
37,79,Medio,Alto,No,6,95,Alto,Sí,1,Alto,Medio,Público,Negativa,1,No,Instituto,Cercana,Hombre,73,2,5
12,90,Medio,Bajo,Sí,7,87,Bajo,Sí,2,Bajo,Alto,Público,Neutral,2,No,Postgrado,Lejana,Hombre,66,2,4
20,95,Bajo,Bajo,No,8,83,Alto,Sí,1,Medio,Medio,Privado,Positiva,3,No,Instituto,Cercana,Mujer,69,2,4
21,99,Medio,Medio,Sí,5,54,Alto,Sí,1,Bajo,Medio,Público,Neutral,4,No,Universidad,Moderada,Hombre,70,2,1
28,73,Medio,Alto,Sí,6,96,Medio,Sí,1,Medio,Medio,Público,Negativa,0,No,Postgrado,Cercana,Mujer,70,2,5
22,92,Alto,Alto,No,8,65,Medio,Sí,0,Medio,Alto,Privado,Positiva,2,No,Instituto,Moderada,Hombre,71,2,2
17,68,Bajo,Alto,Sí,6,87,Alto,Sí,0,Bajo,Medio,Privado,Positiva,4,Sí,Universidad,Cercana,Hombre,64,1,4
14,82,Medio,Alto,No,6,94,Bajo,Sí,7,Medio,Alto,Privado,Negativa,4,No,Postgrado,Cercana,Hombre,71,2,5
18,67,Alto,Medio,Sí,7,62,Alto,Sí,1,Bajo,Bajo,Privado,Positiva,2,No,Instituto,Lejana,Hombre,63,1,2
14,74,Alto,Alto,Sí,6,96,Bajo,Sí,2,Bajo,Alto,Público,Neutral,4,No,Universidad,Cercana,Hombre,68,2,5
20,97,Medio,Medio,No,7,81,Medio,Sí,3,Medio,Alto,Público,Neutral,3,Sí,Universidad,Cercana,Hombre,71,2,4
17,66,Medio,Medio,Sí,8,83,Medio,Sí,4,Medio,Alto,Privado,Negativa,5,No,Instituto,Moderada,Hombre,65,2,4
11,85,Alto,Medio,Sí,7,96,Medio,No,1,Bajo,Medio,Público,Neutral,3,No,Instituto,Cercana,Hombre,66,2,5
28,84,Alto,Alto,Sí,9,76,Alto,Sí,0,Alto,Medio,Privado,Negativa,3,No,Instituto,Cercana,Hombre,72,2,3
17,65,Alto,Alto,Sí,8,72,Bajo,Sí,1,Bajo,Medio,Público,Positiva,4,No,Universidad,Moderada,Hombre,65,2,3
12,73,Bajo,Medio,No,7,82,Medio,No,1,Bajo,Medio,Público,Positiva,3,No,Instituto,Lejana,Hombre,60,1,4
19,83,Bajo,Medio,No,7,78,Alto,No,2,Bajo,Alto,Público,Positiva,4,No,Postgrado,Moderada,Hombre,67,2,3
20,67,Medio,Alto,No,10,53,Alto,Sí,1,Bajo,Medio,Privado,Positiva,2,No,Postgrado,Cercana,Hombre,65,2,1
10,92,Alto,Bajo,Sí,6,59,Alto,Sí,0,Bajo,Medio,Público,Negativa,2,No,Instituto,Moderada,Mujer,64,1,1
22,99,Alto,Alto,Sí,7,51,Medio,Sí,2,Alto,Alto,Público,Negativa,4,Sí,Instituto,Moderada,Hombre,72,2,1
14,69,Alto,Medio,No,6,55,Medio,Sí,3,Bajo,Bajo,Privado,Positiva,2,No,Instituto,Moderada,Hombre,62,1,1
30,67,Medio,Medio,Sí,8,86,Medio,Sí,0,Bajo,Medio,Público,Neutral,4,No,Instituto,Moderada,Mujer,67,2,4
23,78,Medio,Medio,Sí,10,50,Medio,Sí,1,Medio,Medio,Privado,Positiva,3,Sí,Postgrado,Cercana,Mujer,67,2,1
18,90,Medio,Medio,No,7,65,Bajo,Sí,4,Medio,Medio,Público,Positiva,3,No,Universidad,Cercana,Mujer,69,2,2
16,71,Alto,Alto,Sí,7,72,Bajo,Sí,1,Medio,Bajo,Privado,Neutral,4,No,Universidad,Moderada,Mujer,65,2,3
19,61,Medio,Alto,No,7,97,Bajo,Sí,0,Medio,Alto,Público,Negativa,3,Sí,Universidad,Lejana,Hombre,62,1,5
24,82,Alto,Medio,Sí,5,66,Medio,Sí,0,Medio,Medio,Privado,Neutral,3,No,Postgrado,Cercana,Hombre,69,2,2
20,98,Medio,Alto,No,7,89,Medio,Sí,1,Alto,Medio,Público,Positiva,3,No,Universidad,Lejana,Mujer,72,2,4
19,76,Bajo,Alto,Sí,10,70,Bajo,Sí,1,Bajo,Medio,Público,Negativa,3,No,Universidad,Lejana,Mujer,63,1,2
20,77,Alto,Medio,No,8,55,Bajo,Sí,1,Medio,Medio,Público,Negativa,3,No,Universidad,Lejana,Mujer,64,1,1
16,99,Bajo,Medio,Sí,9,55,Medio,Sí,1,Alto,Medio,Público,Neutral,3,Sí,Universidad,Lejana,Mujer,67,2,1
18,88,Medio,Medio,No,9,72,Alto,Sí,2,Alto,Alto,Público,Neutral,4,No,Postgrado,Moderada,Hombre,70,2,3
7,89,Alto,Bajo,Sí,6,53,Medio,Sí,3,Bajo,Alto,Privado,Neutral,2,No,Instituto,Moderada,Hombre,64,1,1
26,83,Medio,Medio,No,10,79,Medio,Sí,1,Alto,Medio,Público,Neutral,2,No,Instituto,Moderada,Mujer,69,2,3
22,99,Alto,Alto,No,4,75,Bajo,Sí,2,Medio,Medio,Privado,Negativa,4,No,Instituto,Cercana,Mujer,72,2,3
15,88,Medio,Medio,Sí,7,85,Medio,Sí,4,Medio,Medio,Privado,Negativa,2,No,Postgrado,Cercana,Mujer,69,2,4
31,96,Alto,Medio,Sí,4,59,Medio,Sí,3,Bajo,Medio,Privado,Neutral,5,No,Instituto,Cercana,Mujer,75,3,1
21,88,Bajo,Medio,No,4,80,Bajo,Sí,1,Medio,Medio,Público,Positiva,2,Sí,Postgrado,Cercana,Hombre,67,2,4
14,89,Medio,Medio,Sí,8,59,Alto,Sí,1,Bajo,Medio,Privado,Neutral,3,No,Universidad,Cercana,Hombre,67,2,1
25,72,Medio,Medio,No,6,86,Alto,Sí,0,Medio,Medio,Público,Neutral,2,No,Instituto,Lejana,Mujer,66,2,4
22,72,Medio,Bajo,Sí,9,65,Alto,Sí,0,Medio,Medio,Público,Neutral,3,No,Instituto,Moderada,Hombre,64,1,2
22,91,Medio,Bajo,No,4,81,Medio,Sí,2,Bajo,Alto,Privado,Negativa,3,No,Instituto,Cercana,Hombre,68,2,4
17,72,Alto,Medio,Sí,7,94,Alto,Sí,1,Bajo,Medio,Público,Neutral,5,No,Instituto,Moderada,Hombre,66,2,5
23,83,Alto,Medio,No,5,74,Medio,Sí,3,Bajo,Medio,Público,Negativa,2,No,Postgrado,Cercana,Hombre,69,2,3
18,70,Alto,Bajo,Sí,7,60,Medio,Sí,1,Medio,Alto,Público,Positiva,3,No,Universidad,Cercana,Hombre,65,2,1
23,93,Medio,Bajo,Sí,9,94,Alto,Sí,2,Medio,Bajo,Privado,Negativa,3,No,Instituto,Moderada,Mujer,70,2,5
9,64,Medio,Bajo,Sí,10,68,Bajo,Sí,0,Medio,Medio,Privado,Negativa,3,No,Instituto,Cercana,Hombre,57,1,2
17,93,Medio,Medio,No,8,87,Bajo,Sí,2,Alto,Alto,Privado,Negativa,3,No,Universidad,Moderada,Hombre,69,2,4
30,84,Alto,Bajo,Sí,5,66,Bajo,Sí,0,Medio,Bajo,Público,Positiva,2,No,Postgrado,Cercana,Mujer,70,2,2
15,67,Bajo,Medio,Sí,5,65,Medio,Sí,4,Medio,Medio,Privado,Negativa,2,No,Universidad,Cercana,Hombre,63,1,2
16,82,Medio,Medio,No,7,82,Medio,Sí,1,Medio,Bajo,Público,Neutral,3,No,Postgrado,Moderada,Mujer,66,2,4
17,71,Medio,Medio,Sí,6,58,Medio,Sí,3,Medio,Medio,Privado,Positiva,3,Sí,Instituto,Cercana,Hombre,64,1,1
13,73,Medio,Alto,No,8,93,Medio,Sí,0,Alto,Alto,Público,Neutral,3,No,Postgrado,Cercana,Mujer,65,2,5
7,74,Alto,Medio,No,10,69,Alto,Sí,1,Alto,Medio,Público,Positiva,4,No,Instituto,Cercana,Hombre,64,1,2
19,63,Medio,Bajo,Sí,6,51,Alto,Sí,2,Medio,Medio,Público,Neutral,4,No,Instituto,Cercana,Hombre,62,1,1
21,99,Alto,Medio,Sí,6,65,Bajo,Sí,1,Medio,Medio,Privado,Positiva,2,No,Universidad,Lejana,Mujer,71,2,2
20,61,Medio,Alto,No,5,89,Medio,Sí,1,Medio,Medio,Público,Neutral,2,No,Postgrado,Lejana,Mujer,64,1,4
19,86,Alto,Alto,Sí,7,93,Alto,Sí,1,Medio,Alto,Público,Neutral,2,No,Instituto,Cercana,Hombre,72,2,5
20,75,Medio,Medio,No,7,78,Medio,Sí,0,Bajo,Medio,Público,Negativa,2,No,Universidad,Cercana,Mujer,64,1,3
26,86,Medio,Bajo,Sí,7,65,Medio,Sí,2,Alto,Alto,Privado,Neutral,4,No,Postgrado,Moderada,Hombre,71,2,2
19,74,Medio,Medio,Sí,8,76,Alto,Sí,5,Medio,Alto,Público,Neutral,4,Sí,Universidad,Cercana,Mujer,68,2,3
17,87,Medio,Medio,Sí,8,92,Medio,No,3,Alto,Bajo,Público,Negativa,2,No,Universidad,Cercana,Hombre,68,2,5
18,89,Medio,Medio,No,7,66,Medio,Sí,2,Medio,Medio,Público,Positiva,3,No,Universidad,Moderada,Hombre,68,2,2
23,88,Medio,Medio,No,7,69,Medio,Sí,3,Bajo,Alto,Público,Negativa,3,No,Instituto,Cercana,Hombre,69,2,2
28,65,Bajo,Medio,Sí,7,77,Alto,Sí,1,Bajo,Alto,Público,Positiva,3,No,Universidad,Cercana,Hombre,67,2,3
16,86,Medio,Bajo,No,7,94,Bajo,Sí,0,Bajo,Medio,Privado,Positiva,4,No,Instituto,Cercana,Hombre,66,2,5
21,71,Medio,Medio,Sí,6,79,Medio,Sí,1,Bajo,Medio,Privado,Neutral,4,No,Postgrado,Lejana,Hombre,65,2,3
22,61,Medio,Alto,No,5,60,Alto,Sí,0,Alto,Bajo,Privado,Neutral,2,No,Instituto,Moderada,Hombre,63,1,1
14,77,Alto,Bajo,No,7,54,Medio,Sí,1,Medio,Alto,Público,Negativa,2,No,Instituto,Moderada,Hombre,62,1,1
20,77,Alto,Alto,No,6,55,Medio,Sí,1,Alto,Bajo,Privado,Neutral,1,No,Universidad,Cercana,Hombre,67,2,1
11,79,Medio,Medio,Sí,8,98,Medio,Sí,2,Bajo,Medio,Público,Neutral,4,No,Instituto,Cercana,Mujer,65,2,5
9,88,Medio,Medio,Sí,7,91,Medio,Sí,1,Bajo,Medio,Público,Negativa,3,No,Universidad,Cercana,Mujer,66,2,5
22,72,Bajo,Alto,No,7,88,Medio,No,2,Medio,Medio,Público,Positiva,4,No,Instituto,Cercana,Mujer,66,2,4
18,73,Medio,Medio,Sí,8,75,Medio,Sí,0,Alto,Medio,Público,Neutral,1,Sí,Universidad,Cercana,Mujer,64,1,3
21,62,Alto,Medio,Sí,5,84,Medio,Sí,5,Bajo,Medio,Público,Positiva,4,No,Instituto,Cercana,Mujer,67,2,4
20,87,Medio,Medio,No,10,56,Medio,Sí,2,Medio,Medio,Público,Neutral,2,No,Universidad,Moderada,Mujer,67,2,1
14,83,Bajo,Bajo,No,4,81,Bajo,Sí,1,Bajo,Medio,Público,Negativa,4,Sí,Instituto,Moderada,Hombre,61,1,4
20,74,Medio,Medio,Sí,9,91,Medio,Sí,1,Bajo,Medio,Público,Neutral,5,No,Instituto,Cercana,Hombre,66,2,5
13,88,Alto,Medio,Sí,7,53,Medio,Sí,2,Medio,Medio,Privado,Negativa,4,No,Universidad,Moderada,Hombre,66,2,1
28,81,Medio,Bajo,Sí,6,65,Medio,Sí,1,Bajo,Medio,Público,Positiva,2,No,Instituto,Moderada,Hombre,67,2,2
12,79,Alto,Medio,No,5,56,Alto,Sí,1,Bajo,Bajo,Público,Positiva,5,No,Instituto,Cercana,Mujer,64,1,1
19,80,Alto,Bajo,No,6,63,Bajo,Sí,1,Bajo,Medio,Público,Neutral,3,No,Instituto,Cercana,Hombre,64,1,2
14,85,Bajo,Medio,No,7,89,Medio,Sí,2,Medio,Alto,Público,Positiva,2,No,Universidad,Moderada,Hombre,67,2,4
23,86,Bajo,Alto,No,7,67,Bajo,Sí,2,Medio,Alto,Privado,Neutral,3,Sí,Universidad,Cercana,Mujer,68,2,2
18,72,Medio,Bajo,No,9,84,Medio,Sí,2,Medio,Medio,Público,Neutral,4,No,Instituto,Cercana,Hombre,64,1,4
17,66,Medio,Medio,Sí,7,89,Medio,Sí,0,Medio,Medio,Privado,Negativa,3,No,Universidad,Cercana,Hombre,63,1,4
25,66,Medio,Alto,Sí,7,91,Medio,Sí,2,Bajo,Alto,Público,Neutral,3,No,Universidad,Cercana,Hombre,68,2,5
20,86,Bajo,Bajo,No,8,94,Bajo,Sí,2,Bajo,Medio,Privado,Negativa,2,No,Instituto,Lejana,Mujer,64,1,5
23,95,Bajo,Medio,Sí,7,80,Alto,Sí,2,Bajo,Medio,Público,Neutral,4,No,Instituto,Moderada,Mujer,70,2,4
14,76,Bajo,Medio,No,7,64,Medio,Sí,3,Medio,Medio,Privado,Positiva,3,No,Universidad,Cercana,Hombre,64,1,2
12,67,Alto,Medio,No,7,58,Medio,Sí,0,Alto,Medio,Público,Neutral,2,Sí,Instituto,Lejana,Hombre,59,1,1
21,90,Alto,Medio,Sí,8,75,Medio,Sí,4,Bajo,Alto,Público,Neutral,2,No,Instituto,Moderada,Hombre,71,2,3
18,93,Bajo,Medio,Sí,6,55,Medio,Sí,3,Bajo,Medio,Público,Negativa,5,No,Instituto,Moderada,Hombre,67,2,1
24,95,Medio,Bajo,Sí,6,96,Alto,Sí,3,Bajo,Medio,Privado,Neutral,3,No,Postgrado,Cercana,Mujer,73,2,5
20,84,Bajo,Bajo,No,8,72,Medio,Sí,3,Alto,Medio,Público,Neutral,3,No,Instituto,Cercana,Hombre,66,2,3
21,94,Alto,Alto,No,5,94,Medio,Sí,2,Bajo,Alto,Privado,Neutral,2,No,Universidad,Cercana,Hombre,73,2,5
10,61,Alto,Medio,Sí,7,85,Alto,Sí,1,Medio,Medio,Público,Neutral,4,No,Instituto,Cercana,Mujer,62,1,4
31,64,Medio,Alto,No,6,93,Medio,Sí,1,Bajo,Alto,Público,Neutral,3,No,Instituto,Cercana,Mujer,69,2,5
19,64,Medio,Alto,No,8,94,Medio,Sí,3,Medio,Alto,Privado,Neutral,3,Sí,Postgrado,Cercana,Mujer,66,2,5
24,89,Medio,Bajo,Sí,9,53,Medio,Sí,1,Bajo,Alto,Privado,Neutral,3,No,Instituto,Cercana,Hombre,68,2,1
15,63,Medio,Medio,Sí,6,86,Bajo,Sí,4,Alto,Medio,Público,Positiva,5,No,Instituto,Cercana,Hombre,65,2,4
22,80,Medio,Medio,Sí,8,61,Alto,Sí,1,Bajo,Medio,Público,Positiva,2,No,Universidad,Moderada,Hombre,67,2,2
12,79,Medio,Medio,Sí,7,99,Bajo,Sí,2,Medio,Medio,Público,Negativa,2,Sí,Instituto,Cercana,Mujer,64,1,5
23,72,Alto,Alto,Sí,6,89,Medio,No,0,Medio,Alto,Privado,Negativa,3,No,Instituto,Moderada,Hombre,67,2,4
18,95,Bajo,Bajo,Sí,7,50,Bajo,Sí,3,Medio,Medio,Privado,Neutral,3,No,Instituto,Moderada,Mujer,66,2,1
20,67,Alto,Medio,No,9,96,Alto,Sí,1,Alto,Alto,Público,Positiva,3,No,Instituto,Cercana,Mujer,68,2,5
24,74,Medio,Medio,Sí,7,65,Bajo,Sí,3,Medio,Alto,Público,Neutral,2,No,Universidad,Cercana,Hombre,68,2,2
13,91,Medio,Bajo,Sí,9,71,Bajo,Sí,1,Bajo,Medio,Público,Positiva,2,No,Universidad,Lejana,Hombre,64,1,3
16,61,Alto,Medio,Sí,7,81,Bajo,Sí,2,Medio,Medio,Público,Neutral,1,No,Instituto,Cercana,Mujer,63,1,4
23,87,Alto,Medio,No,5,96,Medio,Sí,2,Medio,Medio,Público,Positiva,3,No,Universidad,Moderada,Mujer,72,2,5
33,93,Alto,Medio,No,7,96,Medio,Sí,1,Bajo,Alto,Público,Positiva,1,No,Postgrado,Moderada,Mujer,75,3,5
19,97,Alto,Medio,No,5,78,Bajo,Sí,2,Bajo,Medio,Público,Positiva,3,No,Instituto,Cercana,Hombre,71,2,3
24,95,Alto,Medio,No,7,66,Bajo,Sí,2,Alto,Alto,Público,Negativa,3,No,Instituto,Cercana,Hombre,71,2,2
19,73,Medio,Medio,Sí,6,64,Bajo,Sí,4,Medio,Medio,Público,Positiva,5,Sí,Universidad,Cercana,Mujer,66,2,2
32,83,Alto,Medio,Sí,10,68,Medio,No,3,Bajo,Medio,Privado,Positiva,4,No,Instituto,Moderada,Mujer,71,2,2
10,63,Alto,Medio,No,9,59,Bajo,Sí,0,Medio,Alto,Público,Positiva,5,No,Postgrado,Moderada,Hombre,61,1,1
21,70,Medio,Medio,Sí,7,83,Medio,Sí,1,Medio,Medio,Público,Neutral,3,No,Instituto,Lejana,Hombre,65,2,4
10,64,Medio,Bajo,No,9,76,Bajo,Sí,1,Bajo,Medio,Privado,Positiva,1,No,Instituto,Cercana,Mujer,58,1,3
5,73,Alto,Bajo,Sí,6,89,Alto,Sí,1,Medio,Medio,Público,Neutral,2,No,Instituto,Cercana,Hombre,62,1,4
22,95,Alto,Bajo,No,5,55,Medio,Sí,2,Alto,Alto,Público,Neutral,0,Sí,Universidad,Cercana,Mujer,69,2,1
21,74,Medio,Bajo,Sí,8,70,Medio,Sí,1,Medio,Medio,Público,Neutral,3,No,Postgrado,Lejana,Hombre,65,2,2
18,82,Alto,Medio,Sí,8,62,Alto,Sí,3,Bajo,Medio,Privado,Neutral,4,No,Instituto,Cercana,Mujer,69,2,2
19,77,Alto,Medio,Sí,6,77,Alto,Sí,1,Bajo,Alto,Privado,Neutral,3,No,Universidad,Cercana,Mujer,68,2,3
39,78,Medio,Medio,No,6,73,Medio,Sí,0,Bajo,Medio,Público,Positiva,2,No,Universidad,Lejana,Hombre,70,2,3
18,99,Alto,Medio,Sí,8,72,Medio,Sí,4,Bajo,Medio,Público,Neutral,4,No,Instituto,Cercana,Mujer,72,2,3
23,72,Bajo,Medio,Sí,4,66,Bajo,No,3,Bajo,Medio,Privado,Positiva,4,No,Postgrado,Cercana,Mujer,66,2,2
16,85,Bajo,Alto,Sí,8,86,Bajo,Sí,2,Alto,Medio,Privado,Neutral,4,No,Instituto,Cercana,Mujer,68,2,4
22,77,Medio,Medio,Sí,7,74,Alto,Sí,2,Bajo,Bajo,Privado,Negativa,4,No,Universidad,Cercana,Hombre,67,2,3
19,62,Alto,Bajo,Sí,8,60,Medio,Sí,1,Bajo,Medio,Público,Positiva,2,No,Universidad,Lejana,Mujer,61,1,1
18,80,Bajo,Bajo,Sí,8,77,Medio,Sí,1,Bajo,Alto,Público,Negativa,2,No,Universidad,Cercana,Mujer,64,1,3
31,93,Alto,Medio,No,6,80,Medio,Sí,3,Medio,Medio,Público,Neutral,2,No,Instituto,Cercana,Hombre,74,3,4
27,64,Medio,Medio,No,5,51,Alto,Sí,1,Bajo,Alto,Público,Negativa,3,No,Instituto,Cercana,Mujer,64,1,1
21,63,Alto,Bajo,Sí,9,60,Medio,Sí,2,Medio,Medio,Público,Negativa,2,No,Postgrado,Cercana,Hombre,64,1,1
6,66,Alto,Medio,Sí,7,62,Bajo,Sí,2,Bajo,Medio,Público,Neutral,4,No,Postgrado,Cercana,Hombre,61,1,2
18,91,Alto,Alto,Sí,7,62,Medio,Sí,3,Bajo,Medio,Privado,Positiva,3,No,Instituto,Cercana,Hombre,71,2,2
36,89,Alto,Bajo,Sí,8,62,Bajo,Sí,2,Bajo,Alto,Privado,Negativa,3,No,Universidad,Moderada,Hombre,72,2,2
19,83,Alto,Alto,No,6,64,Medio,Sí,0,Medio,Medio,Privado,Negativa,5,No,Postgrado,Cercana,Mujer,68,2,2
27,79,Bajo,Alto,Sí,8,63,Alto,Sí,2,Bajo,Medio,Público,Negativa,5,No,Universidad,Moderada,Mujer,69,2,2
29,96,Medio,Alto,No,8,94,Alto,No,2,Bajo,Alto,Público,Negativa,4,No,Instituto,Cercana,Hombre,74,3,5
21,91,Medio,Alto,Sí,9,66,Bajo,Sí,3,Bajo,Medio,Público,Neutral,4,No,Universidad,Moderada,Mujer,70,2,2
15,92,Alto,Bajo,Sí,9,67,Bajo,Sí,1,Alto,Alto,Público,Positiva,2,No,Postgrado,Cercana,Hombre,69,2,2
5,93,Bajo,Bajo,No,7,63,Medio,Sí,2,Medio,Alto,Público,Neutral,3,No,Postgrado,Cercana,Hombre,64,1,2
24,86,Bajo,Bajo,Sí,8,98,Medio,Sí,2,Alto,Medio,Público,Positiva,5,No,Postgrado,Lejana,Hombre,71,2,5
15,78,Alto,Bajo,Sí,7,77,Bajo,Sí,0,Alto,Medio,Público,Neutral,3,No,Universidad,Cercana,Hombre,65,2,3
21,95,Alto,Medio,Sí,7,81,Medio,Sí,0,Medio,Medio,Público,Neutral,3,No,Instituto,Cercana,Hombre,71,2,4
13,97,Alto,Alto,Sí,5,87,Bajo,Sí,1,Medio,Alto,Público,Neutral,2,No,Postgrado,Cercana,Mujer,71,2,4
18,61,Bajo,Medio,Sí,7,67,Medio,Sí,5,Alto,Alto,Público,Positiva,2,No,Postgrado,Cercana,Hombre,66,2,2
20,62,Medio,Medio,No,4,98,Alto,Sí,1,Alto,Bajo,Público,Negativa,4,No,Instituto,Cercana,Hombre,64,1,5
22,98,Medio,Medio,No,7,58,Medio,Sí,0,Medio,Medio,Privado,Neutral,3,No,Instituto,Cercana,Hombre,70,2,1
13,71,Bajo,Bajo,No,9,73,Bajo,Sí,1,Alto,Alto,Privado,Neutral,3,No,Instituto,Moderada,Hombre,61,1,3
27,95,Medio,Medio,Sí,8,57,Alto,Sí,1,Medio,Bajo,Privado,Positiva,3,No,Instituto,Moderada,Mujer,71,2,1
16,76,Medio,Medio,No,7,90,Medio,Sí,0,Bajo,Medio,Público,Neutral,3,No,Postgrado,Moderada,Hombre,65,2,5
10,65,Bajo,Alto,No,7,55,Medio,Sí,0,Bajo,Alto,Público,Neutral,3,No,Instituto,Cercana,Mujer,59,1,1
19,63,Medio,Medio,Sí,6,78,Bajo,Sí,3,Medio,Medio,Público,Neutral,2,Sí,Universidad,Cercana,Hombre,63,1,3
20,66,Medio,Medio,Sí,6,55,Bajo,Sí,1,Alto,Alto,Público,Negativa,3,No,Postgrado,Moderada,Mujer,64,1,1
21,70,Bajo,Bajo,No,8,73,Bajo,Sí,0,Alto,Medio,Público,Neutral,4,No,Universidad,Cercana,Hombre,63,1,3
28,80,Alto,Alto,No,5,64,Medio,Sí,1,Bajo,Medio,Privado,Neutral,2,No,Postgrado,Moderada,Mujer,70,2,2
19,88,Alto,Medio,Sí,5,95,Medio,Sí,1,Medio,Alto,Público,Neutral,3,No,Instituto,Cercana,Hombre,70,2,5
19,99,Alto,Alto,Sí,8,53,Medio,Sí,1,Medio,Medio,Privado,Neutral,4,No,Universidad,Cercana,Hombre,72,2,1
13,78,Medio,Alto,No,7,82,Alto,Sí,0,Bajo,Alto,Público,Neutral,2,No,Universidad,Moderada,Mujer,65,2,4
25,81,Alto,Medio,Sí,7,85,Alto,Sí,3,Medio,Medio,Público,Negativa,1,No,Postgrado,Moderada,Mujer,71,2,4
21,81,Alto,Medio,Sí,7,94,Medio,Sí,3,Medio,Medio,Público,Neutral,1,No,Postgrado,Moderada,Hombre,70,2,5
17,82,Medio,Bajo,No,10,94,Medio,Sí,1,Alto,Alto,Privado,Neutral,3,No,Instituto,Moderada,Mujer,66,2,5
9,81,Medio,Medio,Sí,7,99,Medio,Sí,2,Bajo,Medio,Público,Neutral,3,No,Instituto,Moderada,Mujer,64,1,5
29,60,Bajo,Alto,No,7,63,Medio,Sí,0,Bajo,Medio,Público,Negativa,4,No,Postgrado,Cercana,Hombre,64,1,2
13,60,Alto,Bajo,No,10,64,Bajo,Sí,1,Medio,Medio,Público,Neutral,4,No,Universidad,Lejana,Hombre,59,1,2
16,64,Medio,Alto,Sí,7,70,Medio,Sí,5,Bajo,Bajo,Público,Positiva,4,No,Instituto,Moderada,Hombre,65,2,2
22,64,Alto,Medio,Sí,10,77,Medio,Sí,1,Bajo,Alto,Público,Positiva,3,No,Instituto,Moderada,Hombre,66,2,3
13,88,Medio,Medio,Sí,4,68,Alto,Sí,1,Alto,Medio,Público,Positiva,2,No,Instituto,Cercana,Mujer,67,2,2
11,68,Alto,Medio,Sí,5,87,Medio,Sí,1,Bajo,Medio,Público,Positiva,4,Sí,Instituto,Lejana,Hombre,62,1,4
7,96,Alto,Bajo,No,6,50,Medio,Sí,1,Alto,Medio,Privado,Negativa,3,No,Universidad,Cercana,Hombre,65,2,1
24,97,Alto,Medio,Sí,8,51,Medio,Sí,3,Bajo,Medio,Público,Neutral,2,No,Postgrado,Cercana,Mujer,73,2,1
17,99,Medio,Medio,No,10,86,Bajo,Sí,1,Medio,Medio,Privado,Positiva,2,No,Universidad,Cercana,Hombre,70,2,4
38,98,Bajo,Medio,No,6,94,Medio,Sí,2,Bajo,Bajo,Público,Negativa,4,No,Postgrado,Cercana,Mujer,75,3,5
14,71,Alto,Alto,Sí,8,89,Medio,Sí,0,Medio,Medio,Público,Neutral,3,No,Postgrado,Cercana,Mujer,66,2,4
14,80,Alto,Medio,No,10,56,Bajo,Sí,1,Bajo,Medio,Público,Positiva,3,No,Postgrado,Moderada,Mujer,65,2,1
17,67,Medio,Medio,No,9,97,Medio,Sí,1,Medio,Bajo,Público,Neutral,3,No,Postgrado,Moderada,Mujer,64,1,5
21,92,Alto,Bajo,No,6,76,Bajo,Sí,2,Bajo,Medio,Público,Positiva,5,No,Universidad,Cercana,Hombre,70,2,3
17,96,Medio,Alto,Sí,8,87,Medio,Sí,0,Medio,Medio,Privado,Positiva,5,No,Instituto,Moderada,Hombre,71,2,4
24,94,Bajo,Medio,No,8,60,Bajo,Sí,0,Medio,Medio,Público,Neutral,3,No,Instituto,Cercana,Hombre,68,2,1
14,77,Medio,Medio,Sí,6,77,Bajo,Sí,1,Bajo,Alto,Privado,Neutral,2,No,Universidad,Cercana,Hombre,64,1,3
12,90,Alto,Alto,No,8,67,Bajo,Sí,2,Bajo,Bajo,Público,Neutral,3,No,Instituto,Cercana,Mujer,67,2,2
9,64,Medio,Alto,Sí,6,99,Medio,Sí,6,Bajo,Alto,Público,Positiva,6,Sí,Instituto,Moderada,Hombre,65,2,5
7,62,Alto,Medio,Sí,7,74,Medio,Sí,3,Medio,Medio,Público,Neutral,3,No,Postgrado,Cercana,Mujer,62,1,3
17,90,Bajo,Alto,Sí,5,88,Bajo,Sí,1,Medio,Medio,Público,Negativa,1,No,Universidad,Cercana,Mujer,68,2,4
18,77,Alto,Medio,Sí,4,80,Medio,Sí,1,Medio,Bajo,Privado,Negativa,2,No,Universidad,Cercana,Hombre,66,2,4
16,100,Alto,Alto,Sí,7,55,Alto,Sí,1,Bajo,Medio,Público,Negativa,2,Sí,Universidad,Moderada,Hombre,69,2,1
27,64,Medio,Medio,Sí,7,77,Alto,Sí,3,Alto,Medio,Público,Neutral,4,No,Instituto,Moderada,Hombre,68,2,3
27,94,Medio,Bajo,No,5,77,Medio,Sí,0,Medio,Alto,Público,Positiva,2,No,Universidad,Cercana,Mujer,71,2,3
18,79,Medio,Alto,Sí,8,86,Medio,Sí,3,Bajo,Bajo,Público,Neutral,4,No,Universidad,Cercana,Mujer,68,2,4
9,93,Alto,Bajo,Sí,7,66,Medio,Sí,0,Bajo,Bajo,Privado,Neutral,2,No,Universidad,Moderada,Hombre,64,1,2
17,93,Bajo,Medio,No,8,93,Bajo,Sí,0,Bajo,Medio,Público,Negativa,3,No,Universidad,Moderada,Hombre,66,2,5
16,97,Medio,Bajo,Sí,8,81,Alto,Sí,0,Alto,Alto,Privado,Positiva,2,No,Instituto,Cercana,Hombre,70,2,4
16,72,Bajo,Medio,No,9,52,Medio,Sí,1,Medio,Alto,Público,Negativa,1,Sí,Universidad,Moderada,Mujer,60,1,1
16,98,Medio,Medio,Sí,8,85,Bajo,Sí,0,Bajo,Alto,Público,Positiva,2,No,Universidad,Lejana,Hombre,69,2,4
16,66,Medio,Medio,Sí,7,95,Bajo,Sí,1,Medio,Medio,Público,Positiva,4,No,Universidad,Cercana,Hombre,65,2,5
18,63,Alto,Alto,Sí,7,84,Medio,Sí,1,Medio,Alto,Público,Neutral,2,No,Instituto,Cercana,Mujer,66,2,4
16,77,Medio,Bajo,No,10,69,Medio,Sí,1,Medio,Medio,Privado,Neutral,3,No,Instituto,Cercana,Mujer,64,1,2
21,93,Medio,Alto,No,8,80,Medio,Sí,0,Alto,Alto,Público,Positiva,1,No,Universidad,Moderada,Mujer,71,2,4
22,79,Alto,Bajo,No,7,59,Medio,Sí,0,Medio,Medio,Público,Positiva,3,No,Universidad,Cercana,Hombre,66,2,1
15,93,Medio,Bajo,Sí,7,80,Bajo,Sí,0,Bajo,Medio,Público,Positiva,3,No,Instituto,Cercana,Mujer,66,2,4
28,89,Medio,Medio,No,6,75,Medio,Sí,1,Bajo,Bajo,Privado,Negativa,3,No,Instituto,Moderada,Hombre,68,2,3
14,68,Alto,Alto,No,5,51,Alto,Sí,1,Alto,Medio,Público,Neutral,5,Sí,Instituto,Moderada,Hombre,63,1,1
10,98,Medio,Bajo,Sí,10,66,Bajo,Sí,1,Bajo,Alto,Público,Negativa,2,No,Universidad,Cercana,Mujer,66,2,2
22,62,Bajo,Medio,No,8,60,Bajo,No,0,Medio,Alto,Público,Positiva,2,No,Universidad,Cercana,Hombre,61,1,1
15,96,Medio,Bajo,No,5,70,Alto,Sí,4,Bajo,Alto,Privado,Positiva,3,No,Universidad,Cercana,Hombre,70,2,2
22,72,Medio,Alto,Sí,7,62,Bajo,Sí,5,Alto,Medio,Privado,Neutral,2,No,Universidad,Moderada,Mujer,68,2,2
6,80,Medio,Medio,Sí,9,92,Bajo,Sí,5,Bajo,Medio,Público,Neutral,2,No,Postgrado,Moderada,Hombre,65,2,5
28,77,Alto,Medio,No,6,85,Alto,Sí,0,Bajo,Medio,Público,Negativa,1,No,Postgrado,Cercana,Mujer,69,2,4
24,67,Medio,Alto,Sí,6,87,Bajo,Sí,0,Medio,Medio,Público,Positiva,4,No,Universidad,Cercana,Hombre,67,2,4
11,74,Alto,Medio,No,8,68,Bajo,Sí,0,Medio,Medio,Público,Positiva,3,No,Instituto,Moderada,Hombre,62,1,2
11,68,Bajo,Alto,Sí,8,50,Bajo,Sí,2,Bajo,Alto,Privado,Positiva,4,No,Instituto,Cercana,Mujer,61,1,1
30,68,Alto,Alto,Sí,6,61,Alto,Sí,1,Medio,Medio,Público,Positiva,3,No,Postgrado,Cercana,Mujer,70,2,2
16,67,Alto,Medio,Sí,6,88,Medio,Sí,0,Alto,Bajo,Público,Neutral,3,No,Universidad,Cercana,Hombre,65,2,4
15,80,Alto,Medio,No,8,80,Medio,Sí,1,Bajo,Medio,Público,Neutral,4,No,Instituto,Moderada,Mujer,65,2,4
6,92,Medio,Medio,Sí,5,77,Medio,Sí,1,Bajo,Alto,Público,Positiva,4,No,Instituto,Cercana,Hombre,66,2,3
18,83,Medio,Alto,Sí,6,64,Bajo,No,1,Medio,Alto,Privado,Negativa,3,No,Instituto,Cercana,Mujer,66,2,2
19,96,Medio,Medio,Sí,7,54,Alto,Sí,1,Bajo,Medio,Público,Neutral,3,No,Universidad,Cercana,Hombre,69,2,1
24,85,Alto,Alto,No,8,89,Medio,Sí,1,Bajo,Medio,Público,Neutral,3,No,Instituto,Moderada,Mujer,70,2,4
12,88,Alto,Medio,No,6,52,Bajo,No,1,Medio,Alto,Público,Negativa,1,No,Instituto,Cercana,Hombre,63,1,1
11,87,Bajo,Medio,No,8,53,Alto,Sí,1,Medio,Medio,Público,Positiva,3,No,Instituto,Cercana,Mujer,64,1,1
23,78,Alto,Bajo,No,9,65,Alto,Sí,1,Bajo,Alto,Público,Neutral,2,Sí,Universidad,Lejana,Mujer,65,2,2
26,88,Alto,Medio,Sí,6,79,Medio,Sí,1,Bajo,Alto,Público,Neutral,4,No,Instituto,Lejana,Hombre,71,2,3
11,63,Medio,Medio,Sí,10,100,Alto,Sí,0,Medio,Medio,Público,Neutral,3,No,Instituto,Lejana,Mujer,61,1,5
26,94,Bajo,Bajo,Sí,9,55,Bajo,Sí,2,Alto,Medio,Público,Neutral,3,No,Instituto,Cercana,Hombre,69,2,1
20,91,Alto,Medio,No,7,74,Medio,Sí,1,Medio,Medio,Público,Neutral,4,No,Instituto,Moderada,Hombre,69,2,3
27,70,Medio,Medio,No,7,80,Bajo,Sí,1,Bajo,Medio,Público,Neutral,3,No,Instituto,Cercana,Mujer,66,2,4
20,91,Alto,Medio,No,6,91,Medio,Sí,3,Alto,Alto,Público,Neutral,2,No,Instituto,Cercana,Hombre,72,2,5
5,61,Alto,Medio,No,9,84,Alto,Sí,1,Medio,Medio,Público,Neutral,3,No,Universidad,Cercana,Hombre,60,1,4
19,69,Bajo,Bajo,No,7,90,Medio,Sí,0,Bajo,Medio,Público,Neutral,1,No,Universidad,Cercana,Hombre,62,1,5
26,63,Medio,Medio,Sí,5,76,Medio,Sí,3,Medio,Alto,Público,Neutral,5,Sí,Instituto,Cercana,Mujer,66,2,3
15,91,Medio,Alto,Sí,4,72,Bajo,Sí,1,Alto,Alto,Privado,Neutral,2,No,Instituto,Cercana,Hombre,69,2,3
18,90,Alto,Medio,No,7,81,Medio,Sí,2,Medio,Bajo,Público,Negativa,3,No,Postgrado,Moderada,Hombre,69,2,4
19,93,Medio,Alto,No,7,95,Bajo,Sí,3,Medio,Medio,Privado,Negativa,3,No,Instituto,Cercana,Mujer,71,2,5
3,60,Medio,Bajo,Sí,6,78,Bajo,Sí,1,Bajo,Medio,Público,Positiva,1,No,Postgrado,Cercana,Mujer,57,1,3
30,80,Alto,Alto,No,5,80,Medio,Sí,0,Bajo,Medio,Privado,Positiva,4,No,Postgrado,Cercana,Mujer,72,2,4
15,88,Bajo,Medio,Sí,4,67,Medio,Sí,1,Medio,Alto,Privado,Positiva,4,No,Instituto,Lejana,Mujer,66,2,2
23,66,Medio,Medio,Sí,6,80,Medio,Sí,1,Medio,Medio,Público,Positiva,3,No,Universidad,Cercana,Mujer,66,2,4
19,86,Medio,Medio,No,6,81,Medio,Sí,3,Medio,Alto,Público,Neutral,3,No,Universidad,Cercana,Hombre,70,2,4
28,63,Medio,Medio,No,8,88,Medio,Sí,2,Bajo,Alto,Público,Positiva,2,No,Instituto,Cercana,Hombre,67,2,4
22,67,Medio,Medio,Sí,7,79,Medio,Sí,1,Medio,Bajo,Privado,Neutral,3,No,Universidad,Moderada,Mujer,65,2,3
19,79,Medio,Medio,Sí,9,60,Bajo,Sí,1,Bajo,Medio,Público,Neutral,3,Sí,Instituto,Cercana,Mujer,63,1,1
15,86,Alto,Bajo,No,8,79,Medio,Sí,3,Bajo,Medio,Público,Positiva,3,No,Universidad,Cercana,Mujer,68,2,3
25,66,Bajo,Medio,Sí,8,65,Medio,Sí,0,Medio,Medio,Público,Positiva,3,Sí,Instituto,Cercana,Hombre,63,1,2
9,67,Medio,Alto,Sí,8,54,Medio,Sí,3,Medio,Alto,Privado,Positiva,5,No,Universidad,Moderada,Hombre,63,1,1
24,68,Medio,Medio,Sí,5,91,Alto,Sí,1,Alto,Medio,Público,Negativa,4,No,Universidad,Cercana,Mujer,68,2,5
13,70,Medio,Medio,Sí,6,53,Medio,Sí,2,Bajo,Medio,Público,Negativa,0,Sí,Universidad,Moderada,Mujer,60,1,1
28,69,Medio,Medio,No,10,82,Alto,Sí,0,Medio,Medio,Privado,Neutral,2,No,Instituto,Cercana,Mujer,67,2,4
21,76,Bajo,Bajo,Sí,4,99,Alto,Sí,0,Bajo,Bajo,Público,Positiva,3,No,Universidad,Lejana,Hombre,65,2,5
24,86,Alto,Bajo,Sí,7,54,Medio,Sí,0,Bajo,Alto,Público,Neutral,2,No,Universidad,Cercana,Hombre,68,2,1
20,78,Medio,Bajo,No,8,61,Medio,Sí,0,Medio,Medio,Público,Neutral,2,Sí,Instituto,Moderada,Mujer,62,1,2
9,91,Medio,Bajo,No,4,88,Bajo,Sí,2,Medio,Medio,Público,Neutral,4,Sí,Postgrado,Cercana,Mujer,65,2,4
15,89,Medio,Medio,Sí,6,55,Alto,Sí,1,Bajo,Medio,Privado,Positiva,3,No,Instituto,Cercana,Hombre,66,2,1
24,65,Medio,Medio,Sí,10,92,Bajo,Sí,3,Medio,Alto,Público,Neutral,4,No,Instituto,Cercana,Hombre,67,2,5
21,62,Bajo,Alto,Sí,7,50,Bajo,No,1,Alto,Medio,Público,Negativa,2,No,Instituto,Moderada,Mujer,60,1,1
27,95,Bajo,Alto,Sí,6,94,Alto,Sí,2,Medio,Medio,Público,Neutral,4,No,Postgrado,Lejana,Mujer,74,3,5
22,63,Bajo,Bajo,Sí,7,53,Medio,Sí,1,Alto,Medio,Público,Neutral,4,No,Instituto,Cercana,Hombre,62,1,1
14,66,Bajo,Medio,Sí,6,96,Bajo,Sí,0,Alto,Medio,Público,Negativa,3,No,Universidad,Moderada,Hombre,61,1,5
15,61,Medio,Medio,No,10,93,Alto,Sí,0,Medio,Alto,Público,Neutral,4,No,Instituto,Cercana,Hombre,63,1,5
21,85,Medio,Bajo,No,6,77,Medio,Sí,2,Bajo,Medio,Público,Neutral,3,No,Universidad,Lejana,Hombre,66,2,3
6,83,Medio,Medio,No,6,89,Medio,Sí,1,Bajo,Medio,Público,Positiva,4,No,Postgrado,Cercana,Mujer,65,2,4
30,99,Bajo,Medio,No,5,54,Medio,Sí,0,Medio,Medio,Privado,Positiva,3,No,Postgrado,Cercana,Hombre,72,2,1
23,95,Alto,Medio,No,7,57,Medio,Sí,1,Bajo,Medio,Privado,Neutral,2,No,Instituto,Cercana,Mujer,70,2,1
27,76,Alto,Alto,Sí,7,68,Medio,Sí,1,Medio,Medio,Público,Neutral,3,No,Postgrado,Moderada,Mujer,71,2,2
11,75,Alto,Alto,Sí,9,77,Medio,No,1,Alto,Alto,Privado,Neutral,2,Sí,Universidad,Moderada,Hombre,64,1,3
27,72,Medio,Alto,No,5,93,Bajo,Sí,1,Alto,Medio,Público,Positiva,2,No,Universidad,Cercana,Hombre,70,2,5
33,66,Medio,Medio,No,8,77,Medio,Sí,2,Medio,Bajo,Público,Neutral,3,No,Instituto,Cercana,Hombre,68,2,3
12,66,Bajo,Alto,Sí,7,83,Medio,No,1,Medio,Medio,Público,Neutral,3,No,Instituto,Cercana,Hombre,61,1,4
25,65,Alto,Medio,Sí,4,84,Alto,Sí,1,Alto,Medio,Público,Positiva,2,No,Instituto,Cercana,Hombre,68,2,4
20,65,Bajo,Medio,No,6,94,Medio,Sí,1,Bajo,Alto,Público,Positiva,2,No,Postgrado,Cercana,Mujer,64,1,5
11,70,Medio,Alto,Sí,6,89,Bajo,Sí,2,Medio,Medio,Público,Positiva,4,No,Instituto,Cercana,Mujer,64,1,4
23,72,Medio,Alto,Sí,10,99,Medio,Sí,2,Medio,Alto,Privado,Neutral,4,No,Postgrado,Cercana,Mujer,71,2,5
25,98,Medio,Alto,Sí,8,51,Medio,Sí,0,Medio,Medio,Privado,Positiva,2,No,Universidad,Moderada,Mujer,72,2,1
16,83,Medio,Medio,Sí,7,60,Medio,Sí,0,Alto,Medio,Público,Positiva,1,No,Universidad,Moderada,Mujer,66,2,1
27,100,Bajo,Medio,Sí,4,97,Bajo,Sí,4,Bajo,Alto,Público,Positiva,3,No,Instituto,Cercana,Mujer,74,3,5
10,75,Medio,Medio,Sí,4,90,Medio,Sí,3,Medio,Alto,Público,Positiva,3,Sí,Postgrado,Moderada,Hombre,65,2,5
11,78,Alto,Alto,No,8,63,Bajo,Sí,1,Bajo,Medio,Público,Neutral,3,No,Instituto,Cercana,Mujer,64,1,2
21,73,Alto,Medio,Sí,8,99,Medio,Sí,1,Medio,Alto,Público,Positiva,4,No,Universidad,Moderada,Hombre,69,2,5
20,67,Medio,Medio,No,6,93,Bajo,No,1,Bajo,Medio,Público,Negativa,3,Sí,Universidad,Cercana,Hombre,62,1,5
16,66,Medio,Medio,Sí,7,53,Alto,Sí,2,Medio,Medio,Público,Negativa,2,No,Postgrado,Moderada,Hombre,62,1,1
25,98,Bajo,Bajo,Sí,7,91,Medio,Sí,2,Bajo,Bajo,Público,Positiva,3,No,Postgrado,Cercana,Mujer,72,2,5
23,99,Medio,Alto,No,7,89,Alto,Sí,1,Medio,Medio,Público,Neutral,3,No,Instituto,Cercana,Mujer,73,2,4
25,62,Medio,Bajo,No,6,61,Alto,Sí,1,Medio,Medio,Público,Positiva,4,No,Postgrado,Moderada,Mujer,64,1,2
19,66,Medio,Medio,No,8,83,Medio,Sí,2,Medio,Alto,Público,Neutral,3,No,Instituto,Cercana,Mujer,65,2,4
24,77,Alto,Alto,Sí,9,99,Medio,Sí,1,Bajo,Medio,Público,Positiva,1,No,Instituto,Cercana,Hombre,70,2,5
17,67,Medio,Medio,Sí,6,84,Alto,Sí,1,Alto,Alto,Público,Neutral,3,No,Postgrado,Moderada,Mujer,66,2,4
32,75,Bajo,Alto,No,5,91,Bajo,Sí,1,Alto,Medio,Público,Positiva,2,No,Universidad,Moderada,Mujer,70,2,5
15,65,Medio,Alto,Sí,6,55,Bajo,Sí,2,Medio,Medio,Privado,Positiva,3,No,Instituto,Cercana,Mujer,63,1,1
33,78,Bajo,Bajo,No,7,86,Medio,Sí,1,Bajo,Alto,Público,Positiva,4,No,Instituto,Cercana,Hombre,69,2,4
20,71,Alto,Medio,Sí,8,60,Bajo,Sí,0,Medio,Medio,Público,Neutral,2,No,Instituto,Cercana,Hombre,64,1,1
12,74,Bajo,Medio,No,8,54,Medio,Sí,2,Medio,Medio,Privado,Positiva,5,No,Postgrado,Moderada,Mujer,63,1,1
28,64,Medio,Medio,No,8,78,Bajo,Sí,2,Medio,Medio,Privado,Negativa,3,No,Postgrado,Cercana,Hombre,66,2,3
21,77,Medio,Medio,Sí,8,88,Bajo,Sí,2,Alto,Medio,Privado,Positiva,1,No,Universidad,Moderada,Mujer,68,2,4
25,99,Medio,Medio,Sí,7,77,Medio,Sí,0,Alto,Alto,Público,Neutral,3,No,Instituto,Cercana,Hombre,97,5,3
27,73,Bajo,Bajo,No,9,97,Medio,Sí,2,Medio,Alto,Público,Neutral,1,No,Instituto,Cercana,Mujer,67,2,5
22,95,Medio,Medio,No,7,85,Medio,Sí,0,Medio,Medio,Privado,Positiva,4,No,Universidad,Cercana,Hombre,71,2,4
16,94,Bajo,Bajo,Sí,8,56,Bajo,Sí,2,Bajo,Alto,Público,Positiva,2,No,Universidad,Cercana,Mujer,66,2,1
26,98,Medio,Bajo,Sí,7,97,Medio,Sí,2,Bajo,Medio,Público,Neutral,2,Sí,Postgrado,Moderada,Hombre,72,2,5
20,92,Alto,Medio,Sí,7,58,Bajo,Sí,2,Bajo,Bajo,Público,Neutral,4,No,Postgrado,Cercana,Mujer,70,2,1
24,86,Medio,Medio,Sí,7,88,Medio,Sí,1,Bajo,Medio,Público,Neutral,3,No,Instituto,Lejana,Hombre,69,2,4
7,94,Medio,Bajo,Sí,9,57,Alto,Sí,2,Medio,Medio,Público,Negativa,3,No,Postgrado,Cercana,Mujer,66,2,1
23,63,Alto,Alto,No,7,100,Bajo,Sí,2,Medio,Alto,Privado,Positiva,3,No,Postgrado,Cercana,Mujer,69,2,5
16,79,Medio,Medio,Sí,6,67,Bajo,No,2,Medio,Alto,Privado,Positiva,3,No,Universidad,Cercana,Hombre,65,2,2
30,100,Alto,Alto,No,6,75,Medio,Sí,0,Bajo,Medio,Público,Neutral,4,No,Universidad,Moderada,Mujer,75,3,3
24,91,Bajo,Medio,No,8,73,Medio,Sí,2,Bajo,Alto,Privado,Positiva,2,No,Postgrado,Moderada,Hombre,70,2,3
21,98,Alto,Bajo,Sí,6,55,Bajo,Sí,1,Medio,Medio,Público,Positiva,3,No,Instituto,Cercana,Hombre,70,2,1
23,91,Medio,Alto,Sí,7,75,Bajo,Sí,2,Bajo,Alto,Público,Negativa,2,No,Instituto,Lejana,Hombre,69,2,3
14,95,Alto,Medio,No,7,57,Medio,Sí,2,Bajo,Bajo,Público,Neutral,2,No,Universidad,Cercana,Mujer,68,2,1
30,88,Bajo,Medio,Sí,6,90,Alto,Sí,4,Alto,Medio,Privado,Negativa,2,No,Universidad,Moderada,Hombre,73,2,5
32,90,Medio,Medio,Sí,5,98,Alto,Sí,0,Medio,Alto,Público,Neutral,3,No,Universidad,Moderada,Hombre,74,3,5
22,81,Bajo,Bajo,No,5,90,Medio,Sí,0,Alto,Medio,Público,Positiva,2,No,Universidad,Moderada,Mujer,66,2,5
30,97,Alto,Medio,Sí,6,72,Alto,Sí,1,Bajo,Alto,Público,Positiva,2,No,Instituto,Lejana,Mujer,74,3,3
17,93,Medio,Bajo,Sí,5,50,Bajo,Sí,3,Alto,Medio,Público,Positiva,2,No,Instituto,Moderada,Hombre,67,2,1
15,94,Alto,Medio,Sí,8,52,Bajo,Sí,1,Medio,Medio,Privado,Positiva,2,No,Universidad,Lejana,Mujer,67,2,1
20,87,Medio,Alto,No,10,75,Bajo,Sí,3,Medio,Medio,Privado,Neutral,2,No,Universidad,Cercana,Mujer,70,2,3
23,72,Bajo,Alto,Sí,6,84,Medio,Sí,1,Alto,Alto,Público,Neutral,2,No,Instituto,Cercana,Hombre,67,2,4
18,61,Medio,Bajo,Sí,6,91,Alto,Sí,3,Medio,Alto,Público,Positiva,3,No,Universidad,Moderada,Mujer,80,3,5
23,97,Medio,Alto,Sí,6,80,Bajo,Sí,1,Bajo,Bajo,Público,Negativa,2,No,Universidad,Moderada,Hombre,70,2,4
22,83,Alto,Medio,No,8,99,Bajo,Sí,4,Alto,Alto,Público,Negativa,4,Sí,Instituto,Cercana,Mujer,71,2,5
14,72,Medio,Bajo,No,8,75,Alto,Sí,4,Alto,Medio,Privado,Positiva,2,Sí,Universidad,Cercana,Hombre,64,1,3
23,66,Alto,Alto,Sí,7,80,Medio,Sí,1,Medio,Medio,Público,Positiva,3,No,Universidad,Moderada,Mujer,68,2,4
25,93,Medio,Medio,No,5,62,Medio,Sí,0,Bajo,Medio,Público,Neutral,3,No,Instituto,Lejana,Hombre,68,2,2
21,93,Medio,Medio,Sí,6,67,Medio,No,1,Alto,Medio,Público,Positiva,3,No,Instituto,Cercana,Mujer,69,2,2
27,93,Alto,Bajo,Sí,7,84,Bajo,Sí,1,Medio,Medio,Privado,Neutral,2,No,Postgrado,Cercana,Hombre,72,2,4
13,86,Medio,Medio,No,7,80,Medio,Sí,0,Bajo,Medio,Privado,Negativa,5,No,Universidad,Cercana,Hombre,65,2,4
23,75,Bajo,Bajo,Sí,7,68,Medio,Sí,1,Alto,Bajo,Privado,Neutral,4,Sí,Instituto,Cercana,Hombre,64,1,2
13,72,Medio,Alto,No,8,56,Bajo,Sí,1,Bajo,Alto,Público,Positiva,4,No,Postgrado,Moderada,Mujer,64,1,1
13,60,Bajo,Medio,No,5,67,Alto,Sí,1,Bajo,Medio,Público,Positiva,4,Sí,Instituto,Lejana,Hombre,58,1,2
16,93,Alto,Medio,Sí,7,52,Bajo,Sí,2,Medio,Alto,Público,Neutral,3,No,Instituto,Cercana,Hombre,69,2,1
14,63,Alto,Bajo,No,7,79,Medio,Sí,1,Bajo,Medio,Público,Neutral,3,No,Instituto,Cercana,Hombre,61,1,3
17,85,Alto,Alto,Sí,6,66,Medio,Sí,0,Medio,Alto,Público,Neutral,2,No,Universidad,Moderada,Mujer,68,2,2
19,80,Alto,Medio,Sí,6,69,Bajo,Sí,1,Bajo,Bajo,Privado,Neutral,4,Sí,Universidad,Cercana,Hombre,66,2,2
25,81,Medio,Medio,No,8,79,Bajo,Sí,1,Medio,Medio,Público,Neutral,4,No,Universidad,Cercana,Mujer,68,2,3
18,97,Bajo,Alto,No,5,79,Bajo,Sí,2,Bajo,Alto,Público,Positiva,3,No,Universidad,Moderada,Hombre,70,2,3
10,61,Alto,Bajo,Sí,10,79,Medio,Sí,4,Alto,Alto,Público,Positiva,2,Sí,Universidad,Moderada,Hombre,62,1,3
27,91,Medio,Medio,No,8,75,Bajo,Sí,2,Medio,Alto,Privado,Neutral,3,No,Instituto,Cercana,Hombre,71,2,3
15,62,Medio,Medio,No,7,74,Alto,Sí,0,Bajo,Alto,Público,Negativa,3,No,Postgrado,Moderada,Mujer,61,1,3
20,62,Alto,Medio,Sí,7,91,Bajo,Sí,1,Medio,Bajo,Público,Negativa,3,No,Universidad,Cercana,Hombre,64,1,5
23,77,Medio,Bajo,No,8,73,Medio,Sí,1,Bajo,Bajo,Público,Positiva,2,No,Universidad,Cercana,Hombre,65,2,3
21,63,Bajo,Medio,Sí,6,77,Bajo,Sí,3,Medio,Alto,Público,Negativa,1,No,Instituto,Cercana,Hombre,63,1,3
27,92,Alto,Medio,Sí,6,99,Bajo,Sí,4,Bajo,Bajo,Privado,Positiva,3,No,Instituto,Cercana,Mujer,74,3,5
23,81,Medio,Alto,No,9,59,Bajo,Sí,2,Medio,Alto,Público,Neutral,2,No,Universidad,Cercana,Hombre,68,2,1
15,61,Alto,Medio,Sí,6,86,Alto,Sí,2,Alto,Alto,Público,Neutral,3,No,Instituto,Cercana,Mujer,65,2,4
33,62,Medio,Medio,No,7,74,Bajo,Sí,2,Medio,Medio,Público,Neutral,2,No,Universidad,Moderada,Hombre,66,2,3
21,85,Medio,Alto,Sí,6,92,Medio,Sí,1,Medio,Alto,Público,Neutral,2,Sí,Instituto,Moderada,Hombre,69,2,5
19,92,Bajo,Medio,Sí,7,70,Bajo,Sí,2,Alto,Medio,Privado,Positiva,2,No,Universidad,Cercana,Hombre,69,2,2
26,78,Alto,Medio,No,8,65,Medio,Sí,3,Medio,Medio,Público,Positiva,3,No,Universidad,Cercana,Mujer,70,2,2
21,82,Medio,Medio,Sí,10,60,Alto,Sí,3,Alto,Alto,Público,Positiva,4,No,Instituto,Cercana,Mujer,70,2,1
22,92,Medio,Medio,Sí,6,94,Medio,Sí,1,Medio,Medio,Público,Positiva,3,No,Instituto,Cercana,Hombre,71,2,5
35,84,Medio,Medio,No,5,86,Medio,Sí,1,Medio,Medio,Público,Neutral,3,No,Instituto,Cercana,Mujer,72,2,4
18,69,Medio,Bajo,No,7,54,Medio,Sí,1,Bajo,Alto,Público,Neutral,4,No,Instituto,Moderada,Hombre,61,1,1
18,85,Medio,Alto,Sí,6,86,Alto,No,1,Medio,Medio,Privado,Neutral,3,No,Instituto,Cercana,Mujer,68,2,4
21,85,Medio,Bajo,Sí,7,52,Medio,Sí,3,Bajo,Medio,Privado,Neutral,3,No,Instituto,Cercana,Hombre,66,2,1
26,89,Medio,Medio,Sí,8,59,Bajo,Sí,1,Bajo,Alto,Público,Neutral,4,No,Instituto,Cercana,Hombre,70,2,1
11,85,Medio,Bajo,No,10,80,Bajo,No,0,Bajo,Alto,Público,Positiva,3,No,Universidad,Cercana,Mujer,63,1,4
8,99,Medio,Alto,Sí,6,73,Medio,Sí,1,Medio,Medio,Público,Positiva,3,No,Instituto,Lejana,Mujer,68,2,3
16,68,Bajo,Medio,Sí,4,92,Medio,No,1,Medio,Medio,Público,Negativa,4,No,Universidad,Cercana,Hombre,62,1,5
10,98,Medio,Alto,No,7,80,Bajo,Sí,3,Medio,Medio,Privado,Neutral,3,No,Universidad,Cercana,Hombre,69,2,4
17,82,Medio,Medio,Sí,8,98,Medio,Sí,3,Medio,Alto,Público,Positiva,4,No,Instituto,Moderada,Hombre,69,2,5
23,87,Medio,Bajo,Sí,6,93,Medio,Sí,1,Alto,Alto,Privado,Positiva,4,No,Postgrado,Cercana,Mujer,72,2,5
15,64,Alto,Medio,Sí,7,67,Medio,Sí,2,Bajo,Alto,Público,Positiva,3,No,Instituto,Cercana,Hombre,64,1,2
11,75,Bajo,Medio,No,7,92,Medio,No,2,Bajo,Alto,Público,Positiva,4,No,Universidad,Moderada,Mujer,63,1,5
20,91,Medio,Medio,Sí,7,93,Alto,Sí,1,Bajo,Medio,Público,Negativa,3,No,Postgrado,Moderada,Hombre,70,2,5
25,88,Bajo,Medio,Sí,8,98,Bajo,No,1,Bajo,Bajo,Privado,Neutral,4,No,Postgrado,Cercana,Hombre,69,2,5
10,62,Alto,Alto,No,7,51,Medio,Sí,1,Medio,Alto,Privado,Positiva,2,No,Instituto,Cercana,Hombre,61,1,1
25,82,Alto,Alto,No,8,94,Bajo,Sí,2,Bajo,Medio,Público,Neutral,3,No,Instituto,Moderada,Hombre,70,2,5
25,64,Medio,Medio,Sí,4,53,Bajo,Sí,1,Medio,Medio,Público,Neutral,2,No,Universidad,Cercana,Hombre,64,1,1
26,100,Alto,Alto,Sí,6,76,Alto,Sí,0,Medio,Alto,Público,Negativa,4,No,Postgrado,Cercana,Hombre,76,3,3
27,96,Medio,Medio,Sí,6,71,Medio,Sí,2,Medio,Medio,Público,Neutral,2,No,Universidad,Cercana,Mujer,73,2,3
33,61,Bajo,Bajo,Sí,5,96,Medio,Sí,2,Medio,Medio,Público,Negativa,3,No,Instituto,Cercana,Hombre,67,2,5
18,94,Medio,Medio,Sí,7,70,Medio,No,2,Medio,Alto,Público,Negativa,3,No,Universidad,Cercana,Mujer,69,2,2
21,97,Medio,Medio,Sí,6,80,Bajo,Sí,2,Medio,Medio,Privado,Positiva,4,No,Universidad,Cercana,Hombre,72,2,4
18,74,Medio,Medio,No,6,85,Medio,Sí,4,Medio,Medio,Privado,Negativa,3,No,Universidad,Moderada,Mujer,66,2,4
20,89,Medio,Medio,Sí,8,51,Medio,Sí,3,Medio,Alto,Público,Positiva,3,No,Postgrado,Cercana,Mujer,70,2,1
29,78,Medio,Alto,Sí,7,80,Medio,Sí,2,Medio,Medio,Público,Positiva,4,No,Postgrado,Cercana,Mujer,73,2,4
12,86,Alto,Medio,Sí,5,76,Bajo,No,2,Alto,Medio,Público,Positiva,3,No,Postgrado,Cercana,Mujer,68,2,3
15,74,Medio,Alto,No,6,80,Medio,Sí,2,Alto,Medio,Público,Negativa,3,No,Postgrado,Moderada,Hombre,66,2,4
28,73,Bajo,Medio,Sí,8,54,Medio,Sí,4,Medio,Medio,Privado,Neutral,1,No,Instituto,Cercana,Mujer,67,2,1
26,77,Medio,Bajo,No,7,53,Alto,No,3,Medio,Alto,Privado,Positiva,3,No,Instituto,Cercana,Mujer,67,2,1
18,66,Medio,Alto,Sí,9,59,Medio,No,0,Bajo,Medio,Privado,Positiva,3,No,Instituto,Cercana,Hombre,62,1,1
25,93,Bajo,Medio,No,8,93,Medio,Sí,2,Medio,Medio,Público,Positiva,3,No,Universidad,Cercana,Hombre,72,2,5
22,74,Bajo,Alto,Sí,6,68,Medio,Sí,0,Medio,Bajo,Público,Positiva,4,No,Instituto,Lejana,Hombre,65,2,2
29,76,Medio,Bajo,Sí,9,72,Medio,Sí,1,Alto,Medio,Público,Positiva,3,No,Instituto,Cercana,Hombre,69,2,3
20,96,Medio,Alto,No,9,70,Medio,Sí,2,Bajo,Bajo,Público,Positiva,2,Sí,Instituto,Cercana,Hombre,69,2,2
26,80,Alto,Medio,Sí,4,86,Medio,No,0,Bajo,Medio,Público,Positiva,4,No,Universidad,Moderada,Hombre,69,2,4
36,82,Bajo,Bajo,Sí,7,63,Medio,Sí,0,Medio,Medio,Privado,Positiva,3,No,Instituto,Cercana,Hombre,69,2,2
24,98,Bajo,Medio,Sí,6,53,Medio,Sí,1,Medio,Bajo,Público,Neutral,2,No,Instituto,Cercana,Mujer,69,2,1
20,95,Medio,Alto,Sí,7,69,Bajo,Sí,0,Medio,Alto,Público,Neutral,3,No,Instituto,Cercana,Hombre,70,2,2
24,67,Alto,Bajo,No,6,86,Medio,Sí,6,Bajo,Medio,Privado,Positiva,3,Sí,Postgrado,Moderada,Mujer,67,2,4
18,79,Medio,Alto,Sí,6,96,Medio,Sí,3,Medio,Bajo,Público,Positiva,3,Sí,Postgrado,Cercana,Hombre,69,2,5
34,99,Medio,Medio,Sí,8,53,Medio,Sí,0,Medio,Alto,Público,Neutral,5,No,Universidad,Cercana,Hombre,75,3,1
21,75,Bajo,Medio,Sí,5,91,Medio,Sí,2,Bajo,Bajo,Público,Neutral,3,No,Instituto,Cercana,Hombre,66,2,5
18,75,Medio,Bajo,Sí,7,53,Medio,Sí,0,Alto,Alto,Público,Neutral,2,No,Instituto,Cercana,Hombre,63,1,1
15,68,Medio,Medio,Sí,5,67,Medio,Sí,3,Medio,Alto,Privado,Negativa,4,No,Postgrado,Moderada,Hombre,64,1,2
27,65,Medio,Medio,Sí,9,51,Medio,Sí,2,Alto,Medio,Privado,Positiva,2,No,Postgrado,Moderada,Mujer,66,2,1
25,90,Medio,Medio,Sí,7,96,Medio,Sí,1,Medio,Medio,Público,Positiva,4,No,Universidad,Moderada,Hombre,72,2,5
17,91,Medio,Alto,No,8,85,Alto,Sí,3,Medio,Alto,Público,Neutral,4,No,Universidad,Moderada,Mujer,71,2,4
23,99,Bajo,Medio,Sí,7,68,Medio,Sí,0,Alto,Alto,Privado,Positiva,2,No,Instituto,Lejana,Hombre,70,2,2
11,91,Alto,Medio,No,7,69,Medio,Sí,2,Bajo,Medio,Privado,Positiva,2,No,Universidad,Cercana,Hombre,67,2,2
21,70,Medio,Bajo,No,7,82,Alto,Sí,0,Alto,Alto,Público,Positiva,3,No,Instituto,Cercana,Mujer,65,2,4
23,62,Alto,Alto,Sí,9,54,Bajo,Sí,3,Bajo,Medio,Privado,Neutral,4,No,Instituto,Cercana,Hombre,65,2,1
30,99,Medio,Medio,Sí,6,57,Medio,Sí,0,Bajo,Medio,Público,Neutral,4,No,Postgrado,Cercana,Hombre,73,2,1
15,74,Medio,Medio,Sí,4,92,Bajo,Sí,1,Medio,Medio,Privado,Positiva,3,No,Postgrado,Cercana,Hombre,66,2,5
12,72,Bajo,Medio,Sí,6,60,Alto,Sí,0,Bajo,Medio,Público,Neutral,4,No,Postgrado,Cercana,Hombre,62,1,1
15,96,Medio,Alto,No,5,86,Medio,Sí,2,Alto,Medio,Privado,Positiva,2,No,Instituto,Cercana,Hombre,71,2,4
12,83,Medio,Alto,No,8,61,Medio,Sí,3,Alto,Medio,Público,Neutral,5,Sí,Instituto,Cercana,Hombre,66,2,2
28,69,Alto,Alto,Sí,7,54,Bajo,No,1,Bajo,Medio,Público,Neutral,2,No,Universidad,Lejana,Hombre,65,2,1
29,96,Medio,Alto,Sí,8,95,Medio,Sí,0,Alto,Medio,Privado,Positiva,2,No,Instituto,Cercana,Mujer,75,3,5
22,100,Alto,Medio,No,7,95,Medio,Sí,2,Bajo,Medio,Público,Positiva,4,No,Universidad,Cercana,Hombre,74,3,5
27,63,Medio,Bajo,Sí,7,80,Alto,Sí,1,Medio,Alto,Privado,Neutral,3,No,Instituto,Moderada,Hombre,65,2,4
21,94,Medio,Medio,No,7,73,Bajo,Sí,2,Bajo,Medio,Privado,Positiva,3,No,Postgrado,Cercana,Mujer,71,2,3
19,76,Alto,Bajo,Sí,9,78,Bajo,Sí,1,Bajo,Medio,Público,Negativa,1,No,Postgrado,Cercana,Mujer,65,2,3
18,81,Medio,Bajo,Sí,7,70,Alto,Sí,0,Bajo,Medio,Privado,Neutral,2,No,Universidad,Cercana,Hombre,65,2,2
18,97,Medio,Bajo,No,9,88,Medio,Sí,0,Bajo,Medio,Público,Neutral,4,No,Instituto,Moderada,Mujer,67,2,4
11,99,Medio,Bajo,Sí,9,88,Medio,Sí,2,Bajo,Medio,Público,Neutral,2,No,Instituto,Moderada,Hombre,67,2,4
22,70,Medio,Medio,No,7,91,Medio,Sí,2,Medio,Medio,Público,Positiva,1,No,Instituto,Cercana,Hombre,66,2,5
20,69,Alto,Medio,Sí,7,76,Alto,Sí,1,Medio,Medio,Público,Positiva,3,No,Instituto,Cercana,Mujer,67,2,3
24,63,Medio,Medio,No,6,90,Medio,No,2,Bajo,Medio,Privado,Neutral,5,No,Postgrado,Cercana,Mujer,66,2,5
21,82,Bajo,Alto,No,9,58,Medio,Sí,0,Medio,Medio,Público,Negativa,2,No,Instituto,Cercana,Hombre,65,2,1
19,61,Alto,Medio,Sí,6,52,Bajo,No,1,Bajo,Medio,Público,Neutral,3,No,Instituto,Lejana,Mujer,59,1,1
15,76,Alto,Alto,Sí,6,82,Medio,Sí,4,Bajo,Alto,Privado,Positiva,4,No,Instituto,Moderada,Mujer,69,2,4
20,63,Medio,Medio,No,7,55,Alto,Sí,2,Bajo,Alto,Público,Negativa,3,No,Instituto,Cercana,Hombre,63,1,1
24,76,Bajo,Medio,No,5,78,Alto,Sí,1,Medio,Medio,Privado,Neutral,4,Sí,Instituto,Moderada,Hombre,65,2,3
13,62,Medio,Bajo,No,6,86,Alto,Sí,2,Bajo,Medio,Público,Neutral,4,No,Instituto,Cercana,Hombre,61,1,4
21,93,Bajo,Medio,No,9,70,Medio,Sí,0,Medio,Alto,Público,Neutral,1,No,Postgrado,Lejana,Mujer,68,2,2
21,68,Medio,Alto,Sí,8,52,Medio,Sí,3,Bajo,Medio,Público,Neutral,2,No,Universidad,Moderada,Hombre,65,2,1
16,73,Bajo,Bajo,No,6,94,Medio,No,1,Bajo,Medio,Privado,Negativa,2,No,Universidad,Cercana,Mujer,61,1,5
16,95,Medio,Alto,Sí,8,52,Medio,Sí,0,Bajo,Medio,Privado,Positiva,3,No,Postgrado,Moderada,Hombre,69,2,1
21,90,Bajo,Medio,Sí,10,95,Alto,Sí,2,Alto,Alto,Privado,Neutral,4,No,Universidad,Cercana,Hombre,72,2,5
13,69,Medio,Bajo,Sí,7,53,Alto,No,2,Medio,Medio,Privado,Negativa,3,Sí,Instituto,Cercana,Mujer,59,1,1
22,63,Medio,Medio,No,9,87,Bajo,Sí,0,Alto,Alto,Público,Negativa,2,No,Universidad,Moderada,Mujer,63,1,4
15,89,Medio,Medio,Sí,8,96,Alto,Sí,3,Bajo,Alto,Público,Negativa,3,No,Instituto,Cercana,Hombre,69,2,5
26,76,Bajo,Bajo,No,7,95,Alto,Sí,1,Bajo,Alto,Público,Neutral,1,No,Postgrado,Cercana,Hombre,67,2,5
34,91,Bajo,Medio,No,7,95,Medio,No,1,Medio,Medio,Público,Negativa,3,Sí,Universidad,Moderada,Hombre,70,2,5
15,78,Medio,Alto,No,8,94,Alto,Sí,0,Bajo,Medio,Privado,Positiva,4,No,Postgrado,Moderada,Hombre,67,2,5
23,74,Medio,Medio,Sí,6,76,Medio,No,1,Bajo,Medio,Público,Positiva,2,No,Universidad,Cercana,Hombre,66,2,3
16,78,Medio,Medio,Sí,4,78,Medio,Sí,5,Alto,Medio,Público,Positiva,3,No,Instituto,Cercana,Mujer,68,2,3
26,90,Bajo,Alto,Sí,6,81,Medio,Sí,1,Bajo,Medio,Privado,Neutral,3,No,Postgrado,Cercana,Hombre,71,2,4
12,96,Alto,Medio,No,4,95,Medio,Sí,3,Medio,Medio,Privado,Neutral,0,Sí,Instituto,Cercana,Hombre,69,2,5
23,62,Alto,Medio,Sí,6,92,Bajo,Sí,0,Alto,Medio,Público,Neutral,2,No,Instituto,Moderada,Hombre,65,2,5
15,81,Medio,Medio,No,4,89,Alto,Sí,0,Bajo,Medio,Privado,Negativa,3,No,Postgrado,Cercana,Mujer,66,2,4
19,61,Medio,Alto,Sí,8,84,Alto,Sí,2,Medio,Alto,Público,Positiva,4,No,Instituto,Cercana,Hombre,66,2,4
14,79,Alto,Medio,No,5,81,Alto,Sí,3,Alto,Medio,Público,Negativa,3,No,Instituto,Cercana,Mujer,67,2,4
25,95,Alto,Medio,Sí,8,96,Bajo,Sí,1,Medio,Medio,Público,Neutral,4,No,Postgrado,Cercana,Hombre,74,3,5
15,74,Alto,Alto,No,8,60,Bajo,Sí,3,Bajo,Medio,Público,Positiva,5,No,Instituto,Moderada,Hombre,66,2,1
23,97,Medio,Alto,Sí,8,60,Medio,Sí,1,Medio,Alto,Público,Neutral,3,No,Universidad,Cercana,Hombre,72,2,1
18,85,Alto,Bajo,Sí,4,99,Alto,Sí,0,Bajo,Medio,Privado,Neutral,4,No,Universidad,Cercana,Hombre,69,2,5
19,97,Bajo,Alto,No,9,78,Medio,Sí,0,Medio,Medio,Privado,Negativa,4,No,Instituto,Moderada,Mujer,68,2,3
21,90,Medio,Alto,Sí,8,74,Medio,Sí,4,Bajo,Medio,Privado,Neutral,3,No,Instituto,Cercana,Hombre,71,2,3
15,64,Medio,Medio,No,8,93,Medio,Sí,0,Bajo,Medio,Público,Negativa,2,No,Instituto,Cercana,Mujer,61,1,5
21,69,Medio,Medio,Sí,10,92,Bajo,Sí,2,Bajo,Medio,Privado,Neutral,3,No,Instituto,Cercana,Hombre,65,2,5
29,76,Medio,Alto,Sí,8,59,Medio,Sí,4,Bajo,Alto,Público,Neutral,2,No,Postgrado,Cercana,Hombre,71,2,1
15,67,Bajo,Medio,Sí,5,59,Bajo,Sí,0,Bajo,Medio,Privado,Neutral,3,No,Instituto,Cercana,Hombre,59,1,1
27,80,Alto,Medio,No,8,90,Bajo,Sí,1,Medio,Alto,Público,Neutral,3,No,Postgrado,Cercana,Mujer,71,2,5
29,79,Medio,Alto,No,5,89,Medio,Sí,0,Alto,Alto,Público,Neutral,3,No,Postgrado,Cercana,Mujer,72,2,4
15,98,Alto,Alto,Sí,7,61,Medio,Sí,1,Bajo,Alto,Privado,Positiva,3,No,Universidad,Moderada,Mujer,71,2,2
11,77,Bajo,Bajo,Sí,6,92,Bajo,Sí,0,Bajo,Medio,Público,Neutral,5,No,Instituto,Cercana,Hombre,61,1,5
22,91,Medio,Medio,No,7,74,Medio,Sí,1,Medio,Medio,Privado,Negativa,2,Sí,Universidad,Moderada,Mujer,67,2,3
17,98,Medio,Medio,No,5,73,Bajo,Sí,0,Bajo,Alto,Público,Negativa,2,No,Universidad,Moderada,Hombre,67,2,3
31,95,Medio,Medio,No,5,99,Medio,Sí,1,Medio,Medio,Privado,Neutral,4,No,Instituto,Cercana,Mujer,74,3,5
20,68,Alto,Alto,No,6,76,Bajo,Sí,2,Medio,Medio,Público,Neutral,3,No,Instituto,Cercana,Mujer,66,2,3
15,80,Medio,Medio,Sí,7,57,Bajo,Sí,1,Bajo,Medio,Privado,Negativa,4,No,Instituto,Cercana,Hombre,63,1,1
13,74,Medio,Medio,No,6,64,Bajo,Sí,4,Alto,Alto,Privado,Neutral,3,Sí,Instituto,Cercana,Hombre,63,1,2
27,76,Alto,Alto,No,9,67,Medio,Sí,1,Bajo,Medio,Público,Positiva,4,No,Instituto,Lejana,Mujer,68,2,2
17,74,Medio,Bajo,Sí,8,98,Bajo,Sí,1,Alto,Alto,Público,Neutral,3,No,Instituto,Cercana,Mujer,65,2,5
20,93,Medio,Bajo,No,8,63,Medio,Sí,0,Bajo,Alto,Público,Negativa,3,No,Instituto,Moderada,Hombre,66,2,2
26,78,Medio,Medio,No,6,72,Medio,Sí,1,Bajo,Medio,Privado,Neutral,3,No,Instituto,Moderada,Mujer,67,2,3
17,81,Medio,Medio,No,5,87,Alto,Sí,0,Bajo,Alto,Privado,Neutral,2,No,Universidad,Cercana,Mujer,67,2,4
20,99,Medio,Bajo,Sí,7,64,Alto,Sí,0,Medio,Medio,Público,Positiva,4,No,Instituto,Cercana,Hombre,70,2,2
20,62,Bajo,Medio,Sí,10,85,Alto,Sí,5,Bajo,Medio,Privado,Neutral,4,No,Instituto,Cercana,Hombre,65,2,4
24,80,Medio,Medio,Sí,7,60,Medio,Sí,1,Alto,Alto,Público,Positiva,3,No,Instituto,Moderada,Mujer,68,2,1
24,91,Medio,Alto,Sí,9,62,Bajo,Sí,3,Bajo,Medio,Público,Negativa,4,No,Universidad,Moderada,Hombre,70,2,2
19,66,Alto,Bajo,No,9,99,Medio,Sí,1,Medio,Medio,Público,Positiva,3,No,Universidad,Cercana,Hombre,66,2,5
20,84,Alto,Medio,Sí,8,68,Medio,Sí,0,Bajo,Medio,Privado,Positiva,4,No,Postgrado,Cercana,Hombre,69,2,2
18,70,Medio,Medio,No,7,86,Medio,Sí,1,Alto,Medio,Público,Positiva,2,No,Instituto,Cercana,Mujer,65,2,4
11,95,Medio,Medio,Sí,6,92,Medio,No,2,Medio,Bajo,Público,Neutral,3,No,Postgrado,Moderada,Mujer,68,2,5
22,73,Bajo,Medio,Sí,7,67,Medio,Sí,3,Alto,Medio,Privado,Positiva,2,No,Instituto,Lejana,Hombre,65,2,2
31,73,Medio,Alto,Sí,6,68,Alto,Sí,1,Medio,Medio,Público,Positiva,3,No,Instituto,Cercana,Mujer,70,2,2
15,84,Bajo,Bajo,Sí,7,89,Alto,Sí,1,Bajo,Alto,Público,Neutral,3,No,Instituto,Cercana,Mujer,65,2,4
15,67,Alto,Medio,Sí,5,80,Alto,Sí,3,Medio,Alto,Público,Neutral,4,No,Universidad,Cercana,Hombre,67,2,4
15,71,Alto,Bajo,No,6,68,Bajo,No,5,Bajo,Medio,Público,Positiva,4,No,Universidad,Cercana,Mujer,64,1,2
24,77,Medio,Medio,No,8,87,Alto,Sí,2,Bajo,Medio,Público,Positiva,1,Sí,Postgrado,Moderada,Mujer,68,2,4
23,74,Medio,Alto,Sí,6,93,Medio,Sí,4,Alto,Medio,Privado,Neutral,3,No,Instituto,Cercana,Mujer,70,2,5
19,81,Bajo,Alto,Sí,6,62,Medio,No,1,Medio,Bajo,Público,Negativa,3,No,Instituto,Moderada,Mujer,64,1,2
14,84,Alto,Medio,No,6,51,Bajo,Sí,4,Alto,Medio,Público,Neutral,3,No,Instituto,Cercana,Hombre,67,2,1
21,83,Alto,Alto,No,7,64,Medio,Sí,2,Medio,Bajo,Privado,Neutral,2,No,Instituto,Cercana,Hombre,68,2,2
11,86,Medio,Medio,Sí,4,84,Medio,Sí,5,Bajo,Alto,Público,Neutral,4,Sí,Instituto,Cercana,Hombre,67,2,4
21,72,Medio,Bajo,Sí,6,96,Bajo,Sí,4,Alto,Medio,Público,Positiva,2,Sí,Universidad,Moderada,Mujer,66,2,5
25,65,Medio,Alto,Sí,8,93,Bajo,No,2,Medio,Medio,Público,Negativa,3,No,Universidad,Moderada,Mujer,66,2,5
12,90,Medio,Bajo,Sí,7,61,Medio,Sí,2,Bajo,Alto,Privado,Positiva,2,No,Instituto,Cercana,Hombre,66,2,2
11,94,Bajo,Bajo,Sí,8,94,Medio,Sí,2,Bajo,Medio,Público,Positiva,2,No,Universidad,Cercana,Hombre,67,2,5
29,70,Medio,Medio,Sí,4,91,Bajo,Sí,2,Bajo,Medio,Público,Positiva,3,No,Universidad,Cercana,Hombre,69,2,5
16,76,Bajo,Medio,No,6,87,Medio,Sí,3,Bajo,Medio,Privado,Neutral,4,No,Universidad,Cercana,Mujer,65,2,4
27,80,Bajo,Bajo,Sí,7,84,Bajo,Sí,4,Bajo,Medio,Público,Positiva,3,No,Universidad,Moderada,Hombre,68,2,4
19,81,Bajo,Alto,No,8,90,Medio,Sí,2,Bajo,Medio,Privado,Neutral,3,No,Instituto,Cercana,Mujer,67,2,5
19,86,Medio,Medio,Sí,9,93,Bajo,Sí,1,Bajo,Alto,Público,Positiva,3,No,Universidad,Cercana,Hombre,69,2,5
23,62,Medio,Medio,No,8,91,Alto,No,3,Alto,Bajo,Público,Neutral,3,No,Instituto,Moderada,Hombre,64,1,5
15,89,Medio,Medio,No,6,56,Bajo,Sí,2,Medio,Medio,Público,Positiva,4,No,Universidad,Cercana,Hombre,67,2,1
21,62,Alto,Medio,No,6,86,Medio,Sí,2,Medio,Alto,Privado,Positiva,4,No,Instituto,Cercana,Mujer,67,2,4
18,79,Medio,Alto,No,9,92,Bajo,Sí,1,Bajo,Medio,Privado,Neutral,3,No,Universidad,Cercana,Hombre,67,2,5
12,93,Medio,Alto,No,6,59,Medio,Sí,2,Bajo,Medio,Privado,Positiva,3,No,Instituto,Moderada,Mujer,67,2,1
22,78,Medio,Alto,Sí,5,61,Bajo,Sí,2,Bajo,Medio,Público,Neutral,4,No,Universidad,Cercana,Hombre,68,2,2
18,66,Medio,Medio,Sí,7,89,Alto,Sí,4,Bajo,Medio,Público,Positiva,3,Sí,Instituto,Cercana,Hombre,65,2,4
19,99,Bajo,Alto,No,9,67,Bajo,Sí,3,Alto,Medio,Público,Neutral,1,No,Universidad,Moderada,Hombre,70,2,2
13,96,Medio,Medio,No,6,70,Medio,Sí,1,Bajo,Alto,Público,Neutral,3,No,Universidad,Cercana,Mujer,68,2,2
30,91,Alto,Bajo,Sí,6,69,Medio,Sí,2,Medio,Alto,Público,Negativa,4,No,Instituto,Moderada,Mujer,72,2,2
25,76,Medio,Alto,No,6,61,Medio,Sí,1,Medio,Medio,Público,Neutral,3,No,Postgrado,Lejana,Hombre,67,2,2
26,67,Alto,Bajo,Sí,8,97,Medio,Sí,2,Medio,Medio,Público,Neutral,0,No,Instituto,Moderada,Mujer,66,2,5
18,98,Bajo,Bajo,Sí,7,90,Bajo,Sí,0,Alto,Alto,Privado,Positiva,1,No,Instituto,Moderada,Hombre,68,2,5
10,81,Medio,Alto,No,8,63,Medio,Sí,1,Bajo,Bajo,Público,Neutral,2,No,Instituto,Cercana,Hombre,64,1,2
32,94,Medio,Alto,Sí,9,55,Alto,Sí,4,Medio,Medio,Privado,Positiva,2,Sí,Instituto,Cercana,Hombre,75,3,1
20,74,Alto,Bajo,Sí,5,69,Alto,Sí,1,Medio,Medio,Público,Positiva,4,No,Universidad,Moderada,Mujer,66,2,2
16,73,Alto,Alto,Sí,6,71,Medio,Sí,0,Bajo,Medio,Público,Positiva,4,No,Postgrado,Cercana,Hombre,67,2,3
23,99,Alto,Alto,No,6,50,Medio,No,1,Alto,Medio,Privado,Neutral,5,Sí,Instituto,Cercana,Hombre,71,2,1
27,81,Bajo,Alto,No,7,94,Bajo,Sí,0,Bajo,Medio,Público,Neutral,4,No,Universidad,Moderada,Hombre,68,2,5
20,66,Medio,Medio,Sí,8,93,Medio,Sí,2,Bajo,Alto,Público,Neutral,3,No,Instituto,Cercana,Hombre,65,2,5
28,69,Bajo,Alto,Sí,6,93,Bajo,Sí,0,Alto,Bajo,Público,Negativa,3,No,Universidad,Cercana,Hombre,67,2,5
26,79,Bajo,Alto,Sí,6,90,Bajo,No,0,Alto,Medio,Privado,Negativa,2,Sí,Universidad,Moderada,Hombre,66,2,5
14,62,Bajo,Medio,No,8,87,Medio,Sí,1,Medio,Medio,Público,Positiva,1,No,Instituto,Moderada,Hombre,60,1,4
16,79,Medio,Medio,No,8,82,Bajo,Sí,2,Bajo,Medio,Privado,Neutral,3,Sí,Postgrado,Moderada,Mujer,64,1,4
26,77,Medio,Medio,Sí,7,98,Bajo,Sí,0,Alto,Medio,Público,Neutral,1,No,Postgrado,Cercana,Hombre,69,2,5
4,91,Medio,Medio,No,4,86,Bajo,Sí,3,Bajo,Medio,Privado,Neutral,4,Sí,Universidad,Moderada,Hombre,64,1,4
19,74,Medio,Alto,No,9,82,Alto,Sí,2,Bajo,Medio,Privado,Neutral,3,No,Instituto,Moderada,Hombre,66,2,4
11,99,Alto,Medio,Sí,7,89,Alto,Sí,3,Bajo,Medio,Público,Positiva,3,No,Universidad,Cercana,Hombre,72,2,4
17,67,Bajo,Bajo,Sí,7,62,Medio,Sí,0,Bajo,Medio,Público,Positiva,4,No,Instituto,Moderada,Mujer,60,1,2
18,84,Bajo,Alto,Sí,6,98,Bajo,Sí,3,Medio,Medio,Público,Positiva,3,No,Instituto,Cercana,Hombre,69,2,5
18,64,Medio,Medio,Sí,6,51,Medio,Sí,2,Bajo,Medio,Público,Positiva,1,No,Instituto,Cercana,Mujer,62,1,1
17,89,Medio,Medio,Sí,6,82,Medio,Sí,3,Medio,Medio,Privado,Positiva,3,No,Universidad,Cercana,Mujer,70,2,4
13,100,Bajo,Bajo,Sí,4,54,Bajo,Sí,3,Bajo,Bajo,Público,Positiva,2,No,Instituto,Cercana,Mujer,65,2,1
34,93,Alto,Medio,Sí,6,93,Alto,Sí,2,Bajo,Alto,Público,Neutral,4,No,Instituto,Cercana,Hombre,77,3,5
31,82,Medio,Alto,Sí,5,98,Medio,Sí,0,Bajo,Bajo,Público,Neutral,3,No,Instituto,Cercana,Hombre,71,2,5
13,79,Medio,Alto,No,7,70,Alto,Sí,4,Bajo,Medio,Público,Positiva,3,Sí,Instituto,Cercana,Mujer,66,2,2
29,93,Medio,Medio,No,5,93,Medio,Sí,2,Bajo,Medio,Público,Positiva,3,No,Postgrado,Cercana,Mujer,74,3,5
18,97,Medio,Alto,No,8,67,Medio,Sí,1,Medio,Alto,Público,Neutral,3,No,Instituto,Cercana,Hombre,70,2,2
21,100,Medio,Medio,No,5,58,Medio,Sí,2,Medio,Medio,Privado,Neutral,2,No,Instituto,Moderada,Hombre,69,2,1
20,76,Medio,Medio,No,9,64,Bajo,Sí,2,Bajo,Medio,Público,Negativa,2,No,Universidad,Moderada,Hombre,64,1,2
16,100,Medio,Medio,Sí,8,65,Alto,Sí,1,Alto,Medio,Público,Positiva,2,Sí,Universidad,Moderada,Mujer,69,2,2
26,66,Alto,Alto,Sí,5,82,Medio,Sí,1,Bajo,Medio,Público,Neutral,3,No,Instituto,Cercana,Mujer,68,2,4
21,70,Medio,Bajo,Sí,7,90,Medio,No,1,Bajo,Medio,Público,Neutral,4,No,Instituto,Moderada,Hombre,63,1,5
17,64,Medio,Medio,Sí,6,60,Medio,Sí,1,Medio,Medio,Privado,Positiva,2,Sí,Instituto,Cercana,Hombre,61,1,1
12,71,Medio,Medio,No,8,54,Medio,Sí,0,Bajo,Bajo,Público,Positiva,5,No,Universidad,Cercana,Hombre,61,1,1
15,91,Medio,Bajo,Sí,10,61,Medio,Sí,0,Bajo,Alto,Público,Neutral,4,No,Instituto,Moderada,Hombre,65,2,2
10,94,Medio,Alto,No,9,65,Medio,Sí,3,Bajo,Bajo,Privado,Negativa,2,No,Instituto,Moderada,Mujer,65,2,2
20,91,Alto,Medio,Sí,6,64,Alto,Sí,0,Alto,Medio,Privado,Positiva,3,Sí,Instituto,Moderada,Mujer,69,2,2
13,85,Alto,Alto,Sí,7,61,Alto,Sí,3,Medio,Alto,Público,Positiva,2,No,Instituto,Moderada,Mujer,69,2,2
18,81,Bajo,Medio,No,9,73,Medio,Sí,1,Alto,Medio,Público,Negativa,2,No,Instituto,Cercana,Hombre,65,2,3
28,88,Bajo,Alto,Sí,8,93,Medio,Sí,3,Bajo,Medio,Público,Negativa,1,No,Postgrado,Moderada,Mujer,72,2,5
27,76,Alto,Alto,Sí,9,55,Medio,Sí,3,Bajo,Medio,Privado,Neutral,0,No,Instituto,Moderada,Mujer,69,2,1
20,94,Alto,Medio,Sí,8,93,Bajo,Sí,1,Medio,Medio,Público,Neutral,3,No,Universidad,Moderada,Mujer,71,2,5
19,87,Medio,Medio,Sí,7,75,Medio,Sí,2,Bajo,Bajo,Público,Negativa,3,No,Instituto,Moderada,Mujer,67,2,3
31,88,Medio,Alto,No,7,83,Medio,Sí,0,Bajo,Medio,Privado,Neutral,2,No,Instituto,Cercana,Hombre,72,2,4
23,81,Alto,Alto,No,5,91,Bajo,Sí,0,Alto,Alto,Público,Positiva,3,Sí,Instituto,Cercana,Mujer,70,2,5
18,95,Bajo,Medio,Sí,6,65,Alto,Sí,1,Bajo,Alto,Público,Negativa,3,No,Instituto,Cercana,Mujer,68,2,2
11,70,Medio,Medio,No,6,98,Medio,Sí,3,Alto,Medio,Privado,Neutral,4,No,Postgrado,Cercana,Mujer,66,2,5
22,75,Medio,Alto,No,6,54,Bajo,Sí,4,Bajo,Alto,Público,Positiva,4,No,Instituto,Cercana,Hombre,68,2,1
25,91,Alto,Bajo,Sí,7,76,Bajo,Sí,1,Bajo,Alto,Privado,Positiva,3,No,Universidad,Cercana,Mujer,71,2,3
16,80,Bajo,Medio,Sí,7,63,Alto,Sí,2,Bajo,Medio,Privado,Neutral,3,No,Instituto,Lejana,Hombre,63,1,2
22,96,Medio,Alto,No,7,70,Medio,No,2,Medio,Medio,Privado,Negativa,4,No,Universidad,Moderada,Hombre,70,2,2
18,74,Medio,Alto,No,8,72,Alto,Sí,1,Bajo,Alto,Público,Negativa,2,No,Universidad,Moderada,Hombre,65,2,3
19,75,Alto,Alto,Sí,6,96,Medio,Sí,2,Medio,Medio,Público,Positiva,4,No,Instituto,Cercana,Mujer,70,2,5
5,96,Medio,Bajo,Sí,8,72,Bajo,Sí,3,Medio,Medio,Público,Negativa,5,No,Instituto,Cercana,Hombre,65,2,3
19,79,Alto,Alto,Sí,9,85,Medio,Sí,0,Medio,Medio,Público,Positiva,2,No,Instituto,Moderada,Hombre,68,2,4
26,81,Alto,Medio,Sí,8,98,Bajo,Sí,1,Medio,Bajo,Privado,Neutral,2,Sí,Instituto,Cercana,Mujer,69,2,5
16,73,Medio,Medio,Sí,6,75,Alto,Sí,3,Medio,Medio,Público,Positiva,3,No,Instituto,Moderada,Mujer,66,2,3
20,71,Bajo,Medio,No,8,70,Medio,Sí,0,Medio,Alto,Privado,Neutral,3,No,Instituto,Lejana,Mujer,62,1,2
15,86,Medio,Alto,No,8,99,Alto,Sí,2,Medio,Medio,Público,Neutral,5,No,Instituto,Cercana,Hombre,70,2,5
22,65,Alto,Bajo,No,8,91,Medio,Sí,2,Alto,Medio,Público,Negativa,2,No,Universidad,Moderada,Mujer,65,2,5
19,95,Bajo,Alto,Sí,9,97,Bajo,Sí,0,Medio,Medio,Público,Neutral,2,No,Postgrado,Cercana,Hombre,71,2,5
14,91,Medio,Alto,Sí,8,70,Medio,Sí,2,Bajo,Medio,Privado,Neutral,0,No,Postgrado,Moderada,Hombre,68,2,2
28,68,Bajo,Bajo,Sí,9,85,Medio,Sí,0,Medio,Medio,Público,Negativa,3,No,Postgrado,Cercana,Hombre,65,2,4
26,88,Bajo,Alto,Sí,7,62,Alto,No,1,Alto,Alto,Privado,Positiva,2,No,Instituto,Cercana,Mujer,70,2,2
16,84,Medio,Alto,Sí,6,93,Medio,Sí,0,Alto,Medio,Público,Positiva,3,No,Instituto,Moderada,Hombre,69,2,5
23,67,Medio,Bajo,Sí,9,97,Medio,Sí,1,Medio,Medio,Privado,Positiva,3,No,Universidad,Moderada,Hombre,66,2,5
23,71,Medio,Medio,Sí,6,63,Bajo,Sí,1,Bajo,Alto,Público,Positiva,5,No,Instituto,Moderada,Hombre,66,2,2
24,76,Alto,Medio,No,10,55,Bajo,Sí,2,Bajo,Medio,Público,Positiva,4,No,Instituto,Cercana,Hombre,67,2,1
10,88,Bajo,Medio,No,9,60,Medio,Sí,1,Bajo,Medio,Público,Positiva,3,No,Instituto,Moderada,Mujer,63,1,1
26,86,Bajo,Alto,Sí,7,82,Medio,Sí,2,Bajo,Medio,Privado,Positiva,3,No,Instituto,Moderada,Mujer,70,2,4
17,81,Alto,Medio,No,9,64,Medio,Sí,0,Alto,Medio,Público,Positiva,3,Sí,Instituto,Lejana,Hombre,65,2,2
18,91,Medio,Alto,No,8,82,Medio,Sí,3,Medio,Medio,Privado,Positiva,2,No,Instituto,Moderada,Hombre,70,2,4
36,90,Medio,Alto,Sí,5,68,Bajo,Sí,1,Bajo,Alto,Público,Positiva,2,No,Instituto,Moderada,Hombre,74,3,2
22,85,Alto,Medio,Sí,6,96,Medio,Sí,0,Bajo,Medio,Público,Neutral,3,No,Instituto,Moderada,Mujer,69,2,5
18,91,Alto,Medio,No,7,73,Bajo,Sí,0,Bajo,Medio,Público,Negativa,4,No,Universidad,Cercana,Hombre,68,2,3
7,73,Medio,Medio,Sí,7,75,Medio,Sí,1,Alto,Alto,Privado,Positiva,3,No,Universidad,Cercana,Hombre,64,1,3
28,95,Alto,Medio,No,9,67,Bajo,Sí,2,Medio,Medio,Público,Neutral,3,No,Instituto,Cercana,Hombre,73,2,2
12,85,Medio,Medio,Sí,7,54,Medio,Sí,4,Bajo,Alto,Público,Positiva,3,No,Universidad,Moderada,Hombre,66,2,1
14,93,Medio,Bajo,Sí,5,75,Bajo,Sí,0,Medio,Alto,Público,Negativa,3,No,Instituto,Moderada,Hombre,65,2,3
18,82,Alto,Bajo,Sí,6,89,Alto,Sí,0,Medio,Medio,Privado,Positiva,1,Sí,Universidad,Moderada,Hombre,66,2,4
28,69,Medio,Bajo,No,8,98,Medio,Sí,0,Medio,Medio,Público,Positiva,5,No,Instituto,Cercana,Hombre,67,2,5
25,82,Medio,Alto,No,4,54,Medio,Sí,0,Medio,Medio,Público,Neutral,3,No,Instituto,Cercana,Hombre,67,2,1
19,75,Medio,Medio,Sí,5,90,Alto,Sí,0,Medio,Medio,Privado,Negativa,3,No,Postgrado,Cercana,Mujer,66,2,5
22,88,Medio,Bajo,Sí,6,63,Bajo,Sí,3,Bajo,Medio,Público,Positiva,3,No,Postgrado,Cercana,Hombre,69,2,2
16,79,Medio,Medio,Sí,8,91,Medio,Sí,4,Alto,Medio,Privado,Positiva,1,No,Postgrado,Cercana,Hombre,69,2,5
21,93,Medio,Bajo,No,7,67,Alto,Sí,2,Bajo,Medio,Público,Neutral,3,No,Universidad,Lejana,Mujer,68,2,2
20,87,Bajo,Bajo,No,8,56,Medio,No,1,Alto,Medio,Público,Negativa,1,No,Universidad,Cercana,Mujer,64,1,1
26,87,Medio,Medio,Sí,7,81,Medio,Sí,1,Alto,Medio,Público,Negativa,2,No,Instituto,Cercana,Hombre,70,2,4
26,69,Medio,Medio,No,7,95,Medio,Sí,1,Bajo,Medio,Público,Negativa,4,No,Postgrado,Cercana,Mujer,67,2,5
23,99,Bajo,Bajo,No,6,59,Medio,Sí,1,Medio,Medio,Público,Positiva,3,No,Instituto,Lejana,Hombre,68,2,1
18,94,Medio,Medio,Sí,8,51,Medio,Sí,0,Alto,Medio,Público,Positiva,3,Sí,Universidad,Moderada,Mujer,67,2,1
24,92,Alto,Medio,Sí,5,94,Bajo,Sí,1,Medio,Medio,Público,Neutral,2,No,Postgrado,Cercana,Mujer,73,2,5
19,73,Medio,Medio,Sí,7,85,Medio,Sí,1,Medio,Medio,Público,Neutral,3,No,Instituto,Lejana,Hombre,65,2,4
14,81,Medio,Alto,No,9,90,Medio,Sí,3,Alto,Alto,Público,Neutral,3,No,Postgrado,Cercana,Hombre,69,2,5
18,65,Medio,Medio,Sí,6,53,Medio,Sí,1,Medio,Medio,Privado,Positiva,3,Sí,Postgrado,Cercana,Hombre,63,1,1
21,82,Medio,Medio,No,5,95,Medio,Sí,3,Bajo,Bajo,Público,Positiva,4,No,Instituto,Cercana,Mujer,68,2,5
25,66,Medio,Alto,No,4,71,Alto,Sí,0,Medio,Medio,Público,Negativa,3,Sí,Instituto,Cercana,Mujer,64,1,3
19,82,Bajo,Alto,No,8,95,Medio,Sí,2,Bajo,Alto,Público,Neutral,4,Sí,Postgrado,Moderada,Mujer,68,2,5
13,86,Medio,Alto,Sí,8,53,Medio,Sí,2,Bajo,Alto,Público,Positiva,4,No,Instituto,Lejana,Hombre,66,2,1
20,76,Medio,Medio,No,6,94,Bajo,Sí,2,Bajo,Alto,Público,Neutral,3,Sí,Instituto,Moderada,Hombre,65,2,5
21,80,Medio,Medio,Sí,5,84,Bajo,Sí,4,Bajo,Medio,Privado,Neutral,2,No,Postgrado,Cercana,Mujer,69,2,4
21,95,Bajo,Medio,No,7,78,Alto,Sí,2,Bajo,Alto,Público,Neutral,2,Sí,Instituto,Cercana,Hombre,69,2,3
26,64,Bajo,Alto,Sí,9,53,Medio,No,2,Bajo,Alto,Público,Negativa,4,No,Universidad,Cercana,Hombre,64,1,1
26,92,Alto,Alto,No,5,84,Alto,Sí,0,Medio,Alto,Público,Neutral,2,No,Postgrado,Cercana,Hombre,74,3,4
16,67,Alto,Medio,No,9,80,Medio,Sí,1,Bajo,Alto,Público,Neutral,3,No,Instituto,Cercana,Mujer,64,1,4
16,61,Medio,Bajo,No,4,86,Medio,Sí,3,Medio,Alto,Público,Positiva,4,No,Instituto,Cercana,Mujer,63,1,4
14,67,Alto,Medio,Sí,5,86,Medio,No,0,Alto,Medio,Público,Positiva,4,No,Universidad,Moderada,Mujer,64,1,4
24,91,Medio,Medio,Sí,7,72,Medio,Sí,3,Medio,Alto,Público,Neutral,3,No,Instituto,Moderada,Hombre,71,2,3
29,76,Bajo,Alto,Sí,8,60,Medio,Sí,2,Medio,Medio,Público,Negativa,3,No,Instituto,Cercana,Mujer,68,2,1
18,95,Medio,Medio,Sí,9,96,Bajo,Sí,4,Medio,Medio,Público,Negativa,4,No,Universidad,Cercana,Mujer,72,2,5
19,81,Medio,Bajo,Sí,8,96,Alto,Sí,1,Bajo,Medio,Privado,Negativa,4,No,Postgrado,Cercana,Hombre,67,2,5
29,61,Medio,Alto,No,9,61,Medio,Sí,0,Bajo,Medio,Privado,Negativa,3,No,Instituto,Cercana,Hombre,64,1,2
23,89,Medio,Bajo,No,7,82,Medio,Sí,2,Alto,Alto,Público,Positiva,1,No,Universidad,Cercana,Hombre,70,2,4
23,64,Alto,Medio,Sí,6,60,Bajo,Sí,2,Medio,Medio,Público,Negativa,3,No,Universidad,Cercana,Mujer,65,2,1
13,92,Alto,Medio,No,9,93,Alto,Sí,2,Alto,Medio,Público,Negativa,2,No,Universidad,Moderada,Hombre,69,2,5
24,67,Alto,Medio,No,9,55,Alto,Sí,2,Bajo,Bajo,Público,Positiva,2,No,Universidad,Moderada,Hombre,65,2,1
14,74,Alto,Medio,No,8,100,Medio,Sí,1,Bajo,Medio,Público,Neutral,3,No,Universidad,Cercana,Hombre,66,2,5
13,90,Alto,Medio,No,8,81,Medio,Sí,0,Medio,Medio,Público,Positiva,3,No,Instituto,Moderada,Mujer,67,2,4
18,98,Medio,Bajo,No,9,51,Medio,Sí,1,Alto,Medio,Público,Neutral,4,No,Universidad,Cercana,Hombre,68,2,1
16,75,Medio,Medio,Sí,8,94,Medio,Sí,0,Medio,Medio,Privado,Positiva,3,No,Instituto,Moderada,Hombre,65,2,5
19,93,Medio,Medio,No,7,84,Alto,No,0,Medio,Bajo,Público,Neutral,2,No,Universidad,Cercana,Hombre,68,2,4
11,68,Medio,Alto,Sí,8,85,Alto,No,2,Medio,Medio,Público,Negativa,2,No,Universidad,Cercana,Hombre,63,1,4
26,92,Medio,Medio,No,8,64,Medio,Sí,1,Medio,Medio,Privado,Positiva,5,No,Instituto,Cercana,Hombre,71,2,2
27,86,Alto,Medio,No,8,67,Medio,Sí,1,Bajo,Medio,Público,Positiva,4,No,Universidad,Cercana,Hombre,71,2,2
8,68,Alto,Medio,Sí,7,96,Medio,Sí,2,Bajo,Alto,Público,Positiva,3,No,Postgrado,Cercana,Mujer,65,2,5
26,72,Medio,Bajo,No,8,82,Medio,Sí,2,Medio,Bajo,Público,Negativa,2,No,Postgrado,Lejana,Mujer,65,2,4
15,65,Medio,Bajo,Sí,8,51,Medio,Sí,1,Alto,Medio,Público,Positiva,3,No,Instituto,Moderada,Mujer,61,1,1
25,75,Alto,Alto,Sí,7,66,Bajo,Sí,0,Bajo,Alto,Público,Negativa,4,No,Instituto,Cercana,Hombre,68,2,2
20,68,Bajo,Medio,Sí,6,80,Bajo,Sí,4,Bajo,Medio,Privado,Neutral,4,No,Universidad,Cercana,Mujer,65,2,4
20,86,Bajo,Medio,No,9,57,Medio,Sí,0,Medio,Alto,Público,Positiva,4,No,Instituto,Moderada,Hombre,66,2,1
19,100,Alto,Bajo,Sí,5,55,Bajo,Sí,2,Bajo,Medio,Público,Positiva,4,No,Instituto,Moderada,Hombre,69,2,1
27,60,Alto,Alto,No,6,53,Bajo,Sí,3,Bajo,Bajo,Privado,Positiva,2,No,Instituto,Moderada,Mujer,65,2,1
13,82,Medio,Alto,No,7,82,Medio,Sí,1,Bajo,Bajo,Público,Positiva,3,No,Instituto,Cercana,Mujer,65,2,4
24,83,Alto,Medio,No,4,66,Alto,Sí,2,Medio,Alto,Privado,Positiva,4,Sí,Postgrado,Moderada,Hombre,70,2,2
27,97,Medio,Medio,No,9,69,Medio,Sí,1,Bajo,Medio,Privado,Neutral,2,No,Instituto,Moderada,Mujer,70,2,2
24,80,Medio,Medio,Sí,7,53,Medio,Sí,2,Bajo,Medio,Público,Positiva,4,Sí,Instituto,Cercana,Mujer,67,2,1
34,82,Medio,Alto,Sí,9,87,Alto,Sí,3,Bajo,Medio,Público,Positiva,4,No,Instituto,Cercana,Mujer,75,3,4
17,79,Bajo,Bajo,Sí,10,88,Bajo,Sí,3,Medio,Alto,Privado,Neutral,3,No,Instituto,Moderada,Mujer,65,2,4
26,71,Medio,Medio,Sí,7,91,Medio,No,2,Bajo,Medio,Privado,Neutral,3,No,Instituto,Moderada,Mujer,66,2,5
19,62,Alto,Medio,Sí,9,83,Alto,Sí,2,Medio,Medio,Público,Positiva,3,No,Universidad,Cercana,Hombre,67,2,4
27,76,Bajo,Medio,Sí,5,89,Bajo,Sí,0,Bajo,Medio,Privado,Positiva,4,No,Postgrado,Lejana,Hombre,67,2,4
20,62,Bajo,Medio,No,8,79,Alto,Sí,2,Bajo,Medio,Público,Positiva,1,No,Instituto,Cercana,Mujer,62,1,3
18,82,Medio,Medio,Sí,6,75,Medio,Sí,0,Bajo,Medio,Privado,Negativa,4,No,Universidad,Cercana,Hombre,66,2,3
28,72,Bajo,Alto,No,8,63,Bajo,Sí,1,Bajo,Alto,Público,Neutral,2,No,Instituto,Cercana,Hombre,66,2,2
17,81,Alto,Bajo,Sí,8,53,Alto,Sí,0,Medio,Medio,Público,Neutral,2,No,Instituto,Lejana,Hombre,64,1,1
12,65,Bajo,Medio,No,7,65,Medio,Sí,2,Medio,Medio,Público,Neutral,2,No,Instituto,Cercana,Hombre,60,1,2
17,97,Medio,Medio,Sí,8,84,Medio,No,3,Bajo,Bajo,Privado,Neutral,3,No,Postgrado,Cercana,Mujer,70,2,4
24,96,Medio,Medio,No,8,96,Medio,Sí,2,Bajo,Bajo,Público,Positiva,3,No,Universidad,Cercana,Mujer,72,2,5
28,68,Alto,Medio,Sí,7,63,Medio,Sí,0,Bajo,Alto,Público,Negativa,2,No,Universidad,Cercana,Hombre,67,2,2
21,74,Medio,Alto,Sí,10,83,Bajo,Sí,1,Alto,Medio,Público,Neutral,3,No,Instituto,Moderada,Mujer,67,2,4
28,85,Medio,Medio,Sí,7,74,Medio,Sí,1,Medio,Alto,Público,Positiva,3,No,Postgrado,Cercana,Mujer,72,2,3
12,64,Alto,Alto,Sí,9,81,Medio,No,1,Alto,Alto,Público,Neutral,3,No,Instituto,Moderada,Hombre,63,1,4
17,74,Bajo,Medio,No,9,50,Medio,Sí,0,Bajo,Alto,Público,Negativa,2,No,Instituto,Lejana,Mujer,60,1,1
18,70,Medio,Medio,Sí,4,56,Medio,Sí,1,Alto,Alto,Público,Neutral,4,No,Instituto,Cercana,Hombre,65,2,1
19,97,Alto,Medio,Sí,9,61,Alto,Sí,2,Medio,Alto,Público,Neutral,1,No,Postgrado,Moderada,Hombre,72,2,2
21,94,Medio,Alto,No,9,95,Bajo,Sí,0,Medio,Alto,Privado,Negativa,3,No,Instituto,Cercana,Hombre,70,2,5
24,83,Alto,Medio,Sí,7,52,Alto,Sí,1,Medio,Alto,Público,Positiva,4,No,Universidad,Cercana,Mujer,71,2,1
17,81,Bajo,Medio,Sí,8,78,Bajo,Sí,1,Bajo,Alto,Privado,Positiva,4,No,Universidad,Moderada,Hombre,66,2,3
21,97,Bajo,Medio,Sí,8,96,Alto,Sí,2,Bajo,Alto,Público,Positiva,4,No,Universidad,Moderada,Mujer,72,2,5
20,97,Bajo,Medio,Sí,9,83,Alto,Sí,3,Medio,Alto,Público,Positiva,3,No,Postgrado,Cercana,Mujer,73,2,4
14,99,Alto,Medio,Sí,6,74,Medio,Sí,2,Medio,Medio,Público,Neutral,3,No,Universidad,Cercana,Hombre,71,2,3
19,65,Alto,Bajo,No,9,69,Medio,Sí,4,Bajo,Alto,Público,Neutral,2,No,Universidad,Lejana,Hombre,64,1,2
19,66,Medio,Alto,Sí,5,81,Medio,Sí,1,Alto,Medio,Privado,Positiva,3,No,Universidad,Moderada,Hombre,66,2,4
19,87,Medio,Medio,No,4,74,Alto,Sí,1,Alto,Medio,Público,Positiva,3,No,Universidad,Cercana,Hombre,69,2,3
20,82,Bajo,Medio,No,8,85,Bajo,Sí,1,Medio,Alto,Privado,Neutral,3,Sí,Postgrado,Cercana,Mujer,66,2,4
20,61,Medio,Alto,No,9,81,Medio,Sí,0,Alto,Alto,Público,Neutral,2,Sí,Instituto,Cercana,Hombre,63,1,4
17,62,Medio,Medio,Sí,7,78,Medio,Sí,0,Medio,Alto,Público,Negativa,3,No,Instituto,Cercana,Hombre,62,1,3
28,96,Alto,Bajo,Sí,4,98,Alto,Sí,1,Alto,Alto,Público,Positiva,3,No,Instituto,Cercana,Hombre,98,5,5
13,95,Alto,Alto,Sí,5,92,Bajo,Sí,1,Medio,Medio,Privado,Positiva,2,No,Universidad,Cercana,Mujer,71,2,5
16,74,Alto,Medio,No,8,80,Medio,Sí,0,Bajo,Medio,Público,Positiva,4,No,Postgrado,Cercana,Mujer,66,2,4
37,96,Medio,Medio,No,7,77,Medio,Sí,2,Medio,Medio,Público,Positiva,3,No,Instituto,Moderada,Mujer,75,3,3
14,84,Alto,Medio,Sí,9,86,Alto,Sí,1,Bajo,Medio,Privado,Positiva,4,No,Instituto,Cercana,Mujer,68,2,4
12,92,Alto,Medio,No,7,90,Medio,Sí,2,Medio,Alto,Público,Negativa,5,No,Instituto,Cercana,Hombre,69,2,5
24,77,Medio,Bajo,Sí,6,65,Alto,Sí,2,Medio,Alto,Privado,Positiva,3,No,Instituto,Cercana,Hombre,68,2,2
8,65,Medio,Medio,No,7,83,Bajo,Sí,3,Medio,Medio,Público,Negativa,4,No,Instituto,Cercana,Mujer,60,1,4
19,77,Medio,Bajo,No,9,57,Bajo,Sí,4,Medio,Medio,Público,Neutral,3,Sí,Instituto,Cercana,Mujer,64,1,1
33,78,Medio,Medio,No,9,72,Medio,Sí,4,Medio,Medio,Público,Positiva,3,No,Instituto,Moderada,Hombre,71,2,3
11,82,Alto,Alto,No,7,97,Bajo,Sí,2,Alto,Medio,Público,Positiva,3,No,Universidad,Cercana,Hombre,69,2,5
8,64,Medio,Medio,Sí,7,66,Medio,Sí,1,Bajo,Medio,Privado,Positiva,3,No,Universidad,Cercana,Hombre,60,1,2
11,100,Alto,Alto,Sí,8,58,Alto,Sí,1,Bajo,Medio,Privado,Positiva,3,No,Universidad,Cercana,Mujer,70,2,1
25,70,Bajo,Medio,Sí,6,57,Medio,Sí,4,Medio,Medio,Privado,Neutral,3,No,Instituto,Cercana,Hombre,66,2,1
27,68,Alto,Medio,No,8,70,Alto,Sí,0,Medio,Medio,Privado,Positiva,3,No,Postgrado,Cercana,Hombre,68,2,2
17,81,Alto,Bajo,No,7,61,Medio,Sí,2,Alto,Medio,Público,Positiva,2,No,Universidad,Cercana,Mujer,67,2,2
24,81,Medio,Medio,Sí,7,71,Alto,Sí,1,Medio,Alto,Público,Neutral,3,No,Universidad,Cercana,Hombre,70,2,3
28,78,Alto,Medio,Sí,7,86,Bajo,Sí,0,Bajo,Alto,Público,Neutral,2,No,Universidad,Moderada,Hombre,69,2,4
31,91,Medio,Alto,Sí,7,94,Alto,Sí,2,Alto,Alto,Público,Negativa,3,No,Instituto,Lejana,Hombre,75,3,5
19,81,Medio,Bajo,Sí,10,56,Bajo,Sí,1,Medio,Alto,Público,Positiva,3,No,Instituto,Cercana,Hombre,65,2,1
6,84,Medio,Medio,Sí,6,88,Medio,Sí,1,Bajo,Medio,Privado,Positiva,5,No,Postgrado,Moderada,Hombre,65,2,4
15,89,Medio,Bajo,No,6,55,Medio,Sí,1,Medio,Medio,Público,Positiva,4,No,Postgrado,Moderada,Hombre,66,2,1
17,61,Alto,Medio,Sí,9,69,Alto,Sí,1,Medio,Alto,Público,Positiva,3,No,Instituto,Lejana,Hombre,64,1,2
18,83,Bajo,Medio,No,8,100,Medio,Sí,1,Bajo,Alto,Privado,Negativa,2,No,Instituto,Cercana,Mujer,66,2,5
19,95,Medio,Alto,Sí,8,53,Medio,Sí,3,Bajo,Medio,Público,Positiva,1,No,Instituto,Moderada,Mujer,70,2,1
27,61,Alto,Bajo,No,5,51,Alto,Sí,1,Bajo,Medio,Privado,Positiva,1,No,Universidad,Lejana,Hombre,63,1,1
28,76,Bajo,Bajo,No,7,67,Alto,Sí,1,Alto,Bajo,Público,Negativa,4,No,Universidad,Cercana,Hombre,66,2,2
19,97,Bajo,Medio,Sí,8,98,Bajo,Sí,1,Medio,Medio,Público,Positiva,3,No,Universidad,Cercana,Mujer,71,2,5
27,74,Medio,Alto,No,6,51,Alto,Sí,2,Medio,Medio,Privado,Positiva,4,No,Instituto,Lejana,Hombre,68,2,1
22,78,Medio,Medio,Sí,8,61,Medio,Sí,2,Alto,Medio,Público,Positiva,5,No,Instituto,Moderada,Hombre,68,2,2
20,99,Bajo,Medio,No,7,80,Alto,Sí,0,Medio,Alto,Público,Negativa,3,No,Postgrado,Cercana,Hombre,71,2,4
25,68,Bajo,Medio,No,6,62,Bajo,Sí,1,Bajo,Alto,Privado,Negativa,4,No,Universidad,Moderada,Mujer,63,1,2
20,63,Bajo,Bajo,No,9,53,Bajo,Sí,1,Medio,Medio,Público,Positiva,4,No,Instituto,Cercana,Hombre,60,1,1
32,94,Medio,Alto,Sí,9,53,Medio,Sí,1,Medio,Medio,Público,Neutral,3,No,Instituto,Cercana,Mujer,73,2,1
11,95,Medio,Medio,Sí,7,78,Bajo,Sí,4,Medio,Medio,Privado,Negativa,4,No,Instituto,Cercana,Mujer,68,2,3
17,79,Alto,Alto,Sí,8,78,Medio,Sí,2,Alto,Medio,Público,Positiva,5,No,Instituto,Cercana,Mujer,70,2,3
19,81,Medio,Medio,Sí,9,85,Medio,Sí,1,Bajo,Medio,Público,Neutral,1,No,Instituto,Moderada,Hombre,66,2,4
23,93,Alto,Medio,No,6,57,Medio,Sí,1,Alto,Medio,Público,Positiva,2,No,Postgrado,Cercana,Mujer,72,2,1
28,90,Alto,Bajo,Sí,8,75,Medio,Sí,1,Bajo,Alto,Público,Neutral,3,Sí,Instituto,Moderada,Hombre,70,2,3
20,71,Alto,Alto,Sí,6,80,Medio,Sí,2,Alto,Bajo,Público,Positiva,3,No,Instituto,Cercana,Hombre,68,2,4
11,61,Medio,Medio,Sí,5,61,Medio,Sí,3,Medio,Alto,Público,Neutral,0,Sí,Postgrado,Cercana,Hombre,60,1,2
25,79,Alto,Medio,No,6,77,Bajo,No,2,Bajo,Alto,Público,Neutral,3,No,Instituto,Cercana,Hombre,68,2,3
25,94,Alto,Alto,No,5,85,Alto,Sí,1,Medio,Medio,Público,Neutral,2,No,Universidad,Cercana,Mujer,74,3,4
8,96,Medio,Medio,Sí,8,100,Alto,Sí,1,Alto,Medio,Público,Negativa,4,No,Instituto,Moderada,Hombre,68,2,5
20,98,Bajo,Medio,Sí,6,80,Bajo,Sí,4,Medio,Medio,Público,Positiva,4,No,Universidad,Cercana,Hombre,72,2,4
10,95,Medio,Alto,Sí,5,93,Alto,Sí,0,Bajo,Alto,Público,Positiva,3,No,Instituto,Moderada,Hombre,69,2,5
16,83,Bajo,Medio,Sí,8,92,Bajo,Sí,2,Alto,Alto,Público,Positiva,4,No,Postgrado,Cercana,Mujer,98,5,5
15,78,Medio,Alto,No,8,97,Medio,Sí,1,Medio,Medio,Público,Neutral,4,No,Postgrado,Cercana,Hombre,68,2,5
25,91,Medio,Bajo,No,7,86,Medio,Sí,0,Medio,Medio,Público,Neutral,5,No,Instituto,Cercana,Mujer,70,2,4
21,90,Medio,Medio,No,8,61,Medio,Sí,1,Alto,Medio,Público,Positiva,4,No,Postgrado,Moderada,Mujer,69,2,2
12,82,Alto,Bajo,No,6,65,Bajo,Sí,3,Medio,Medio,Privado,Negativa,3,No,Instituto,Cercana,Mujer,64,1,2
25,63,Medio,Bajo,No,6,89,Alto,Sí,1,Medio,Alto,Privado,Neutral,4,No,Instituto,Moderada,Hombre,65,2,4
11,97,Medio,Medio,No,8,76,Alto,Sí,2,Medio,Alto,Público,Positiva,2,No,Instituto,Moderada,Mujer,69,2,3
22,78,Medio,Bajo,No,9,63,Alto,Sí,2,Medio,Alto,Público,Neutral,4,No,Instituto,Cercana,Hombre,67,2,2
15,75,Medio,Alto,No,6,83,Bajo,Sí,1,Alto,Medio,Privado,Negativa,2,No,Instituto,Cercana,Mujer,65,2,4
18,85,Medio,Alto,Sí,6,95,Alto,Sí,2,Bajo,Bajo,Privado,Positiva,4,No,Universidad,Cercana,Mujer,70,2,5
23,87,Alto,Bajo,No,8,68,Medio,Sí,0,Alto,Alto,Privado,Neutral,3,No,Universidad,Lejana,Hombre,68,2,2
23,68,Medio,Medio,Sí,8,80,Medio,Sí,1,Medio,Bajo,Público,Neutral,1,No,Instituto,Cercana,Mujer,65,2,4
28,93,Medio,Medio,No,7,79,Alto,Sí,0,Medio,Medio,Público,Positiva,4,No,Postgrado,Cercana,Hombre,74,3,3
20,72,Medio,Medio,Sí,9,56,Medio,Sí,4,Alto,Medio,Público,Negativa,2,No,Instituto,Cercana,Hombre,65,2,1
22,67,Alto,Alto,Sí,10,55,Medio,Sí,1,Bajo,Medio,Público,Positiva,2,No,Instituto,Moderada,Hombre,65,2,1
17,76,Alto,Medio,Sí,8,94,Medio,Sí,3,Medio,Medio,Público,Neutral,4,No,Instituto,Moderada,Mujer,68,2,5
21,89,Medio,Medio,No,6,97,Medio,No,1,Bajo,Medio,Privado,Negativa,3,No,Postgrado,Lejana,Mujer,68,2,5
23,99,Medio,Medio,No,8,95,Alto,Sí,5,Medio,Medio,Público,Neutral,4,No,Instituto,Moderada,Mujer,74,3,5
19,92,Alto,Medio,No,6,70,Alto,Sí,2,Medio,Medio,Privado,Negativa,3,No,Instituto,Cercana,Mujer,71,2,2
9,98,Alto,Medio,Sí,9,64,Medio,Sí,1,Bajo,Medio,Privado,Negativa,3,No,Instituto,Cercana,Hombre,67,2,2
22,66,Medio,Medio,Sí,6,97,Bajo,Sí,0,Alto,Bajo,Público,Neutral,3,No,Instituto,Moderada,Mujer,64,1,5
22,63,Bajo,Bajo,Sí,7,94,Medio,Sí,0,Medio,Medio,Público,Negativa,3,Sí,Instituto,Lejana,Hombre,61,1,5
16,82,Medio,Medio,No,6,91,Medio,Sí,0,Bajo,Medio,Público,Positiva,3,No,Instituto,Cercana,Mujer,66,2,5
12,72,Medio,Medio,No,7,67,Bajo,Sí,0,Bajo,Medio,Público,Positiva,2,No,Instituto,Cercana,Mujer,61,1,2
29,93,Medio,Alto,No,7,82,Medio,Sí,5,Bajo,Medio,Público,Negativa,3,No,Instituto,Moderada,Hombre,73,2,4
23,87,Bajo,Medio,No,8,88,Alto,Sí,2,Medio,Alto,Público,Neutral,3,No,Instituto,Cercana,Hombre,70,2,4
19,99,Bajo,Medio,No,7,79,Medio,Sí,2,Bajo,Medio,Privado,Neutral,2,No,Postgrado,Cercana,Hombre,70,2,3
13,70,Medio,Bajo,Sí,7,80,Alto,Sí,1,Alto,Medio,Público,Positiva,4,No,Universidad,Lejana,Mujer,63,1,4
15,79,Alto,Medio,Sí,6,88,Medio,Sí,3,Alto,Medio,Público,Neutral,3,No,Postgrado,Moderada,Hombre,69,2,4
28,80,Alto,Alto,No,7,88,Medio,Sí,2,Alto,Medio,Público,Negativa,2,No,Instituto,Cercana,Hombre,72,2,4
21,70,Medio,Alto,Sí,5,62,Medio,Sí,2,Bajo,Alto,Público,Neutral,2,No,Instituto,Cercana,Mujer,66,2,2
17,84,Alto,Alto,No,9,70,Medio,Sí,1,Alto,Medio,Público,Negativa,4,No,Instituto,Cercana,Hombre,68,2,2
23,78,Medio,Alto,No,7,89,Medio,Sí,1,Medio,Bajo,Público,Neutral,3,No,Instituto,Lejana,Hombre,67,2,4
15,78,Medio,Alto,Sí,9,63,Medio,No,2,Medio,Medio,Privado,Positiva,3,No,Postgrado,Lejana,Mujer,65,2,2
29,75,Bajo,Medio,Sí,7,96,Bajo,Sí,2,Bajo,Medio,Público,Positiva,3,No,Instituto,Moderada,Hombre,68,2,5
28,61,Alto,Medio,Sí,4,92,Bajo,Sí,1,Medio,Alto,Privado,Neutral,4,No,Universidad,Cercana,Mujer,68,2,5
17,81,Alto,Medio,No,6,95,Alto,Sí,2,Medio,Medio,Privado,Positiva,3,No,Instituto,Cercana,Hombre,69,2,5
16,73,Alto,Alto,Sí,7,65,Bajo,Sí,1,Medio,Medio,Privado,Positiva,4,No,Universidad,Moderada,Hombre,66,2,2
4,60,Medio,Medio,Sí,7,55,Medio,Sí,2,Bajo,Medio,Privado,Neutral,2,No,Postgrado,Cercana,Hombre,58,1,1
11,72,Alto,Bajo,No,8,55,Alto,Sí,0,Medio,Bajo,Público,Neutral,3,Sí,Universidad,Cercana,Hombre,60,1,1
12,71,Alto,Alto,Sí,7,78,Alto,Sí,3,Bajo,Medio,Público,Positiva,4,No,Universidad,Moderada,Mujer,67,2,3
21,76,Medio,Medio,Sí,6,65,Bajo,Sí,2,Bajo,Alto,Público,Negativa,2,No,Instituto,Cercana,Mujer,65,2,2
18,65,Alto,Medio,Sí,6,63,Alto,Sí,1,Bajo,Medio,Público,Negativa,2,No,Instituto,Lejana,Hombre,62,1,2
12,80,Medio,Alto,Sí,6,61,Medio,Sí,0,Alto,Alto,Privado,Neutral,2,No,Instituto,Cercana,Hombre,65,2,2
18,88,Alto,Alto,No,8,78,Medio,Sí,0,Medio,Medio,Público,Neutral,2,No,Universidad,Moderada,Hombre,69,2,3
23,85,Bajo,Alto,No,8,77,Medio,Sí,0,Alto,Medio,Público,Positiva,4,No,Universidad,Cercana,Hombre,70,2,3
23,92,Bajo,Alto,Sí,6,71,Alto,Sí,2,Bajo,Medio,Público,Positiva,2,No,Instituto,Moderada,Hombre,70,2,3
9,78,Alto,Medio,No,9,57,Bajo,Sí,1,Bajo,Alto,Público,Positiva,5,No,Instituto,Moderada,Mujer,63,1,1
19,81,Bajo,Medio,Sí,8,96,Alto,Sí,0,Medio,Alto,Público,Neutral,4,No,Postgrado,Cercana,Hombre,69,2,5
12,92,Bajo,Medio,No,6,71,Bajo,Sí,0,Medio,Alto,Privado,Negativa,4,No,Instituto,Cercana,Hombre,64,1,3
25,77,Medio,Alto,No,7,56,Medio,Sí,1,Bajo,Medio,Público,Positiva,3,No,Postgrado,Cercana,Hombre,69,2,1
25,88,Alto,Medio,Sí,8,52,Bajo,Sí,1,Medio,Medio,Público,Positiva,2,No,Instituto,Cercana,Hombre,70,2,1
15,77,Medio,Medio,Sí,5,58,Medio,Sí,1,Bajo,Medio,Público,Positiva,3,No,Universidad,Moderada,Mujer,64,1,1
15,77,Alto,Medio,Sí,5,65,Bajo,No,2,Bajo,Medio,Público,Positiva,4,Sí,Postgrado,Cercana,Hombre,65,2,2
17,90,Alto,Medio,No,8,82,Medio,Sí,0,Medio,Alto,Público,Neutral,4,No,Universidad,Cercana,Hombre,70,2,4
6,67,Medio,Bajo,Sí,6,99,Bajo,Sí,0,Medio,Medio,Privado,Neutral,2,No,Universidad,Cercana,Hombre,60,1,5
22,74,Medio,Alto,Sí,9,64,Alto,Sí,3,Medio,Medio,Público,Neutral,3,No,Instituto,Cercana,Mujer,68,2,2
18,69,Bajo,Bajo,Sí,10,89,Bajo,Sí,2,Bajo,Alto,Público,Neutral,1,Sí,Instituto,Moderada,Hombre,61,1,4
26,74,Medio,Bajo,Sí,8,96,Medio,Sí,2,Medio,Alto,Privado,Neutral,3,No,Instituto,Cercana,Mujer,68,2,5
13,69,Medio,Bajo,No,8,70,Medio,Sí,1,Alto,Alto,Privado,Neutral,3,No,Instituto,Moderada,Hombre,61,1,2
16,83,Bajo,Medio,No,5,63,Bajo,Sí,2,Alto,Medio,Privado,Positiva,3,Sí,Instituto,Moderada,Mujer,64,1,2
11,92,Medio,Medio,No,5,75,Medio,Sí,2,Medio,Medio,Público,Negativa,3,No,Instituto,Cercana,Mujer,66,2,3
14,91,Medio,Medio,Sí,7,95,Medio,Sí,2,Alto,Alto,Público,Positiva,2,No,Instituto,Moderada,Hombre,70,2,5
13,75,Alto,Alto,Sí,5,51,Medio,Sí,3,Medio,Medio,Privado,Negativa,3,No,Instituto,Cercana,Mujer,65,2,1
26,100,Medio,Alto,Sí,7,74,Alto,Sí,1,Medio,Medio,Público,Neutral,2,No,Instituto,Cercana,Mujer,74,3,3
16,84,Alto,Alto,No,6,88,Bajo,Sí,1,Medio,Medio,Privado,Negativa,1,Sí,Instituto,Cercana,Hombre,66,2,4
21,76,Bajo,Medio,Sí,7,80,Alto,Sí,3,Bajo,Medio,Público,Negativa,2,Sí,Universidad,Cercana,Hombre,65,2,4
18,93,Bajo,Alto,No,7,75,Alto,Sí,1,Alto,Medio,Privado,Positiva,1,No,Universidad,Moderada,Mujer,69,2,3
12,89,Medio,Alto,Sí,8,78,Bajo,Sí,4,Bajo,Medio,Público,Neutral,5,No,Postgrado,Cercana,Mujer,69,2,3
19,90,Bajo,Alto,No,7,81,Medio,Sí,2,Medio,Medio,Privado,Positiva,2,No,Instituto,Cercana,Mujer,69,2,4
24,68,Alto,Bajo,No,6,84,Medio,Sí,1,Bajo,Alto,Público,Positiva,4,No,Instituto,Cercana,Mujer,66,2,4
13,79,Medio,Bajo,No,5,68,Medio,No,2,Alto,Medio,Privado,Positiva,3,No,Instituto,Cercana,Mujer,63,1,2
25,94,Medio,Bajo,Sí,7,76,Medio,Sí,1,Bajo,Alto,Privado,Neutral,2,Sí,Instituto,Moderada,Mujer,69,2,3
15,80,Medio,Alto,Sí,4,64,Medio,Sí,1,Medio,Medio,Público,Neutral,1,No,Instituto,Cercana,Hombre,65,2,2
17,87,Medio,Medio,No,9,99,Medio,Sí,1,Medio,Bajo,Privado,Neutral,3,No,Instituto,Moderada,Hombre,67,2,5
23,84,Medio,Medio,No,8,59,Bajo,Sí,1,Bajo,Alto,Público,Positiva,4,Sí,Postgrado,Lejana,Mujer,66,2,1
16,94,Bajo,Medio,Sí,8,58,Medio,Sí,2,Bajo,Medio,Público,Positiva,3,Sí,Universidad,Cercana,Hombre,67,2,1
20,71,Bajo,Alto,Sí,6,63,Alto,Sí,1,Bajo,Medio,Público,Positiva,2,No,Universidad,Moderada,Hombre,65,2,2
18,83,Medio,Alto,No,8,96,Bajo,Sí,0,Medio,Alto,Público,Positiva,4,Sí,Postgrado,Cercana,Mujer,69,2,5
21,65,Bajo,Alto,No,6,83,Medio,Sí,3,Bajo,Alto,Público,Neutral,5,No,Instituto,Cercana,Hombre,65,2,4
6,88,Alto,Alto,Sí,7,73,Medio,Sí,3,Bajo,Medio,Privado,Neutral,3,No,Universidad,Cercana,Hombre,67,2,3
9,89,Medio,Medio,Sí,6,96,Medio,Sí,0,Alto,Bajo,Público,Negativa,4,No,Instituto,Cercana,Hombre,66,2,5
24,62,Bajo,Medio,No,7,95,Medio,Sí,1,Alto,Bajo,Público,Positiva,3,No,Universidad,Lejana,Mujer,64,1,5
26,87,Medio,Alto,No,5,70,Bajo,Sí,1,Bajo,Medio,Privado,Positiva,2,No,Instituto,Cercana,Mujer,70,2,2
15,77,Medio,Alto,Sí,7,78,Medio,Sí,0,Bajo,Alto,Público,Neutral,3,No,Instituto,Moderada,Hombre,65,2,3
19,65,Bajo,Medio,Sí,5,95,Medio,Sí,2,Medio,Alto,Privado,Neutral,4,No,Universidad,Cercana,Hombre,65,2,5
22,77,Bajo,Bajo,No,10,66,Medio,Sí,2,Bajo,Medio,Público,Positiva,3,No,Universidad,Moderada,Hombre,64,1,2
24,68,Medio,Bajo,Sí,7,70,Bajo,Sí,1,Bajo,Bajo,Público,Neutral,3,No,Universidad,Cercana,Hombre,64,1,2
8,77,Medio,Bajo,Sí,7,90,Bajo,Sí,1,Medio,Medio,Público,Neutral,0,No,Instituto,Moderada,Hombre,61,1,5
15,75,Alto,Medio,No,8,85,Medio,Sí,1,Bajo,Alto,Público,Neutral,3,No,Instituto,Cercana,Hombre,65,2,4
18,90,Alto,Medio,Sí,5,52,Bajo,Sí,5,Medio,Medio,Privado,Positiva,3,Sí,Instituto,Moderada,Hombre,68,2,1
24,91,Bajo,Alto,Sí,6,56,Medio,Sí,1,Bajo,Alto,Público,Positiva,2,No,Universidad,Moderada,Hombre,70,2,1
35,84,Bajo,Medio,Sí,8,92,Alto,Sí,6,Bajo,Alto,Público,Negativa,4,No,Instituto,Moderada,Hombre,74,3,5
19,61,Medio,Medio,No,7,51,Bajo,Sí,1,Bajo,Alto,Público,Neutral,1,No,Instituto,Cercana,Mujer,60,1,1
12,97,Alto,Bajo,Sí,6,96,Medio,Sí,2,Bajo,Alto,Público,Positiva,2,No,Postgrado,Cercana,Mujer,71,2,5
22,87,Alto,Alto,Sí,8,64,Medio,No,2,Medio,Alto,Público,Negativa,3,No,Instituto,Moderada,Mujer,70,2,2
28,61,Bajo,Medio,Sí,7,80,Bajo,Sí,2,Medio,Medio,Público,Positiva,4,No,Postgrado,Cercana,Mujer,67,2,4
21,93,Medio,Medio,Sí,8,78,Medio,No,0,Bajo,Medio,Privado,Neutral,3,No,Instituto,Cercana,Hombre,68,2,3
15,68,Alto,Medio,No,8,70,Medio,Sí,3,Medio,Alto,Público,Negativa,3,No,Instituto,Cercana,Mujer,64,1,2
26,83,Alto,Bajo,No,6,52,Medio,Sí,0,Bajo,Alto,Público,Negativa,3,No,Instituto,Cercana,Hombre,67,2,1
24,79,Bajo,Bajo,No,7,60,Bajo,Sí,0,Bajo,Alto,Público,Neutral,3,No,Postgrado,Cercana,Mujer,65,2,1
14,77,Medio,Medio,Sí,4,81,Bajo,Sí,3,Medio,Medio,Privado,Neutral,3,No,Universidad,Cercana,Mujer,66,2,4
22,96,Medio,Medio,Sí,6,72,Bajo,Sí,1,Alto,Medio,Público,Positiva,4,No,Universidad,Cercana,Mujer,72,2,3
26,77,Bajo,Medio,Sí,7,71,Alto,Sí,3,Alto,Medio,Público,Neutral,3,No,Instituto,Cercana,Mujer,69,2,3
27,63,Medio,Medio,Sí,8,55,Bajo,Sí,1,Medio,Medio,Privado,Neutral,3,No,Postgrado,Cercana,Mujer,65,2,1
20,98,Bajo,Alto,Sí,8,67,Medio,Sí,0,Alto,Medio,Público,Positiva,3,No,Instituto,Cercana,Mujer,71,2,2
18,97,Alto,Alto,Sí,6,76,Medio,Sí,0,Medio,Alto,Público,Neutral,5,No,Instituto,Moderada,Hombre,72,2,3
27,87,Alto,Medio,No,6,54,Medio,Sí,0,Medio,Medio,Privado,Positiva,2,No,Instituto,Cercana,Mujer,70,2,1
13,79,Alto,Medio,No,9,53,Medio,No,1,Medio,Medio,Privado,Positiva,2,No,Universidad,Moderada,Hombre,63,1,1
23,64,Medio,Medio,No,7,75,Medio,Sí,2,Medio,Alto,Público,Positiva,2,No,Instituto,Cercana,Mujer,66,2,3
12,92,Bajo,Bajo,Sí,7,78,Alto,Sí,3,Medio,Alto,Público,Negativa,2,No,Universidad,Cercana,Hombre,67,2,3
26,63,Medio,Alto,No,8,63,Bajo,Sí,1,Alto,Alto,Público,Neutral,3,No,Postgrado,Cercana,Hombre,67,2,2
18,63,Medio,Medio,Sí,7,66,Bajo,Sí,2,Medio,Medio,Privado,Negativa,2,No,Universidad,Cercana,Mujer,62,1,2
28,81,Medio,Alto,Sí,7,90,Alto,Sí,3,Medio,Medio,Privado,Negativa,3,No,Instituto,Moderada,Hombre,72,2,5
23,66,Medio,Alto,Sí,7,93,Alto,Sí,1,Alto,Alto,Público,Positiva,1,No,Instituto,Cercana,Mujer,69,2,5
13,60,Medio,Medio,Sí,6,66,Medio,Sí,1,Medio,Alto,Público,Positiva,5,Sí,Universidad,Moderada,Hombre,61,1,2
29,77,Medio,Bajo,Sí,7,68,Alto,Sí,1,Medio,Medio,Público,Positiva,3,No,Instituto,Lejana,Mujer,67,2,2
29,65,Bajo,Medio,Sí,4,92,Medio,No,0,Medio,Medio,Privado,Positiva,4,No,Instituto,Cercana,Mujer,66,2,5
25,66,Medio,Medio,Sí,6,99,Medio,Sí,2,Medio,Medio,Público,Positiva,3,No,Universidad,Cercana,Mujer,68,2,5
15,63,Medio,Alto,No,8,66,Alto,Sí,1,Bajo,Medio,Privado,Negativa,4,No,Universidad,Cercana,Hombre,62,1,2
18,68,Alto,Bajo,Sí,8,89,Medio,Sí,0,Medio,Bajo,Público,Negativa,3,No,Universidad,Lejana,Hombre,63,1,4
21,89,Medio,Medio,Sí,9,74,Alto,Sí,3,Bajo,Medio,Privado,Positiva,4,No,Instituto,Moderada,Mujer,70,2,3
16,92,Bajo,Alto,Sí,8,63,Medio,Sí,2,Bajo,Medio,Público,Neutral,4,No,Universidad,Moderada,Hombre,68,2,2
30,78,Medio,Alto,Sí,8,84,Medio,Sí,1,Alto,Bajo,Privado,Negativa,1,No,Universidad,Cercana,Hombre,71,2,4
21,80,Alto,Bajo,No,7,73,Medio,Sí,0,Medio,Bajo,Privado,Neutral,2,No,Instituto,Moderada,Mujer,65,2,3
4,61,Bajo,Alto,Sí,6,63,Medio,Sí,4,Medio,Medio,Público,Neutral,3,No,Instituto,Moderada,Hombre,59,1,2
22,63,Alto,Bajo,Sí,8,55,Medio,Sí,2,Medio,Medio,Privado,Neutral,4,No,Instituto,Cercana,Hombre,64,1,1
18,70,Medio,Alto,No,7,93,Medio,Sí,0,Medio,Alto,Público,Positiva,3,No,Universidad,Cercana,Hombre,67,2,5
20,82,Medio,Medio,No,6,94,Medio,Sí,3,Bajo,Medio,Privado,Positiva,2,No,Instituto,Cercana,Hombre,68,2,5
18,90,Alto,Alto,Sí,6,54,Bajo,Sí,1,Medio,Alto,Público,Negativa,3,No,Instituto,Cercana,Mujer,95,5,1
25,84,Medio,Medio,Sí,7,83,Alto,Sí,1,Bajo,Medio,Público,Positiva,3,No,Instituto,Moderada,Hombre,70,2,4
27,76,Medio,Medio,No,9,58,Medio,Sí,1,Medio,Medio,Público,Positiva,3,No,Universidad,Cercana,Mujer,68,2,1
22,65,Bajo,Medio,No,7,82,Medio,Sí,2,Medio,Alto,Público,Positiva,4,Sí,Universidad,Cercana,Hombre,65,2,4
18,91,Bajo,Medio,No,7,95,Medio,Sí,2,Bajo,Alto,Público,Positiva,2,No,Postgrado,Cercana,Hombre,70,2,5
20,75,Medio,Medio,No,8,63,Medio,Sí,4,Medio,Bajo,Público,Neutral,3,No,Postgrado,Cercana,Hombre,67,2,2
20,89,Medio,Alto,No,8,67,Medio,Sí,2,Bajo,Alto,Público,Neutral,2,Sí,Universidad,Cercana,Hombre,69,2,2
15,81,Medio,Alto,Sí,7,90,Alto,Sí,1,Bajo,Medio,Privado,Positiva,2,No,Postgrado,Lejana,Mujer,68,2,5
23,90,Alto,Alto,No,7,87,Alto,Sí,1,Bajo,Medio,Público,Neutral,2,No,Instituto,Cercana,Mujer,72,2,4
23,96,Medio,Alto,No,6,70,Medio,Sí,1,Medio,Medio,Público,Neutral,2,No,Instituto,Cercana,Hombre,71,2,2
29,97,Medio,Alto,Sí,9,92,Medio,Sí,2,Bajo,Medio,Público,Positiva,4,No,Instituto,Moderada,Mujer,75,3,5
28,81,Medio,Alto,No,6,96,Medio,Sí,0,Medio,Medio,Público,Neutral,2,No,Instituto,Cercana,Hombre,70,2,5
16,80,Medio,Medio,No,9,73,Medio,Sí,2,Medio,Medio,Privado,Negativa,4,No,Universidad,Cercana,Hombre,66,2,3
25,71,Medio,Alto,Sí,7,52,Alto,Sí,3,Bajo,Medio,Privado,Neutral,3,No,Instituto,Cercana,Hombre,67,2,1
14,97,Medio,Medio,Sí,7,75,Alto,Sí,1,Medio,Medio,Público,Positiva,4,No,Universidad,Cercana,Mujer,70,2,3
24,78,Alto,Alto,Sí,8,87,Medio,Sí,2,Medio,Medio,Público,Neutral,3,No,Instituto,Cercana,Hombre,71,2,4
17,65,Medio,Medio,No,6,61,Medio,Sí,5,Bajo,Medio,Público,Positiva,4,No,Instituto,Cercana,Mujer,64,1,2
14,77,Medio,Medio,No,8,55,Alto,Sí,2,Alto,Alto,Privado,Neutral,4,No,Instituto,Cercana,Hombre,65,2,1
22,65,Medio,Medio,Sí,7,64,Alto,Sí,1,Medio,Alto,Privado,Negativa,2,No,Instituto,Moderada,Hombre,64,1,2
4,80,Bajo,Medio,Sí,8,51,Medio,Sí,4,Medio,Alto,Público,Negativa,5,No,Instituto,Cercana,Hombre,62,1,1
9,82,Alto,Bajo,Sí,6,86,Medio,Sí,2,Bajo,Alto,Privado,Negativa,2,No,Universidad,Lejana,Mujer,64,1,4
19,74,Medio,Alto,Sí,6,57,Alto,Sí,1,Medio,Medio,Privado,Positiva,2,No,Instituto,Cercana,Mujer,66,2,1
20,63,Medio,Medio,Sí,4,86,Bajo,Sí,0,Alto,Medio,Público,Neutral,3,No,Universidad,Cercana,Hombre,64,1,4
18,98,Alto,Medio,Sí,6,62,Bajo,Sí,3,Medio,Alto,Público,Positiva,3,No,Instituto,Lejana,Mujer,71,2,2
11,91,Alto,Bajo,Sí,6,100,Bajo,Sí,4,Bajo,Medio,Público,Negativa,2,No,Postgrado,Cercana,Hombre,68,2,5
15,94,Medio,Medio,Sí,6,77,Bajo,Sí,3,Alto,Alto,Privado,Neutral,4,No,Universidad,Cercana,Mujer,70,2,3
22,75,Alto,Medio,No,7,52,Alto,Sí,0,Bajo,Medio,Privado,Neutral,3,No,Universidad,Cercana,Mujer,66,2,1
23,90,Medio,Medio,No,7,89,Bajo,Sí,2,Alto,Medio,Público,Positiva,4,No,Universidad,Moderada,Mujer,71,2,4
20,79,Medio,Medio,Sí,8,71,Medio,Sí,1,Medio,Alto,Público,Neutral,3,No,Universidad,Cercana,Mujer,68,2,3
27,68,Bajo,Bajo,Sí,8,80,Alto,Sí,3,Medio,Medio,Público,Positiva,4,Sí,Instituto,Cercana,Hombre,66,2,4
22,65,Bajo,Medio,No,8,98,Alto,Sí,4,Medio,Medio,Privado,Neutral,3,No,Instituto,Cercana,Mujer,66,2,5
16,74,Bajo,Alto,No,8,76,Medio,Sí,5,Bajo,Medio,Público,Negativa,3,No,Universidad,Moderada,Hombre,65,2,3
18,66,Medio,Medio,Sí,7,90,Medio,Sí,0,Medio,Medio,Público,Negativa,4,No,Postgrado,Cercana,Hombre,64,1,5
12,100,Bajo,Medio,Sí,7,65,Medio,Sí,1,Bajo,Medio,Privado,Positiva,2,No,Instituto,Cercana,Hombre,67,2,2
19,62,Medio,Medio,Sí,8,86,Bajo,Sí,1,Alto,Medio,Público,Positiva,3,No,Universidad,Cercana,Hombre,65,2,4
27,78,Medio,Medio,Sí,8,55,Bajo,Sí,3,Alto,Medio,Público,Neutral,2,No,Postgrado,Moderada,Hombre,69,2,1
24,78,Alto,Medio,Sí,5,95,Bajo,Sí,1,Bajo,Medio,Privado,Positiva,2,No,Universidad,Cercana,Hombre,69,2,5
28,72,Bajo,Medio,Sí,7,60,Medio,Sí,4,Alto,Medio,Público,Neutral,3,No,Postgrado,Cercana,Hombre,69,2,1
18,83,Medio,Alto,No,4,65,Bajo,Sí,3,Bajo,Medio,Público,Positiva,4,No,Universidad,Moderada,Hombre,68,2,2
28,66,Medio,Bajo,Sí,4,98,Medio,Sí,0,Medio,Alto,Público,Positiva,3,No,Instituto,Cercana,Mujer,67,2,5
19,91,Medio,Bajo,No,6,58,Alto,Sí,2,Bajo,Alto,Público,Positiva,3,No,Universidad,Moderada,Hombre,68,2,1
29,73,Bajo,Bajo,Sí,7,63,Medio,Sí,1,Bajo,Medio,Público,Negativa,4,No,Postgrado,Lejana,Mujer,65,2,2
20,84,Alto,Medio,Sí,6,79,Medio,Sí,3,Medio,Medio,Público,Negativa,3,No,Universidad,Moderada,Hombre,69,2,3
24,89,Medio,Bajo,No,4,99,Alto,Sí,1,Alto,Alto,Privado,Positiva,3,No,Postgrado,Cercana,Hombre,73,2,5
29,96,Alto,Medio,No,8,85,Bajo,Sí,3,Alto,Medio,Público,Neutral,3,No,Postgrado,Cercana,Hombre,76,3,4
19,93,Medio,Alto,Sí,6,56,Medio,Sí,0,Bajo,Alto,Privado,Negativa,3,No,Universidad,Cercana,Hombre,69,2,1
21,84,Alto,Bajo,Sí,8,87,Bajo,Sí,2,Alto,Medio,Público,Positiva,1,No,Postgrado,Lejana,Mujer,69,2,4
28,76,Medio,Medio,Sí,6,71,Medio,Sí,3,Bajo,Medio,Privado,Positiva,2,No,Instituto,Lejana,Mujer,68,2,3
19,80,Alto,Alto,Sí,6,100,Medio,Sí,1,Medio,Medio,Público,Positiva,3,No,Instituto,Cercana,Hombre,70,2,5
12,91,Medio,Bajo,Sí,8,81,Bajo,Sí,0,Bajo,Bajo,Público,Positiva,4,No,Instituto,Moderada,Hombre,64,1,4
33,95,Bajo,Bajo,Sí,6,77,Bajo,Sí,2,Alto,Alto,Privado,Positiva,3,No,Instituto,Moderada,Mujer,73,2,3
17,64,Medio,Medio,Sí,7,78,Alto,Sí,1,Medio,Medio,Público,Positiva,3,No,Instituto,Cercana,Hombre,64,1,3
21,75,Medio,Bajo,Sí,7,82,Medio,Sí,1,Medio,Medio,Público,Negativa,4,No,Instituto,Cercana,Hombre,65,2,4
27,91,Bajo,Alto,No,5,87,Medio,No,0,Medio,Medio,Público,Negativa,3,No,Instituto,Cercana,Mujer,69,2,4
16,77,Medio,Bajo,Sí,8,54,Medio,No,0,Medio,Medio,Público,Negativa,3,No,Postgrado,Cercana,Hombre,62,1,1
14,73,Alto,Medio,Sí,6,57,Alto,Sí,2,Medio,Medio,Público,Neutral,4,No,Instituto,Moderada,Mujer,64,1,1
22,76,Bajo,Alto,No,5,65,Bajo,Sí,0,Medio,Alto,Público,Neutral,3,No,Instituto,Lejana,Mujer,64,1,2
9,84,Medio,Medio,No,6,74,Medio,Sí,5,Alto,Medio,Público,Neutral,2,No,Instituto,Cercana,Hombre,67,2,3
18,100,Medio,Bajo,Sí,8,66,Alto,No,3,Bajo,Medio,Público,Negativa,3,No,Universidad,Cercana,Hombre,69,2,2
21,80,Medio,Bajo,Sí,5,61,Medio,Sí,2,Alto,Medio,Público,Positiva,3,No,Instituto,Cercana,Hombre,67,2,2
18,68,Bajo,Alto,No,8,96,Medio,Sí,1,Alto,Medio,Público,Neutral,3,No,Instituto,Moderada,Hombre,65,2,5
11,67,Medio,Alto,No,8,52,Alto,Sí,3,Alto,Alto,Público,Negativa,3,No,Universidad,Moderada,Mujer,63,1,1
30,62,Bajo,Bajo,Sí,7,97,Medio,Sí,0,Alto,Medio,Privado,Neutral,5,No,Universidad,Cercana,Mujer,66,2,5
21,82,Medio,Alto,No,7,95,Alto,Sí,1,Alto,Medio,Público,Negativa,3,No,Instituto,Cercana,Hombre,70,2,5
29,82,Medio,Alto,No,7,84,Bajo,Sí,1,Bajo,Medio,Privado,Positiva,2,No,Instituto,Cercana,Hombre,70,2,4
18,68,Alto,Alto,Sí,8,52,Alto,Sí,0,Alto,Alto,Público,Positiva,3,No,Universidad,Cercana,Hombre,67,2,1
15,88,Bajo,Medio,Sí,6,61,Medio,Sí,0,Alto,Medio,Público,Neutral,4,Sí,Postgrado,Lejana,Hombre,65,2,2
22,90,Bajo,Alto,No,5,99,Medio,Sí,1,Bajo,Bajo,Privado,Positiva,2,No,Universidad,Cercana,Mujer,70,2,5
19,70,Medio,Medio,Sí,7,95,Alto,No,0,Medio,Alto,Privado,Positiva,3,No,Universidad,Cercana,Mujer,66,2,5
13,74,Medio,Alto,Sí,8,98,Alto,Sí,1,Alto,Alto,Público,Negativa,2,No,Instituto,Cercana,Hombre,66,2,5
29,100,Medio,Bajo,Sí,8,100,Bajo,Sí,0,Bajo,Medio,Privado,Neutral,5,Sí,Instituto,Cercana,Hombre,72,2,5
16,75,Alto,Bajo,Sí,10,53,Alto,Sí,0,Bajo,Bajo,Público,Positiva,4,No,Universidad,Cercana,Mujer,64,1,1
9,90,Alto,Alto,Sí,7,79,Bajo,Sí,4,Alto,Alto,Público,Positiva,4,No,Instituto,Cercana,Hombre,70,2,3
28,78,Medio,Alto,No,7,92,Bajo,Sí,1,Medio,Alto,Público,Positiva,3,No,Postgrado,Moderada,Mujer,71,2,5
17,92,Medio,Medio,No,7,66,Bajo,Sí,2,Bajo,Medio,Público,Negativa,3,No,Instituto,Cercana,Hombre,66,2,2
16,91,Alto,Medio,Sí,6,72,Alto,Sí,0,Alto,Alto,Público,Negativa,2,No,Postgrado,Cercana,Mujer,70,2,3
9,87,Bajo,Medio,Sí,6,64,Medio,Sí,1,Alto,Medio,Público,Neutral,2,No,Instituto,Cercana,Mujer,64,1,2
30,94,Medio,Bajo,No,5,52,Bajo,No,3,Alto,Medio,Privado,Neutral,2,No,Postgrado,Moderada,Mujer,70,2,1
12,98,Medio,Bajo,Sí,4,54,Medio,Sí,2,Medio,Alto,Privado,Neutral,3,No,Instituto,Cercana,Mujer,67,2,1
20,83,Medio,Bajo,No,6,51,Bajo,Sí,2,Medio,Medio,Público,Neutral,4,No,Instituto,Moderada,Mujer,65,2,1
25,69,Alto,Medio,No,7,76,Medio,Sí,1,Alto,Medio,Público,Positiva,2,No,Instituto,Cercana,Mujer,68,2,3
23,76,Alto,Medio,No,8,81,Medio,Sí,3,Bajo,Alto,Público,Positiva,2,No,Instituto,Cercana,Mujer,69,2,4
20,90,Medio,Bajo,Sí,6,65,Bajo,Sí,3,Bajo,Medio,Público,Negativa,2,No,Postgrado,Cercana,Mujer,68,2,2
10,86,Alto,Alto,Sí,6,91,Alto,Sí,2,Bajo,Medio,Privado,Positiva,3,No,Instituto,Lejana,Mujer,68,2,5
15,67,Medio,Bajo,Sí,9,94,Medio,Sí,0,Medio,Medio,Público,Positiva,4,No,Postgrado,Cercana,Hombre,64,1,5
